rs754984,1.0
rs7525248,0.998839117153256
rs12569047,0.80367348543577
rs267738,0.999074706511561
rs6667900,0.99621909894791
rs237439,0.997104531723378
rs3950119,0.912805537289157
rs149607479,0.999887972366881
rs550717580,0.803556957677433
rs145937619,0.999846119210194
rs66515264,0.998899754896994
rs4147820,0.995153121995492
rs114827200,0.995139089420605
rs146883938,0.997487257689208
rs142260612,0.986068687919653
rs563349934,0.999713810569763
rs61822563,0.992811574820905
rs146506919,0.996929489161982
rs3747973,0.908483435138235
rs182878528,0.97048948409909
rs2970579,0.918198293932773
rs1663626,0.982408768617021
rs9435825,0.997674071198935
rs501457,0.966991906478207
rs55726780,0.988978368017811
rs72756157,0.999744919184746
rs12026331,0.998064650172792
rs10798615,0.937102280209099
rs61805076,0.971864927727279
rs4651135,0.939457497226501
rs548161919,0.99546906137878
rs12040264,0.803539766057391
rs113596305,0.994423782734416
rs4060115,0.95547904880752
rs142959135,0.957125812174261
rs60659886,0.999876819170424
rs576703050,0.999770549723579
rs7514450,0.961272237992842
rs115730757,1.0
rs550739417,0.999706568072009
rs6684677,0.989422639396843
rs1555290,0.999164234968588
rs4846914,0.980739979107851
rs10127775,0.946269954952759
rs1546954,0.80556908767426
rs12135414,0.999582996957701
rs544577091,0.966684443568571
rs7504,0.999929729942677
rs567665,0.895904988185742
rs6684217,0.990436590603546
rs77271869,0.999932098315817
rs4311894,0.936550152185057
rs4660808,0.957616556332841
rs3768321,0.999857699643459
rs568111,0.83693693476059
rs704775,0.985221030964609
rs61781290,0.996755319815038
rs41301070,0.999970818386853
rs2272272,0.997243253195748
rs11102001,0.994048529939545
rs2802929,0.99933295095028
rs34022603,1.0
rs112218560,0.997579529653025
rs17121835,0.974605681205097
rs571661844,0.998772797763531
rs10889335,0.912778041418164
rs4344355,0.974509358857788
rs2803245,0.984526414184978
rs6664374,0.987074916454159
rs543634524,0.999389356517735
rs583691,0.96319386276086
rs190141054,0.980738970140403
rs11883967,0.999273601859075
rs1135875,0.85116948101824
rs17679928,0.960424979115039
rs578164117,0.999740866993385
rs72853958,0.964976417092997
rs552344558,0.999272908095377
rs4599108,0.999776989583753
rs151009279,0.99765925697197
rs79460982,0.996133254370733
rs1446585,0.98931197321773
rs3769159,0.996092740699862
rs76610570,0.81060097375732
rs6709495,0.997228469047142
rs999549,0.969992070634361
rs113797803,0.99859412883604
rs1346623,0.806060034774355
rs77198935,0.999431930844293
rs74942105,0.834971970957131
rs189753012,0.998994217356618
rs74583969,0.936538348883507
rs57415181,0.999983053765746
rs7561278,1.0
rs4953619,0.8695658958822
rs78722278,0.980051265547045
rs35667974,0.999750476287046
rs62135453,0.997661092851686
rs2972144,0.869378171824827
rs16825766,1.0
rs17616642,0.992950101529695
rs13025584,0.992532019659475
rs41268657,0.998246274011446
rs1402698,1.0
rs13389219,0.998506665917332
rs79953491,0.99871380035487
rs1047883,0.998169929601321
rs59916403,0.998006012854029
rs59389004,0.999306549224674
rs10190834,0.850778699710828
rs79047930,0.978896737887794
rs34272434,0.914000723138691
rs13008014,0.88884238248272
rs2540951,0.983969303422552
rs12464651,0.831494718669218
rs1042034,0.999375453544974
rs676210,0.999773577043327
rs146050931,0.996269660606345
rs111872749,0.995647611241962
rs9647335,0.999716124386208
rs142233905,0.92395239395431
rs111450038,0.99523986576364
rs303848,0.99921348019393
rs79794910,0.997457491631198
rs140394812,0.979322525154492
rs3821445,1.0
rs144020571,0.996267805874157
rs538605239,0.996706581082862
rs816550,0.996075823915659
rs62285077,0.99872200361555
rs900399,0.998813899213664
rs2318370,0.973378586670109
rs11712863,0.963596711347394
rs739983,1.0
rs139853420,0.968167830877203
rs7626668,0.992647031254763
rs186720818,0.999787995719048
rs200745358,0.996888870553592
rs572701323,0.998298230529545
rs78924777,0.999481294928252
rs115714948,0.994004312098096
rs1948879,0.997690690924726
rs66816665,0.990365005324076
rs17280260,0.858500254555459
rs2049229,0.87670317401855
rs116779754,0.916127581799981
rs79187649,0.989475295094821
rs12485478,0.999841583407364
rs3103310,1.0
rs6800812,1.0
rs9839852,0.992017048193441
rs79563892,0.988264868436569
rs1086056,0.99974940337389
rs73873056,0.909848836006221
rs4974437,0.999718337331973
rs79983121,1.0
rs182825621,0.996615535875922
rs62257591,0.967585240028171
rs10513801,0.99942311130268
rs67059110,0.999430051991596
rs4241351,0.999382199192371
rs568600516,0.999332265753936
rs9838144,0.968513648329218
rs62253653,0.999957313434313
rs11720191,0.981998876983251
rs563391239,0.999869442229203
rs10490772,0.999492825128832
rs4437128,0.999865557392902
rs186499890,0.957620446879677
rs4637321,0.844344231272299
rs7430680,0.999007481685841
rs9814780,0.999467070188889
rs11926707,0.999943215235112
rs2276853,0.999820697528865
rs549788625,0.920596100383078
rs78691034,0.998853293158146
rs74735576,0.998638251010423
rs149957351,0.999460019391567
rs62261477,0.999806811042795
rs140154767,0.957810711929336
rs188146975,0.998436118441102
rs9845197,0.999394649512887
rs73118213,0.961711338209365
rs11719972,0.800516274161018
rs17663165,0.994559601728721
rs704299,0.99088255064377
rs73090625,0.967872073394585
rs7662156,0.983775618261406
rs4425336,0.995879504663403
rs4693981,0.982085904618516
rs188484952,0.999984606786424
rs7685250,0.993679421829661
rs976002,1.0
rs6830624,0.993938163302933
rs115725721,0.999757615166253
rs112656648,0.990965928696265
rs547953616,0.98982963220135
rs1789901,0.939309883119829
rs73243877,0.998717742043508
rs11933748,0.974237418825289
rs4692523,0.962139488926395
rs553854987,0.998696467327998
rs17334909,0.976471480796224
rs6531716,0.829934060924582
rs112519623,1.0
rs62327953,0.978965298319108
rs12648696,0.941027444871669
rs223389,0.999165183000363
rs150563893,0.995063183024898
rs17000622,0.857229590388439
rs553229242,0.997273129560589
rs2175766,0.998704801952996
rs2705616,0.999164094528261
rs3775228,0.921238508633539
rs2035403,0.999887018563943
rs28485892,1.0
rs78194430,0.845455332813622
rs3749748,0.994562415650394
rs12187762,0.999735512797742
rs1363100,0.995455678052438
rs325481,0.9970783149453
rs7725218,0.915741056841392
rs556354802,0.995100736866547
rs12516065,0.875346286520615
rs10077345,0.966217531001043
rs2964025,0.999408896786533
rs890793,1.0
rs543394724,0.983488296191939
rs62369502,0.992643412392494
rs254559,0.96816162366502
rs254558,0.996456997361632
rs10942768,0.98394019740038
rs190780492,0.997552588756303
rs187719260,0.876644329234545
rs1694068,0.996110939641761
rs565138469,0.999035955456736
rs285998,1.0
rs392794,0.992275855009207
rs28650790,0.949466895524102
rs17681081,0.988394769993173
rs6556405,1.0
rs634501,0.99999082909563
rs140033467,0.992959063325923
rs3733890,0.999295375125246
rs932589,0.958728911873377
rs549214009,0.936735204577512
rs2842895,0.997866021933588
rs35742417,0.999305923334748
rs408810,0.981692252893487
rs523555,0.996532941121212
rs13195251,0.999666292161294
rs989134,0.98037866172199
rs1624064,1.0
rs7763910,0.875743726047215
rs62437166,0.99871495677845
rs4371861,0.888989908229327
rs144721563,0.999762541068144
rs9471545,0.991525935613305
rs6939861,0.999574354460277
rs12196247,0.980792616641511
rs3777676,0.977958753023085
rs77019594,0.990731325433309
rs7766444,0.986652417338423
rs635769,0.99055887133535
rs9386764,0.982788426759397
rs412754,0.952266814948622
rs9320279,0.999080053620572
rs62428831,1.0
rs149889338,0.999642747040895
rs3798233,0.946010746398435
rs117732496,0.998125086030227
rs13206037,0.968260308628698
rs71560752,0.994280626735754
rs6458308,0.999044881455418
rs9471972,0.99557544335381
rs16891445,1.0
rs73014164,0.951753339757819
rs9365172,0.997586109690453
rs7753429,0.996586705037714
rs114760566,0.998821545297241
rs2744973,0.999757768031102
rs6457792,0.90610020987454
rs3823438,0.993482247314169
rs12194843,0.978659905431424
rs76257365,0.927187550575434
rs75967707,1.0
rs111284137,1.0
rs36184164,0.999899452148331
rs9394965,0.99255694466505
rs2494100,0.855324322653846
rs4711405,0.999952183189489
rs45617037,0.999398424703422
rs760783,0.999692212536395
rs4714068,0.994600873198463
rs10947686,0.967031207150407
rs11966019,1.0
rs571848809,0.973550132109493
rs191555775,0.970036779885365
rs41269133,0.999951742897079
rs9306,1.0
rs183892429,0.999907974423659
rs12534274,0.999631924572698
rs559501666,0.996932664491497
rs145334515,0.971069288117097
rs374006475,0.8922032451295
rs62466264,0.961588250461513
rs4410790,0.896324520500744
rs17138358,0.840995722744187
rs56287412,0.934862644513996
rs799157,0.934576999103269
rs55747707,0.901071901946892
rs2700892,0.999552674972507
rs6462666,0.984193186793733
rs6946266,0.909176966261071
rs10272295,0.998898679526446
rs117833525,0.99956086255029
rs2734895,0.986394520879842
rs80106374,0.999898325124206
rs200050314,0.998177019014486
rs7777383,0.990895325979814
rs11542349,0.998337995508736
rs2014315,0.99406690092081
rs2076881,0.896524820974009
rs4585645,0.999750080996088
rs35428152,0.853840217527336
rs186560290,0.999823442659153
rs13235365,0.99017839151733
rs145491977,1.0
rs12702510,0.930016334623839
rs79353214,0.999820872787529
rs61014091,0.985482865907333
rs7783857,0.946677044769321
rs576355189,1.0
rs1863011,0.985648723880032
rs2966628,0.991110313490973
rs4721064,0.839869440447017
rs55700285,0.999352292315922
rs10254616,0.913774308831058
rs532231757,0.974269862133091
rs11185603,0.995532895151181
rs78150353,0.98991293822618
rs6593030,0.824011527672461
rs547809447,0.989518001954061
rs183807676,0.893156097416044
rs6990903,0.99642572882765
rs17253604,0.99753444431935
rs1802539,0.897707067026909
rs77000714,0.999711748822521
rs11985475,0.989962433040713
rs112835856,0.983793227095215
rs567265131,0.970143754649446
rs13263821,0.909287597589902
rs6997547,0.867010211098246
rs1425604,0.905675090639249
rs144577293,0.998292249366285
rs2001844,0.959847323390453
rs4871622,0.871346497564838
rs28469864,0.999562953002272
rs12543799,0.864622819048504
rs2721938,0.991892118195437
rs7825139,0.99982447335007
rs7828742,0.976625994152078
rs62486442,0.99987901565537
rs12334589,0.998769328993675
rs4484728,0.938459962865139
rs17687300,0.999945309189037
rs17700720,0.973590368330308
rs13269725,0.980790049263611
rs6997726,0.980849077777327
rs1801177,0.999810213037663
rs6586892,0.933513817426557
rs78556007,0.870505941003537
rs10810374,0.999874487420937
rs76805724,0.976262020161337
rs7036107,0.999129551657732
rs62574668,0.989416424296946
rs41266681,0.994056493696108
rs117388901,0.85590753833978
rs1883023,0.900089354080244
rs7040440,0.862552261500804
rs7041363,0.999845712450056
rs535547240,0.999596540851692
rs549113231,0.982045760859513
rs535110274,0.958292636705743
rs2417125,0.985541338794238
rs532436,0.998438171755966
rs7848976,0.999107272739877
rs378740,0.996964233653907
rs10993946,0.997884319552354
rs76109311,0.998377591954926
rs77410955,0.999794694988459
rs72845194,0.902497572295567
rs11202154,0.85534237250706
rs11254464,0.997394092140184
rs12761922,0.997014365692368
rs2253904,0.947750017278729
rs17875327,0.998723255870368
rs11187225,0.945534899553904
rs12263369,0.998682283152182
rs2068888,0.975430922315696
rs1222925,0.999498005217336
rs7091291,1.0
rs72833967,0.99713117560511
rs117085208,0.898570770292383
rs2862954,0.934103649401795
rs2666252,0.920590558956588
rs143006512,0.991462635839737
rs1331315,0.904462966432178
rs34045894,0.997299218159449
rs149493562,0.997356883877061
rs12246131,0.954886333376158
rs12784396,0.999883017160539
rs61873510,0.997998861095295
rs11239571,0.997561742013148
rs61850862,0.99340622884912
rs192303729,0.998767866880326
rs143900399,0.849038647469991
rs7916868,0.965143958592082
rs181724679,0.997620067622261
rs2792751,0.992868561063273
rs7898213,0.851471224825611
rs79964399,0.999824614673595
rs4573621,0.988334198303138
rs56221558,0.982321001485863
rs11596676,0.997211628781252
rs12249459,0.984426927618413
rs7075934,1.0
rs6585209,0.981673703930087
rs10749151,0.957619347294136
rs11196592,0.997704791705979
rs773728638,0.998930944203931
rs4450131,0.885123499688824
rs11245482,0.999701540509755
rs61870346,0.999249042705592
rs12799680,0.936576170479405
rs117941339,0.999967173472795
rs17234808,0.987033029263608
rs326224,0.996647653284388
rs145420520,0.998830266876344
rs1052373,0.99820569221748
rs35184771,0.999036960760097
rs1227996,0.987371346580027
rs576558050,0.997692070263847
rs12146566,0.961345426097353
rs146799360,0.998097985117298
rs76989783,0.999821398844983
rs10770143,0.920453637687966
rs58833930,0.995202413601871
rs163184,0.999798266774565
rs8505,1.0
rs1564013,0.999932059795246
rs78153411,0.821518403677978
rs6589176,0.993750752164505
rs12360757,1.0
rs117084494,1.0
rs10896594,0.978380541369645
rs4939138,0.98723800617827
rs12794220,0.95330472272208
rs174567,0.990553734224889
rs174574,0.904075576673146
rs2727271,0.870079255915944
rs174576,0.915057900280404
rs259871,0.98399566055601
rs35927325,0.928911372077618
rs2923099,0.987089017785192
rs34821293,0.997727491460489
rs4909945,0.99970518877597
rs3135507,0.999999788547155
rs651821,0.996913279529244
rs116483940,0.949141950832334
rs3759041,0.9999266716097
rs6591179,0.999963803137947
rs648101,1.0
rs7121538,0.976829834904788
rs181439095,0.96443915219903
rs75567272,0.999939890062303
rs186233971,0.996400732645593
rs557974191,0.999716813385963
rs79124176,0.982461557495446
rs187574628,0.996275552537081
rs12288512,0.894977600382829
rs149343124,0.99092708330947
rs10750766,1.0
rs801741,0.980044860047295
rs801738,0.999375343662805
rs10896093,0.950426094983504
rs57893926,1.0
rs185460837,0.962608948402024
rs10791865,0.912677869218856
rs79100447,0.999990225721037
rs1791679,0.923932125183258
rs34469991,0.9981730088089
rs545776264,0.978881817970772
rs11216920,0.988123878301082
rs79157249,0.803293533731343
rs7936752,0.907349837018524
rs4603265,0.918429573505723
rs10838634,1.0
rs550916783,0.999959791678871
rs11607368,0.845819302525425
rs191858713,0.997324069849494
rs374182120,0.998607446028298
rs622082,0.999014007796766
rs2236654,0.963797560904082
rs626776,0.999538735994373
rs35760686,0.987852542074597
rs562568416,0.993050693278323
rs10790355,0.97609502759517
rs1622638,0.970585766978505
rs7124074,0.998749600762069
rs484934,0.983116858379388
rs58473820,0.912176154710956
rs10892888,0.93418073841338
rs10892916,0.984515548076399
rs1219539,0.982476195289292
rs1219550,0.866855301606088
rs7928391,0.996987328832465
rs77289643,0.99983429633712
rs75633460,0.97908163414854
rs55941206,0.99091764386772
rs12302615,0.9879905104403
rs10861661,0.941306732303465
rs564339261,0.999639542071561
rs75389068,0.996041147462823
rs117432684,0.999632721940985
rs11064008,0.983503466915145
rs11568287,0.939404971785144
rs4883201,0.999812300990925
rs4140911,0.999209171346012
rs574000951,0.999044035927308
rs7308864,0.955925675620315
rs7296044,0.997801434968516
rs113717156,0.864145224063229
rs73191841,0.999963316573173
rs139936355,0.999007437742396
rs112173928,0.995867556221783
rs140242317,0.999024539693054
rs552431601,0.96914133078299
rs7488780,0.999185496628369
rs7134150,0.999495358666886
rs233701,0.999741783296125
rs144611024,0.999307337506454
rs78304876,0.959647276777212
rs739744,0.997761081815805
rs7969023,1.0
rs6580931,0.997872585496233
rs10747660,0.894167208139831
rs182520456,0.999380738197839
rs7304860,0.854434357864649
rs148673155,0.996166027300973
rs4016338,0.960495449219122
rs841828,0.999822595725295
rs113397893,1.0
rs567895,0.929962852871043
rs7964492,0.998927409380916
rs3809114,0.948138187911912
rs117789735,0.999927719020102
rs2228226,0.897292903989224
rs138555178,0.83061168368921
rs111566142,0.999941266522482
rs187046492,0.92364582042679
rs799431,1.0
rs7298479,0.998471724335501
rs61918820,0.976509566967244
rs2270788,0.949771064384033
rs838495,0.803678871970702
rs5891,1.0
rs77145361,0.999918302092095
rs11615630,0.998887722963518
rs192012283,0.994868449157659
rs9549230,0.965851599024907
rs529625078,0.863174479848582
rs542320180,0.998263783693445
rs67311158,0.989460185190463
rs9535260,0.981064401948199
rs193054544,0.998439521457038
rs150493080,0.998937668082984
rs9596270,0.839707057314596
rs151218677,0.806530084779563
rs1955512,0.99766367220593
rs2179903,0.945165284656536
rs55811137,0.997826643270433
rs402223,0.956073326969786
rs8012224,0.99913133545686
rs872990,0.918589088723866
rs530754769,0.999443864676021
rs7142674,0.99542886632445
rs149305940,0.965042882518918
rs17782641,0.999613362280485
rs8016389,0.885364820610906
rs117953897,0.995591845545607
rs9646167,0.99685655893295
rs140625647,0.990303226236975
rs12887521,0.999677068491244
rs147294109,0.934612125024103
rs2494732,0.992059166964506
rs10144641,0.98795090334988
rs67583154,0.982363040279978
rs62641737,0.8705622000724
rs28624578,0.997286257219674
rs149340239,0.933274848707215
rs536057970,0.998324240057375
rs1135403,0.973946252602435
rs28364531,0.978148841095754
rs150844304,0.99992751331704
rs690604,0.999933409357936
rs139974673,0.92028425220894
rs147233090,0.951454086330945
rs557886,0.995695016908446
rs34675318,0.999889357694078
rs146600064,0.992361638837994
rs12904134,0.999168700570238
rs28362901,0.999776205752358
rs12441817,0.999306571030738
rs11635664,0.999899941671434
rs12909335,0.949704085538269
rs7170378,0.853551769403189
rs6083,0.996327642297556
rs12915952,0.918356100206036
rs17269439,0.997140262335933
rs11630503,0.958774834398167
rs145829831,0.847153883142855
rs571175559,0.997751952009434
rs12928974,0.989619868387117
rs7190782,0.99995662034458
rs9923544,1.0
rs72762705,0.98748957393456
rs12444801,0.968976494711725
rs6498540,0.854007024388012
rs11075253,0.973699718762318
rs137911841,0.824531703531888
rs555164926,0.99972466003983
rs374971797,0.878815222667113
rs3814883,0.999225489473488
rs11864149,0.903825613366004
rs66710707,0.95523155030863
rs8182218,0.938041595701391
rs58110576,0.989987056003064
rs113704872,0.901237860256662
rs8057577,0.991612028343267
rs12927428,0.999941636279249
rs58819426,0.89970958939941
rs9924686,0.914190431806893
rs55762054,0.992733592955515
rs192924187,0.979566236512977
rs540177207,0.999097293895737
rs61738491,0.997653539100891
rs4843745,0.997881279745243
rs12926107,0.99977796873197
rs62652228,0.984181253928817
rs870021,0.999636980693667
rs78398589,0.999960842590706
rs11076728,0.956885929023896
rs72810528,0.989428568525206
rs34056275,0.859721009284538
rs567851334,1.0
rs1864163,1.0
rs140824838,0.990308838082459
rs564053486,0.822050922272958
rs61745806,0.990361983199464
rs241776,0.999660110577097
rs3093724,0.999744080744544
rs12451001,0.996737277642096
rs1877031,0.9917656348241
rs3816470,0.957177777697157
rs12941884,0.850458135666164
rs11539071,0.994685152920838
rs191283001,0.942163328545247
rs144575559,0.973658052586806
rs1641510,0.998557980431269
rs7225959,0.969793763024735
rs2160725,0.996851029411545
rs3826429,0.997487866032556
rs34931250,1.0
rs2055797,0.944983493534745
rs12453279,0.978327129984478
rs197917,0.903327621549213
rs2066713,0.973187685805752
rs3110093,1.0
rs561089333,0.999931381684979
rs1476161,0.978102929618524
rs191651360,0.967441838898307
rs181341020,0.998057795846089
rs72820851,0.963854592476131
rs567057830,0.997922996240519
rs34138141,0.999506104213014
rs56157833,0.999580804014784
rs4072739,0.991374278963305
rs77028374,0.997579461462257
rs539795261,0.814947034562081
rs575566926,0.998526345936623
rs594398,0.99793499618202
rs113434721,0.825732609501314
rs560566960,0.999476750700702
rs78554005,0.998370739292552
rs1057040,0.998863876121054
rs8097576,0.838150970774499
rs7230502,0.95249604969914
rs72886800,0.990624462450659
rs143015228,0.999997075606332
rs140948080,0.904090651073865
rs190808332,0.997949359555043
rs1943680,1.0
rs78349695,0.999962169189786
rs1943977,0.999967664911558
rs62100627,0.999996841851241
rs17657001,0.999460734332382
rs55875737,0.859062831164568
rs77759734,0.997767120512554
rs144072074,0.935446158509179
rs12954782,0.991348835860714
rs2229616,1.0
rs662129,0.912442416259231
rs4802113,0.999536471446042
rs15052,0.999866149550284
rs12974048,0.911303745345635
rs8103434,1.0
rs3810291,0.959775178990916
rs77037420,0.990508634485307
rs2293424,0.999912046186777
rs200811514,0.99628243152443
rs7245642,0.997087772415369
rs10250,0.997439159902484
rs72978945,0.997981987657534
rs11673381,0.997748555845782
rs62647699,0.996174491641392
rs191720158,0.93011082483633
rs737337,0.999848609608305
rs2278426,0.999791374710173
rs762032776,0.999676636499382
rs2115107,0.999223515021349
rs10419866,0.999411538364834
rs56160221,0.998090253781475
rs561770008,0.999155625676093
rs4805881,0.999313786648338
rs3786920,0.888407961855429
rs430752,0.99903864304944
rs73041146,0.999138501939353
rs113752630,0.800354969327256
rs874296,0.996988157203316
rs10419198,0.928056824636235
rs12983784,0.945668030104525
rs576059832,0.994397528376053
rs2967605,0.805743957913188
rs721889,0.961358590336904
rs2560878,0.947660276977689
rs641738,0.99809164446958
rs73055442,0.995812126740985
rs759819,0.993655320045286
rs7412,0.999941774290487
rs1132899,0.99783616188042
rs4802269,1.0
rs12974366,0.999924609933043
rs34255979,0.968846496866663
rs34514836,0.956010188904695
rs571082449,0.999187789486849
rs1132274,0.999030862685931
rs6075234,0.992132491304171
rs6022194,1.0
rs73290096,0.996789543349285
rs12624640,0.977026037811774
rs4810041,0.830188418883267
rs4810479,0.996203212059385
rs73126793,0.989257748385694
rs73307913,0.988116915985199
rs11699481,0.999552096444661
rs74174994,0.997399258047391
rs6074025,0.999755020585654
rs150515497,1.0
rs867186,0.978956834622879
rs13037818,0.905857551416069
rs8124302,0.896207206563888
rs6090435,0.998105931373477
rs61395596,0.995079030928185
rs4809221,0.995912611488131
rs6011172,0.875479752025823
rs6062344,0.999497313146157
rs2297586,0.922559285390301
rs6018652,0.879885069484861
rs11907065,0.989406490040597
rs6094791,0.999932453291492
rs111783138,0.98779505246018
rs6063153,0.998463043515966
rs16996555,0.998020182763258
rs2426439,0.979648950183281
rs2026847,1.0
rs1153382,0.999893359520734
rs2823293,0.965349541778472
rs2236442,0.8951889238585
rs1051367,0.980312395894768
rs9977704,0.936351368412371
rs151294009,0.998823897479831
rs2256609,0.870676928258786
rs6006310,1.0
rs4820844,0.983325176001208
rs9608955,0.993181243674999
rs5750626,0.863706210511264
rs5750673,0.973273603352812
rs187528570,0.99882515314011
rs2069235,0.839906357170963
rs547575602,0.999635956125848
