rs2811975,1.0
rs61777309,1.0
rs6686249,1.0
rs2002968,1.0
rs76207570,1.0
rs1073926,1.0
rs72898950,0.9999999994283476
rs369598088,1.0
rs35655487,1.0
rs146105629,0.9999985646892204
rs631106,1.0
rs10889348,1.0
rs772075075,1.0
rs139065295,1.0
rs138511666,1.0
rs12138136,0.9999502532387142
rs11265099,0.9999999999996224
rs7517737,1.0
rs12024795,0.9961661735998862
rs7529073,1.0
rs12033783,1.0
rs3120619,1.0
rs11118610,0.9999999243607324
rs1335920,1.0
rs371497698,1.0
rs10127775,1.0
rs149481992,0.9694130766725898
rs2273967,0.999999999999892
rs4556939,1.0
rs75676246,1.0
rs676210,1.0
rs533617,1.0
rs188722,1.0
rs150235073,0.999924139838904
rs192381441,1.0
rs143650418,1.0
rs140492848,1.0
rs75438569,1.0
rs62140395,0.9999999999999872
rs4666032,1.0
rs17326656,1.0
rs150956277,1.0
rs11689222,1.0
rs116224672,1.0
rs781124199,1.0
rs145019050,1.0
rs954244,0.9999999999999876
rs58132852,1.0
rs114717351,1.0
rs1128249,1.0
rs7607980,1.0
rs4668313,1.0
rs184618930,1.0
rs6739509,1.0
rs6735914,1.0
rs368928933,1.0
rs563847050,1.0
rs143429805,1.0
rs58335745,1.0
rs12479355,1.0
rs7639927,1.0
rs17036342,1.0
rs12497643,1.0
rs3774323,1.0
rs17052058,1.0
rs10933,1.0
rs12106882,1.0
rs79983121,1.0
rs684773,1.0
rs1711161,1.0
rs200637074,1.0
rs9844972,1.0
rs56406311,0.9999999999999206
rs66733022,1.0
rs193247695,1.0
rs7631606,1.0
rs112882118,0.99692613123536
rs6813378,0.999999995804242
rs59950280,0.9910408037419128
rs13114620,1.0
rs1380295,1.0
rs12513287,1.0
rs11727127,1.0
rs188349355,0.9999708205982398
rs2870238,1.0
rs2035403,1.0
rs78194430,1.0
rs145339918,1.0
rs768878914,1.0
rs6836299,1.0
rs554479436,1.0
rs149313226,1.0
rs547113723,0.9999999999944632
rs558595087,1.0
rs9765458,1.0
rs464605,1.0
rs39836,0.9999999999983789
rs3936511,0.9930620486468842
rs6875209,1.0
rs112900789,1.0
rs7445125,0.9995968360307302
rs115912456,1.0
rs13354352,0.9999999999999972
rs1045242,0.9999970495988892
rs244737,1.0
rs154735,1.0
rs72801474,0.8809627042800999
rs111316676,1.0
rs112424890,1.0
rs201984751,1.0
rs256772,1.0
rs367647509,1.0
rs6882076,1.0
rs28872818,1.0
rs55834535,1.0
rs137861360,1.0
rs139082251,1.0
rs4714688,1.0
rs316125,1.0
rs7766634,1.0
rs572660446,1.0
rs112211350,1.0
rs139545852,1.0
rs10457478,1.0
rs576170138,1.0
rs4316017,1.0
rs567176072,1.0
rs577721086,1.0
rs7747439,1.0
rs10872407,0.9999999999999988
rs7349945,1.0
rs13217003,1.0
rs12208357,0.999999999999558
rs187653768,0.8827078939531191
rs3123631,1.0
rs7450719,0.9997489018578716
rs10455872,1.0
rs9365187,1.0
rs566198143,1.0
rs4709746,1.0
rs852392,0.9999177149951164
rs570860528,1.0
rs17138358,1.0
rs13224298,1.0
rs2076881,1.0
rs2391211,1.0
rs2698718,0.9775288328332028
rs917195,1.0
rs552783524,1.0
rs2070971,1.0
rs536435618,0.994827030007152
rs188700887,1.0
rs11974409,1.0
rs67644909,1.0
rs799157,1.0
rs12539160,0.9999999999999998
rs13234131,0.9999921309864656
rs62466302,0.9999999996586098
rs41748,1.0
rs36153397,1.0
rs58111571,1.0
rs187576459,1.0
rs13280055,0.9999999999994102
rs9693693,0.999917826621094
rs1495741,1.0
rs144958026,1.0
rs145391587,0.9999999917520948
rs3289,1.0
rs13276972,1.0
rs1018079,1.0
rs189934875,0.928763419216154
rs570110474,1.0
rs13269725,1.0
rs3808477,1.0
rs13266634,1.0
rs2980888,1.0
rs1551403,0.9999624364566276
rs28560332,0.9088515983360722
rs10282979,1.0
rs7856205,1.0
rs13292314,1.0
rs296884,1.0
rs72752983,1.0
rs10992376,1.0
rs1800978,1.0
rs201802210,1.0
rs550057,1.0
rs34573009,0.9999999999715846
rs1903253,1.0
rs1171615,0.9999917003667846
rs9633535,1.0
rs4399232,1.0
rs10761756,1.0
rs4746299,1.0
rs61126515,1.0
rs2068888,0.9999999999912208
rs1235105,1.0
rs113344423,1.0
rs563296,1.0
rs10883707,1.0
rs61874855,1.0
rs113762035,1.0
rs6585139,1.0
rs10787431,0.99996256537297
rs55875049,1.0
rs74563318,1.0
rs6486122,0.9781261995217893
rs1966615,1.0
rs533709075,1.0
rs11030105,1.0
rs4491174,1.0
rs111348720,1.0
rs174574,1.0
rs2302364,1.0
rs12808829,1.0
rs3802932,1.0
rs34281454,1.0
rs490972,0.9883433390548606
rs190524847,1.0
rs584812,0.9999999963115382
rs10899467,1.0
rs2850248,1.0
rs587717100,1.0
rs2075294,0.9999999999915634
rs79841374,0.9999640383214696
rs61905689,1.0
rs12824533,0.999999999999706
rs11045172,0.9987039928678476
rs12425319,0.9999963925029898
rs543937055,1.0
rs531652607,1.0
rs371950445,1.0
rs12313306,1.0
rs117432567,1.0
rs183928050,1.0
rs1495500,1.0
rs710629,1.0
rs7971743,1.0
rs7138037,1.0
rs11065632,1.0
rs73217773,1.0
rs632393,1.0
rs526276,1.0
rs117209788,1.0
rs4765541,1.0
rs863750,1.0
rs11057881,1.0
rs1340819,1.0
rs9508742,1.0
rs543113839,1.0
rs2812208,1.0
rs606252,1.0
rs6492720,1.0
rs9604570,1.0
rs35372182,0.8915716481209031
rs61993685,1.0
rs35477346,1.0
rs62003878,1.0
rs17677757,1.0
rs28364531,1.0
rs141866277,1.0
rs139974673,0.9999999993186812
rs12910180,1.0
rs117765456,1.0
rs72749499,1.0
rs261291,0.9999999999949282
rs261342,1.0
rs113298164,0.997368328665556
rs10851698,1.0
rs11635675,1.0
rs112593021,1.0
rs10162671,1.0
rs4776793,1.0
rs3826043,1.0
rs8025505,1.0
rs560809222,1.0
rs556069045,1.0
rs7198823,1.0
rs562411267,1.0
rs12928099,1.0
rs371530942,1.0
rs201149124,1.0
rs566987771,1.0
rs72483448,1.0
rs11649088,1.0
rs12720922,1.0
rs1532624,1.0
rs55862211,1.0
rs35046828,1.0
rs3794695,1.0
rs11117406,1.0
rs4843287,1.0
rs12922246,0.9887207287305028
rs537495171,1.0
rs545779157,1.0
rs200489612,1.0
rs1242493,1.0
rs56044345,1.0
rs78811519,1.0
rs534810085,0.99999999999999
rs60929812,1.0
rs113905686,1.0
rs147596228,1.0
rs151019121,1.0
rs170640,1.0
rs181663810,1.0
rs10775406,1.0
rs12941262,1.0
rs12949906,1.0
rs191566347,1.0
rs201964870,1.0
rs1801689,1.0
rs7213041,1.0
rs4791300,0.9999999999999992
rs7503096,0.9717103792712668
rs3863517,1.0
rs9904355,1.0
rs569286383,1.0
rs8074332,1.0
rs867939,1.0
rs72876962,0.999999999999935
rs1788808,1.0
rs12607795,0.9999999999999872
rs2307207,0.9405774921275784
rs6510835,1.0
rs568488428,1.0
rs1799816,0.974486408273768
rs111500536,1.0
rs11670365,1.0
rs138572354,1.0
rs2278426,1.0
rs4808179,1.0
rs187429064,1.0
rs75916629,1.0
rs191145503,0.9999933707752464
rs1559175,1.0
rs10422861,1.0
rs33823,1.0
rs1688031,0.9999999999938428
rs11671010,1.0
rs814506,1.0
rs483082,1.0
rs11879392,1.0
rs41275764,1.0
rs12151142,1.0
rs149142833,1.0
rs10485503,0.9322163465934964
rs211887,1.0
rs13036753,1.0
rs1883711,1.0
rs6073958,1.0
rs2261138,1.0
rs13041737,1.0
rs184507510,1.0
rs9610329,1.0
rs4820324,0.999999998688066
rs2071887,1.0
rs1074672,1.0
