Chromosome,Position
10,101912194
10,101912064
10,113934384
10,113936855
10,113916302
10,113917085
10,113916835
10,113936244
10,113921159
10,113922728
10,115786233
10,115797947
10,115793237
10,115786236
10,115795236
10,115795225
10,115786611
10,115788111
10,115798184
10,118407116
10,118404620
10,118407702
10,118407568
10,118407682
10,118408642
10,118406784
10,118406362
10,121641900
10,121644781
10,121674733
10,121652073
10,121571408
10,121429633
10,121415685
10,121433675
10,121422836
10,122929493
10,122929408
10,122909625
10,122920583
10,122916142
10,122906260
10,122904700
10,122922458
10,122918115
10,122918217
10,122918075
10,122917983
10,122917356
10,122917827
10,122918875
10,122903882
10,122919174
10,122917735
10,122919309
10,122921349
10,122919206
10,122921660
10,122916891
10,122916471
10,122921791
10,122930568
10,122921563
10,122919079
10,122931652
10,122920956
10,122917729
10,122915754
10,122922371
10,126733319
10,126733643
10,126724796
10,126726827
10,126732558
10,126728522
10,126724927
10,126725553
10,126727353
10,126728195
10,126728880
10,126728286
10,126722650
10,126711633
10,126726558
10,126712428
10,126720788
10,13574659
10,13532648
10,13573894
10,13533053
10,13540037
10,13571474
10,13560871
10,13549462
10,13573636
10,13537204
10,13544854
10,13653937
10,13566362
10,17265447
10,17260290
10,17259766
10,17259772
10,17264521
10,17259567
10,17259863
10,17260525
10,17259642
10,17260743
10,17267069
10,33630848
10,33629552
10,33632954
10,33632306
10,33633866
10,33632468
10,33633721
10,33637109
10,33633962
10,33640030
10,33633418
10,33632376
10,33641149
10,33634901
10,33640577
10,33642629
10,33628062
10,33628513
10,33639488
10,46026107
10,46065451
10,46031747
10,46022005
10,46087892
10,5257647
10,5254146
10,5247302
10,5257941
10,5261175
10,5261683
10,5261226
10,5262136
10,5262267
10,5261576
10,5261256
10,5261491
10,5263461
10,5262019
10,5263023
10,5263516
10,5270301
10,5263494
10,5262512
10,5262883
10,5262490
10,5262941
10,5261101
10,5262822
10,5261910
10,5262096
10,5252013
10,5254188
10,5261111
10,5256497
10,5262810
10,5254820
10,5252731
10,5257797
10,5263702
10,5256758
10,5251702
10,5256834
10,5256272
10,5257097
10,5247434
10,5267191
10,5247784
10,5251815
10,5252902
10,5252077
10,5252838
10,5254821
10,5252866
10,5247631
10,5253638
10,5247634
10,5247376
10,5261832
10,5247701
10,5247098
10,61409469
10,63837006
10,63832863
10,63839417
10,63837255
10,63837016
10,63841130
10,63840687
10,63828879
10,63834048
10,63835692
10,63834853
10,63836088
10,63835015
10,63835193
10,64988931
10,65191645
10,65318766
10,65321147
10,65313819
10,65315231
10,65314711
10,65319678
10,65314971
10,65317056
10,65317045
10,71941078
10,71982009
10,71931646
10,71970792
10,71970791
10,71932436
10,71949471
10,74666065
10,74703849
10,74712546
10,74710484
10,74665640
10,74683921
10,74662593
10,74692646
10,74672399
10,74639217
10,74663785
10,74703863
10,74652871
10,74662104
10,74680139
10,74664420
10,74682633
10,74648745
10,74687808
10,74691035
10,74659208
10,74668513
10,76861680
10,76873952
10,76878025
10,76879035
10,76879562
10,76899011
10,76904137
10,76921068
10,76905698
10,76913029
10,76896562
10,76891096
10,76921342
10,76920199
10,76926703
10,76932009
10,76925771
10,76923924
10,76847490
10,76847971
10,76918890
10,80954251
10,80954789
10,80941417
10,80942721
10,80948593
10,80941885
10,80941936
10,80940740
10,81013645
10,81015260
10,81017095
10,80942631
10,93977868
10,94024645
10,93659742
10,93679659
10,93840543
10,93712517
10,93773792
10,93774996
10,94772638
10,94839724
10,94845036
10,94843535
10,94844084
11,10381766
11,10380828
11,10380775
11,10380858
11,10380703
11,10381176
11,10379952
11,10382282
11,10383140
11,10379806
11,10378330
11,10378334
11,10384468
11,10383427
11,10383382
11,10384872
11,10382184
11,10384789
11,10384968
11,10378960
11,10378914
11,10383981
11,103873662
11,103877311
11,103874247
11,103871039
11,103878499
11,103870755
11,103871404
11,103870300
11,103869380
11,103869401
11,103860941
11,103870409
11,103898654
11,103899274
11,103860839
11,103863153
11,103870361
11,103864743
11,109966513
11,109989972
11,109964829
11,109967916
11,109987884
11,109960423
11,109990636
11,109984274
11,109964377
11,109968055
11,109968641
11,109968072
11,109959862
11,109991510
11,109991152
11,109996646
11,109992727
11,109971929
11,109971229
11,109993833
11,109998189
11,109997066
11,109996773
11,109996706
11,109994207
11,109996086
11,109996525
11,109975655
11,109981606
11,109998415
11,109996258
11,109998345
11,109994794
11,109994838
11,109994889
11,109974444
11,109998804
11,109996139
11,109995704
11,109998521
11,109996164
11,109995287
11,109996197
11,109974672
11,109977777
11,109979945
11,109964007
11,109996248
11,109995944
11,111861156
11,111889635
11,111861190
11,111856412
11,111857217
11,111920741
11,111921108
11,111930576
11,111908162
11,111933678
11,111853865
11,111892515
11,111817682
11,111903995
11,111916342
11,111820482
11,111914566
11,111924485
11,116408029
11,116648917
11,117018764
11,118122491
11,118069962
11,118191204
11,118928249
11,118941596
11,118944675
11,118942654
11,118931030
11,118917814
11,121801129
11,121800971
11,121803014
11,122517803
11,122518609
11,122509491
11,122508163
11,122520291
11,126225876
11,126226775
11,13355770
11,13361005
11,13818162
11,13357183
11,13356030
11,13359745
11,13361524
11,13362815
11,13366722
11,13365588
11,13791904
11,13301875
11,13288698
11,14451992
11,14313329
11,14344775
11,14371944
11,14373662
11,14276999
11,14242862
11,14318830
11,14358935
11,14342761
11,14285296
11,14865399
11,27690399
11,27686196
11,29200527
11,29197113
11,29242684
11,29204531
11,29198384
11,29217383
11,29214412
11,29210715
11,29202440
11,29199949
11,29200384
11,29194900
11,29208679
11,29200980
11,29201217
11,29217786
11,2936657
11,2940492
11,2942593
11,32470828
11,32470761
11,32464685
11,32469729
11,32473924
11,32473807
11,32483319
11,32477000
11,32474328
11,32474267
11,32467547
11,32466304
11,32462576
11,32463105
11,32473626
11,32489664
11,32466187
11,32484265
11,32485631
11,32479807
11,36328427
11,36328630
11,36383808
11,36327472
11,36373869
11,36327794
11,36376603
11,36383440
11,46376384
11,47278917
11,47286666
11,47281780
11,47277652
11,47275882
11,47276350
11,47278417
11,56153635
11,56170240
11,56180753
11,56182514
11,56178633
11,56184374
11,56197898
11,56171183
11,58162382
11,58376120
11,58064160
11,58292307
11,58319045
11,58386797
11,61588305
11,61571478
11,61585144
11,61575158
11,64004723
11,65405600
11,65663547
11,65663239
11,65653309
11,65662752
11,65655393
11,65646557
11,65654783
11,65654665
11,65648135
11,65645831
11,65651830
11,65647260
11,67372946
11,67403285
11,67401635
11,68597886
11,68597805
11,68601974
11,68595340
11,68593929
11,68593134
11,68615600
11,68616449
11,68610810
11,75455309
11,75450576
11,75455373
11,75453877
11,75454622
11,75661517
11,77198233
11,77197782
11,77204618
11,77197817
11,77209966
11,77203076
11,77213443
11,76976130
11,76957833
11,76972633
11,76965919
11,76968883
11,76976058
11,76976877
11,76963694
11,76979889
11,76980743
11,76966645
11,76979900
11,76968373
11,823586
11,95311260
11,95311422
11,95320808
12,101867997
12,101868843
12,101875141
12,101874972
12,107100717
12,107113024
12,107018968
12,107128090
12,107111560
12,107106546
12,107058045
12,107199142
12,107107334
12,107120424
12,107080313
12,107101685
12,107079994
12,107074410
12,107071130
12,107077172
12,107076405
12,107122896
12,107099883
12,107131314
12,107144328
12,107067160
12,107144186
12,107129419
12,107133775
12,107140790
12,107099057
12,107090616
12,107117521
12,107065258
12,107068387
12,107073316
12,107086240
12,107135647
12,107071182
12,107077432
12,107086245
12,107085171
12,107139983
12,107162965
12,107080038
12,107070049
12,107080235
12,107121952
12,107092299
12,107070425
12,107082455
12,107083031
12,107135942
12,107081599
12,109057037
12,109124714
12,109050204
12,109100503
12,109164382
12,109121695
12,109089394
12,109156737
12,109036248
12,109160373
12,109095137
12,109084889
12,109168440
12,109087743
12,109172875
12,109099784
12,109183144
12,109029909
12,109029940
12,109165997
12,109161832
12,109168515
12,109153099
12,109030729
12,109140006
12,109165674
12,109154287
12,109131613
12,109114301
12,109180787
12,109152649
12,109159291
12,109137726
12,109132119
12,109133227
12,109167803
12,109151483
12,109920071
12,109960962
12,109953417
12,109938857
12,109950144
12,109925489
12,109974931
12,109973979
12,109937907
12,109991050
12,110015893
12,109981678
12,109980516
12,109976893
12,109988891
12,110002819
12,109965512
12,109993603
12,110001195
12,109973273
12,111836771
12,111884608
12,113117897
12,121406293
12,121405210
12,121404584
12,122803643
12,123203258
12,123198921
12,123204419
12,123204297
12,123209159
12,123201925
12,123209295
12,123203986
12,123804721
12,123796997
12,123788758
12,123781206
12,123802814
12,123777815
12,123820780
12,123811371
12,123814466
12,123817649
12,123790051
12,123783691
12,123779489
12,123788246
12,123878507
12,123775385
12,123830939
12,123841816
12,123842670
12,123824887
12,123871632
12,123770362
12,123828133
12,123867994
12,124409502
12,125325010
12,125338529
12,13345397
12,13346708
12,13283602
12,16503789
12,20470221
12,20470199
12,26440698
12,26465512
12,26463082
12,26463174
12,26467696
12,26474867
12,26465884
12,2908330
12,33588388
12,33586881
12,33576990
12,33547395
12,33511983
12,33543024
12,33534368
12,33533374
12,33551841
12,33593127
12,33521151
12,33594515
12,33598379
12,33603676
12,33511917
12,33517984
12,33553574
12,33624579
12,33623204
12,33553867
12,33598563
12,33602986
12,33623806
12,33560873
12,33529288
12,33529164
12,33629519
12,33635336
12,33634855
12,33516963
12,33605702
12,33519812
12,4388084
12,49399132
12,49586676
12,50263148
12,50256063
12,50261809
12,51211692
12,51208764
12,51201749
12,51160715
12,51164810
12,51183311
12,51180143
12,51172480
12,51201758
12,51187290
12,51184577
12,51171090
12,51203376
12,51193013
12,51188526
12,51213765
12,51220373
12,51191727
12,51219701
12,51205763
12,51204938
12,53796744
12,53796754
12,53799783
12,56470625
12,56473808
12,57823585
12,57826982
12,57839173
12,57844049
12,57843711
12,57809456
12,57766392
12,6713450
12,6663964
12,6663388
12,6715593
12,6681209
12,6683287
12,6733889
12,6714668
12,6699865
12,67689927
12,67680342
12,67655047
12,67655294
12,67652285
12,67736119
12,67685907
12,67654314
12,67726152
12,67692150
12,67648680
12,67696721
12,67710907
12,67697634
12,67707441
12,67716251
12,67710482
12,67718632
12,67670531
12,67723607
12,67682618
12,67724455
12,67673172
12,67671926
12,67741436
12,67705947
12,67729490
12,67722334
12,67738022
12,67706466
12,67765577
12,67722849
12,67735959
12,67666985
12,67703186
12,67651838
12,67738655
12,67738288
12,67720751
12,67741409
12,67722901
12,67772510
12,67723408
12,67745664
12,67769109
12,67697317
12,67770614
12,67664163
12,67748155
12,67724426
12,67722076
12,67769637
12,67747345
12,67730401
12,67719368
12,67754965
12,67658509
12,67686232
12,67685593
12,67732710
12,67682551
12,67729176
12,67679505
12,67716495
12,67690435
12,67688413
12,67684119
12,67716553
12,67696052
12,67670243
12,67716703
12,67655212
12,67668097
12,67647688
12,67697856
12,67717227
12,67684702
12,67678739
12,67681392
12,67671666
12,67647690
12,67683663
12,67687571
12,67780751
12,67760582
12,67670041
12,69868820
12,69919621
12,69880628
12,69911419
12,69879883
12,69875018
12,69879224
12,69912107
12,69892548
12,69912674
12,69921362
12,69915749
12,69940827
12,69914518
12,69898870
12,69913501
12,69941566
12,69883785
12,69896298
12,69866114
12,69872095
12,69875367
12,69879745
12,69870219
12,69979115
12,69899336
12,69916938
12,69885414
12,69913381
12,69979517
12,69973392
12,69868410
12,69887817
12,69904351
12,69992465
12,69892240
12,69973192
12,7681181
12,7689893
12,7726765
12,7726841
12,7727059
12,7684286
12,7727532
12,7680974
12,7727746
12,7727755
12,7727146
12,7727778
12,7680859
12,7726289
12,7680061
12,7727676
12,7727264
12,7728638
12,7728518
12,7728396
12,7728395
12,7690617
12,7755386
12,7729168
12,7690683
12,7751337
12,7740755
12,7752041
12,7752213
12,7754616
12,7751202
12,7683419
12,7752391
12,7752694
12,7739292
12,7752638
12,7752966
12,7750935
12,7729868
12,7732636
12,7747134
12,7729600
12,7689001
12,7729524
12,7745882
12,7729949
12,7726853
12,7730276
12,7752145
12,7746385
12,7731726
12,7725808
12,89674799
12,89671100
12,9082581
13,108960380
13,108960385
13,113927208
13,28687084
13,28681228
13,28683164
13,28604007
13,41635301
13,41689067
13,41673457
13,41609047
13,45492138
13,45543588
13,45568590
13,51201045
13,51199462
13,51190422
13,51203769
13,51184425
13,51214613
13,51201045
13,51199462
13,51190422
13,51203769
13,51184425
13,58391491
13,58385380
13,58366634
13,58383998
13,58389236
13,58458889
13,58402479
13,58384936
13,58369986
13,58390604
13,58372213
13,58374934
13,58413946
13,58435962
13,58408628
13,58421089
13,58402771
13,58379498
13,58402407
13,58419910
13,58391264
13,58395631
13,58425630
13,58402386
13,58414140
13,58421684
13,58418614
13,58417182
13,58430226
13,58424555
13,58319127
13,58430136
13,58429562
13,58458579
13,58456775
13,58457991
13,58654422
13,58449034
13,58453397
13,58453617
13,58449915
13,58448218
13,58453934
13,58449025
13,58460763
14,100359294
14,100376502
14,100379166
14,100370320
14,100371963
14,100371083
14,100371876
14,100380290
14,100359323
14,100370609
14,100371003
14,100374475
14,100365654
14,100355597
14,100355288
14,100349402
14,100352375
14,100375707
14,100372959
14,100358866
14,100794818
14,100804315
14,100796401
14,100805286
14,100813077
14,100836353
14,100837382
14,100836983
14,100842059
14,100838173
14,100838007
14,100841008
14,100839128
14,100840950
14,100795338
14,100840813
14,100802873
14,100840290
14,100805827
14,100805977
14,100797255
14,100804544
14,100808510
14,100805583
14,100845457
14,100807136
14,100812406
14,100794159
14,100797200
14,100819680
14,100828487
14,100825776
14,100818759
14,100821206
14,100824494
14,100824507
14,100824640
14,100822273
14,100824049
14,100824389
14,101194561
14,100828397
14,101188731
14,100832391
14,101200445
14,100831774
14,100835978
14,103307655
14,103256877
14,103306215
14,103305077
14,103251452
14,103320961
14,103358070
14,103290221
14,103290220
14,103297847
14,103309743
14,103292191
14,103292150
14,103380208
14,103312145
14,103307110
14,103303514
14,103320100
14,103261300
14,103246470
14,103381882
14,103320048
14,103261735
14,103280067
14,103279795
14,103360440
14,103263020
14,103312965
14,103272177
14,103323915
14,103276855
14,103268411
14,103357603
14,103360000
14,103247512
14,103304425
14,103267403
14,103265366
14,105258437
14,105258892
14,33175822
14,52493161
14,52494307
14,52497383
14,52492303
14,52490569
14,52487515
14,52489413
14,52495354
14,52490154
14,52470228
14,52463697
14,52321987
14,52502543
14,52488688
14,52461497
14,52459241
14,52464870
14,52531408
14,52502227
14,52515887
14,52491754
14,52480752
14,52453659
14,52470889
14,52519961
14,52472868
14,52514366
14,52277435
14,52520146
14,52504316
14,52508842
14,52515908
14,65870594
14,65867947
14,65932597
14,65879354
14,65983448
14,65933199
14,65988034
14,65910844
14,65884212
14,65892724
14,65912829
14,65908235
14,65890603
14,65915226
14,65897368
14,65916791
14,65981439
14,65900433
14,65997638
14,65969670
14,65884537
14,65940689
14,65958703
14,65871502
14,65946744
14,66020071
14,66005798
14,65906369
14,69149372
14,69261162
14,70833819
14,70783943
14,70770582
14,70775792
14,70770867
14,74250126
14,74250100
14,75299101
14,75290018
14,75298052
14,75259140
14,75280892
14,75308758
14,75255115
14,75267396
14,75268544
14,75254762
14,75377352
14,75254167
14,75252587
14,75292662
14,75239863
14,75316614
14,75235397
14,75278211
14,75293374
14,75123374
14,75251440
14,75207263
14,75247746
14,75344941
14,75377692
14,75298637
14,75251331
14,75137664
14,75157713
14,75287554
14,75297727
14,75296831
14,75293386
14,75125540
14,75328247
14,75353855
14,75322914
14,75354600
14,75281576
14,75276079
14,75282116
14,75356103
14,75263775
14,75331740
14,75334199
14,75334096
14,75130235
14,75274292
14,75291531
14,75364451
14,75377555
14,75331487
14,75322794
14,79939993
14,79891882
14,79890456
14,79936964
14,79890677
14,79894046
14,79940383
14,79943606
14,79930644
14,79942647
14,79945162
14,79937216
14,79944099
14,79939525
14,81701004
14,81696982
14,81654875
14,81671752
14,81675631
14,81676959
14,81668555
14,81678096
14,81639984
14,81656437
14,81677454
14,81657760
14,81702736
14,81643800
14,81660710
14,81701082
14,81704417
14,81670033
14,81668707
14,81707057
14,89804507
14,89804276
14,89804373
14,89804856
14,92504973
14,92526630
14,92501878
14,92526157
14,92530282
14,92530513
14,92532380
14,92532389
14,92526173
14,92517970
14,92517355
14,92500008
14,92533841
14,92532042
14,92533118
14,92531487
14,92531458
14,92531474
14,92524334
14,92528429
14,92526429
14,92527164
14,92531904
14,92501929
14,92521608
14,92531705
14,92523589
14,92511474
14,92526240
14,92527145
14,92523998
14,92533262
14,92539099
14,92525145
14,92532810
14,92561443
14,92532233
14,92497990
14,92520978
14,92514370
14,92527399
14,92513948
14,92521218
14,92523756
14,92504268
14,92523786
14,92488894
14,92497322
14,92550658
14,92522465
14,92519650
14,92489174
14,92492651
14,92484227
14,92501995
14,92510042
14,92515996
14,92543991
14,92499848
14,92516685
14,92482948
14,92502257
14,92497241
14,92480093
14,92498829
14,92714215
14,92495536
14,92496613
14,92541222
14,92481047
14,92480009
14,92551529
14,92560943
14,92535444
14,92552884
14,92540381
14,92555667
14,92506583
14,92559202
14,92500768
14,92558206
14,92540054
14,92546396
14,92548993
14,92542786
14,92559377
14,92534114
14,92557799
14,92559411
14,92558196
14,92553168
14,92558211
14,92542150
14,92555661
14,92534151
14,92534148
14,92544778
14,92544808
14,92534347
14,92534341
14,92550657
14,92536694
14,92537163
14,92537223
14,92536767
14,92543972
14,92532966
14,92534915
14,92541097
14,92535661
14,92542579
14,92548896
14,92550114
14,92549632
14,92550396
14,92537732
14,92540961
14,92537785
14,92544145
14,92546144
14,92536939
14,92539267
14,92540764
14,92543194
14,92539427
14,92536916
14,92541768
14,92547733
14,92548381
14,92542881
14,92546198
15,102068658
15,102067841
15,23932467
15,23941678
15,23940401
15,23948571
15,23949863
15,23944930
15,23945684
15,23945167
15,23944489
15,23943150
15,23945744
15,39447529
15,39444679
15,39446211
15,39454860
15,39464167
15,39458292
15,39449003
15,39463672
15,39459141
15,39459715
15,40751555
15,41888918
15,41882383
15,41884099
15,41907905
15,43820717
15,43726625
15,50993673
15,50999258
15,50999391
15,51007729
15,51010271
15,51005957
15,50995847
15,50992009
15,50997266
15,50997349
15,50995362
15,50991579
15,50991569
15,51003692
15,53001538
15,57254842
15,57290118
15,57335354
15,57408980
15,57251257
15,57371275
15,57413776
15,57302866
15,57233498
15,57269559
15,57475103
15,57312499
15,57320412
15,57313706
15,57354648
15,57372141
15,57293916
15,57309605
15,57328519
15,57333209
15,57493092
15,57452024
15,57405674
15,57360914
15,57370220
15,57368459
15,57480470
15,57247604
15,57292117
15,57398934
15,57342699
15,57343686
15,57376765
15,57447374
15,57324744
15,57370507
15,57466232
15,57303992
15,57296708
15,57462177
15,57425413
15,57392300
15,57356494
15,57355156
15,57388279
15,57458784
15,57282719
15,57317622
15,57318013
15,57373739
15,57364814
15,57249114
15,57360531
15,57553832
15,57357266
15,57290510
15,57366404
15,57290872
15,57287048
15,57390528
15,57399694
15,57354415
15,57282451
15,57400749
15,57502947
15,57393103
15,57286998
15,57372772
15,57470146
15,57503164
15,57361347
15,57344906
15,57239577
15,57356868
15,57399988
15,57335829
15,57394253
15,57491843
15,57358428
15,57268913
15,57289469
15,57278069
15,57276780
15,57279248
15,57456866
15,57460891
15,57381851
15,57527078
15,57411616
15,57513003
15,57394667
15,57315287
15,57383139
15,57432494
15,57276329
15,57269553
15,57393607
15,57586614
15,57418815
15,57418814
15,57252220
15,57538474
15,57250751
15,57465366
15,57419912
15,57348302
15,57495813
15,57550297
15,57401676
15,57348225
15,57309050
15,57297101
15,57340121
15,57252413
15,57191002
15,57235648
15,57407860
15,57348776
15,57353034
15,57502326
15,57270729
15,57340483
15,57268490
15,57344647
15,57498298
15,57363922
15,57388349
15,57337045
15,57274001
15,57346505
15,57430776
15,58342102
15,58680178
15,58855748
15,59504897
15,61947280
15,61947866
15,61951110
15,61947055
15,61947694
15,61948435
15,61957236
15,61957099
15,61946574
15,63344167
15,63348087
15,63359564
15,63449680
15,63430330
15,63429062
15,63424400
15,63422772
15,63420001
15,63430901
15,63416702
15,63431175
15,63410872
15,63420660
15,63421110
15,63411492
15,63425337
15,63423739
15,63426463
15,63416193
15,63426435
15,63415223
15,63427394
15,63412154
15,63429258
15,63428765
15,63414083
15,63427638
15,63412843
15,63426912
15,63429086
15,66877172
15,66876675
15,68014971
15,68021137
15,68021280
15,68013079
15,68006279
15,68002602
15,67977384
15,67974379
15,67963436
15,67994108
15,67975599
15,67988658
15,67934167
15,68007591
15,68006012
15,67965581
15,67983281
15,67988133
15,67962763
15,67804682
15,67951542
15,67810857
15,68019958
15,68023809
15,67959464
15,70182851
15,70181451
15,70168443
15,73431600
15,73451443
15,73441432
15,73364600
15,73200419
15,73072236
15,73257725
15,73469535
15,73524743
15,73020839
15,73086473
15,73485160
15,73699411
15,73263049
15,73088869
15,73491678
15,73493920
15,73091283
15,73618238
15,73232215
15,73621435
15,73473234
15,90214777
15,96714816
15,96708291
15,99281192
15,99284680
15,99273075
15,99293056
15,99285056
15,99271135
15,99293552
15,99292805
15,99284074
15,99268850
15,99274326
15,99295570
15,99289638
15,99253965
16,1012393
16,980088
16,1013537
16,962154
16,984113
16,1007304
16,11464263
16,11464084
16,15172118
16,15150505
16,19967822
16,19969580
16,19942927
16,19977733
16,19967668
16,19975981
16,19977420
16,19975782
16,19944363
16,19977601
16,19977617
16,19926191
16,19975418
16,19975731
16,19940498
16,19931114
16,19919946
16,19977473
16,19975407
16,19941557
16,19931360
16,19942331
16,19935073
16,19927707
16,19928662
16,2163962
16,2161796
16,2161793
16,2254626
16,2162887
16,28865916
16,28871657
16,28872354
16,28841777
16,28850371
16,28848668
16,28839735
16,28837203
16,28826307
16,28871191
16,28840381
16,28893571
16,28885659
16,28883841
16,28870962
16,28823097
16,28824685
16,28839392
16,28842584
16,28868695
16,28846866
16,28846840
16,28847149
16,28845251
16,28871853
16,28855727
16,28871860
16,28853996
16,28860237
16,28855522
16,28872598
16,28867804
16,28870596
16,28871989
16,28854769
16,28875204
16,28883241
16,28860183
16,28874547
16,28844365
16,28848818
16,28865892
16,28873398
16,28868962
16,28865042
16,28864471
16,28859802
16,28864673
16,28861734
16,28881202
16,28875482
16,28875122
16,28861881
16,28844284
16,28893532
16,28890131
16,29994922
16,29968015
16,29970834
16,31378235
16,31372290
16,31374535
16,31376849
16,31337677
16,31339625
16,31370246
16,31362263
16,31124407
16,31128668
16,31022639
16,31118024
16,31128615
16,31340216
16,31110981
16,31363788
16,31275969
16,31336719
16,31357760
16,31340368
16,31347519
16,31114234
16,31185882
16,31129942
16,31050023
16,31117413
16,31131121
16,31363417
16,31350033
16,31347748
16,31349476
16,31349576
16,31036367
16,31347445
16,31125776
16,31129895
16,31347648
16,31054607
16,31354273
16,31137712
16,31347350
16,31347807
16,31346344
16,31149142
16,31140799
16,31347541
16,31347592
16,31117389
16,31359330
16,31359826
16,31085470
16,31361059
16,31347599
16,31349501
16,31344455
16,31344309
16,31104509
16,31050033
16,31054040
16,31141993
16,31334236
16,31349404
16,31345023
16,31131614
16,31121793
16,31360944
16,31145219
16,31039376
16,31049155
16,31060647
16,31030344
16,31060363
16,31032317
16,31041137
16,31023273
16,31065918
16,31147548
16,4014282
16,4013467
16,4015729
16,4022694
16,4677604
16,4654423
16,4742127
16,4740061
16,4740097
16,4744605
16,4744606
16,4730870
16,53126338
16,53125819
16,53124193
16,53445533
16,53128711
16,53128892
16,53129099
16,53131406
16,53131374
16,53129665
16,53135032
16,53131045
16,53806453
16,53811788
16,53803574
16,53803223
16,53802494
16,53815435
16,53809123
16,53818460
16,53821125
16,54820862
16,55066903
16,55023373
16,55004567
16,55793904
16,55748030
16,55807786
16,56304436
16,56865374
16,56892769
16,56866196
16,56991363
16,57055635
16,63630178
16,66071124
16,67985706
16,68402649
16,72847307
16,75205213
16,75201992
16,75195765
16,75207097
16,75182354
16,75182147
16,75204325
16,75201262
16,75200595
16,75184661
16,75185764
16,75201294
16,76458533
16,81534790
16,85150163
16,85927519
16,85906132
16,85932132
16,85950976
16,88004092
16,88006065
16,88057006
16,88007142
16,88029685
16,88011187
16,88008160
16,88010881
16,88008313
16,88010233
16,88009770
16,88008423
16,88011511
16,88011735
16,88006931
16,88006201
16,88005737
16,88006542
16,88011968
16,88007183
16,88006894
16,88014027
16,88009261
16,88003327
16,88012062
16,88003323
16,88003366
16,88005827
16,88003242
16,88003585
16,88003484
16,88004354
16,88005617
16,88006381
16,88004539
16,88004548
16,87999402
16,88006413
16,88004700
16,88017220
16,88012032
16,88005071
16,88012774
16,88013385
16,87999664
16,88006427
16,88004790
16,88004754
16,88004746
16,88006350
16,88003577
16,88057006
16,88535670
16,88066103
16,88535620
16,88073699
16,88073835
16,88036329
16,88048315
17,17483297
17,17469918
17,17484934
17,17480474
17,17470526
17,17482766
17,17457227
17,17491836
17,17457768
17,17462630
17,17484654
17,17456746
17,17455464
17,17463419
17,2064702
17,2039236
17,1965296
17,2026417
17,2153257
17,2068932
17,2203167
17,2045273
17,26721791
17,26721895
17,26721304
17,26720564
17,26722039
17,26725265
17,26722728
17,26725744
17,26722645
17,26693258
17,26688663
17,26695832
17,26723613
17,26703682
17,26638620
17,26676135
17,26733698
17,26693231
17,26718592
17,26665648
17,26718177
17,37810218
17,37814080
17,37821435
17,38063929
17,38062217
17,38063381
17,38063738
17,3902650
17,3884026
17,3902163
17,3904307
17,3905470
17,3923366
17,40741013
17,40706273
17,40731597
17,40735641
17,40772288
17,40768629
17,40759448
17,40787764
17,40716235
17,40720632
17,40722029
17,41571268
17,41926126
17,45516667
17,45512483
17,45509496
17,45479446
17,45425115
17,45485982
17,45737275
17,45721795
17,45725931
17,45674687
17,45724996
17,45721653
17,45717091
17,45763073
17,45738861
17,45732605
17,45741016
17,45730899
17,46272609
17,46319476
17,46168207
17,46163542
17,46137905
17,46188420
17,46221010
17,47060322
17,47042840
17,47011755
17,47090785
17,47010008
17,47022727
17,47045862
17,47018069
17,46962853
17,46961493
17,46970509
17,47025654
17,47024829
17,47027270
17,47002762
17,47004090
17,47008546
17,47025559
17,47042162
17,47007963
17,47002515
17,47027763
17,46988044
17,481604
17,519554
17,504978
17,489296
17,480638
17,486629
17,486821
17,480469
17,464962
17,470333
17,520967
17,480928
17,511507
17,542510
17,53400110
17,53407592
17,57932314
17,58014712
17,58018142
17,57966230
17,57965169
17,57953082
17,57958124
17,57954905
17,57996336
17,57976658
17,57990597
17,57997527
17,57927724
17,57951973
17,57868601
17,57925649
17,57918908
17,57919031
17,57872494
17,57904823
17,57896022
17,57875554
17,57875907
17,57887952
17,57889985
17,57883371
17,57822125
17,57885901
17,57877049
17,57801422
17,57822354
17,57886125
17,57880201
17,57845321
17,57812067
17,57824927
17,57816578
17,57829992
17,61887693
17,61805607
17,61942952
17,61923611
17,61923422
17,61922330
17,61934783
17,61936710
17,61829157
17,61920891
17,61926613
17,61797862
17,61952299
17,61648920
17,61922485
17,61947203
17,61921706
17,61946338
17,61925272
17,61942427
17,61925298
17,61947543
17,61923716
17,61925498
17,61920497
17,61942617
17,61941937
17,61921999
17,61923016
17,61921397
17,61927473
17,61937179
17,61934444
17,61931790
17,61922858
17,61952100
17,61938806
17,61938100
17,61952110
17,61936155
17,61932204
17,61929709
17,61798604
17,61927774
17,61932866
17,61891384
17,61898135
17,61945449
17,61944149
17,61946767
17,61945631
17,61947303
17,61940977
17,61946353
17,61951722
17,61941445
17,61954918
17,61783908
17,61917686
17,61954112
17,61945943
17,61951836
17,61889213
17,61948390
17,61938248
17,61855667
17,61912392
17,61953670
17,61953294
17,61949279
17,61493785
17,61917099
17,61784963
17,61785374
17,61956567
17,61812995
17,61864131
17,61857314
17,61957023
17,61814762
17,61896719
17,61878144
17,61863184
17,61794839
17,61946885
17,61874455
17,61875066
17,61416502
17,61949023
17,61826993
17,61865934
17,61865325
17,61828349
17,61915326
17,61843130
17,61806138
17,61869095
17,61828952
17,61848792
17,61802378
17,61802049
17,61913214
17,61953362
17,61824667
17,61916347
17,61953868
17,61848779
17,61916384
17,61850392
17,61859836
17,61835992
17,61861219
17,61797873
17,61834981
17,61951860
17,61961350
17,61860932
17,61798724
17,61955523
17,61802612
17,61648091
17,61943445
17,61872883
17,61811920
17,61955983
17,61951868
17,61896004
17,61842408
17,61978776
17,61876010
17,61894728
17,61841788
17,61860355
17,61896455
17,61884120
17,61896127
17,61842646
17,61908271
17,61885917
17,61799198
17,61863732
17,61851485
17,61903445
17,61865800
17,61796306
17,61851366
17,61901197
17,61872871
17,61863488
17,61791210
17,61903179
17,61799840
17,61902822
17,61901439
17,61832099
17,61912261
17,61788634
17,61826980
17,61834537
17,61793818
17,61829989
17,61859390
17,61856004
17,61901657
17,61813906
17,61913215
17,61901641
17,61835579
17,65938655
17,65949993
17,65951107
17,65940727
17,65947970
17,65977053
17,65841318
17,65892752
17,65893019
17,65913358
17,65921834
17,65879592
17,65930937
17,65888784
17,65930772
17,65861059
17,65980289
17,65892507
17,65886048
17,65912960
17,65957568
17,65848994
17,65879578
17,65833002
17,65837659
17,66879927
17,68507436
17,68486927
17,68492083
17,68468079
17,68502848
17,68510209
17,70295760
17,70296265
17,70296543
17,70296318
17,70296305
17,70295728
17,70299163
17,70296142
17,74214276
17,74229146
17,74212382
17,74217879
17,74213946
17,74218561
17,74233928
17,74264054
17,74209939
17,74220763
17,74226460
17,74216516
17,74212660
17,74211208
17,74228272
17,74212060
17,74209732
17,74222347
17,74228281
17,74230635
17,74219092
17,74233251
17,74207943
17,74231348
17,74219521
17,74220591
17,74227139
17,74231164
17,74231525
17,74221121
17,74231470
17,74264304
17,74229281
17,7462969
17,76394042
17,76395750
17,76397309
17,76395421
17,76396610
17,76397334
17,76394595
17,76393896
17,76397830
17,76394526
17,76397343
17,76396164
17,76394449
17,76396963
17,76393975
17,76395753
17,76398101
17,76397219
17,76396528
17,76395038
17,76397133
17,76397128
17,8109598
17,8110764
18,20070591
18,20101666
18,20097909
18,20097414
18,19863169
18,20094035
18,20066155
18,20092966
18,20097957
18,19869330
18,19875679
18,19854360
18,19909866
18,20084817
18,20094479
18,19848836
18,19910610
18,19875079
18,19869469
18,19869524
18,19870686
18,19875944
18,19860915
18,20125048
18,19875018
18,19867558
18,19875095
18,19888791
18,19887319
18,19911326
18,19908497
18,19886014
18,19855220
18,19848863
18,21143739
18,21120035
18,21143183
18,21119291
18,21134239
18,21126081
18,21133084
18,21117419
18,21133937
18,21142438
18,21128857
18,21131929
18,21117571
18,21126952
18,21108613
18,21146085
18,21108614
18,21118025
18,21127910
18,287534
18,287705
18,289209
18,293519
18,29772887
18,29769910
18,29906838
18,2987038
18,2990700
18,2979489
18,2981398
18,40705900
18,40702833
18,40705542
18,40717367
18,40715877
18,40719804
18,40735531
18,40719762
18,40732586
18,40712346
18,40712729
18,40743662
18,40742454
18,40742424
18,40714059
18,40714428
18,40745096
18,40737681
18,40714495
18,40715537
18,40715385
18,40712460
18,40742309
18,40706971
18,40746930
18,40710597
18,40708038
18,40745991
18,40738651
18,40710700
18,40709726
18,40744790
18,40710113
18,40710414
18,40735246
18,40710053
18,40719812
18,40734846
18,40734725
18,40735352
18,40788387
18,40736939
18,40709330
18,40739199
18,40740638
18,40732745
18,40736590
18,40722078
18,40719496
18,40720691
18,40721176
18,40719364
18,40723670
18,40723223
18,40722895
18,40725155
18,40727084
18,40727061
18,40727610
18,40705924
18,40747457
18,40750455
18,40728012
18,40730786
18,40733247
18,40723579
18,40730285
18,40728774
18,40748941
18,40710564
18,40728142
18,40728160
18,40725395
18,45692874
18,46888639
18,47181668
18,47947138
18,48570324
18,48674665
18,48712504
18,48712148
18,50177144
18,50285398
18,50285549
18,50285089
18,50286527
18,50290571
18,50284138
18,50295817
18,50284066
18,50283745
18,50283641
18,50292218
18,50292495
18,50283664
18,50283780
18,50293227
18,50288705
18,50288542
18,50285912
18,50295545
18,50288773
18,50292217
18,50283973
18,50293980
18,50297528
18,50292921
18,50288020
18,50280249
18,50292719
18,50291446
18,50276256
18,50277715
18,50299920
18,56118358
18,57829135
18,57824038
18,57861961
18,57867526
18,60845884
19,11346155
19,11347657
19,18597196
19,33896432
19,33900257
19,3414088
19,3408665
19,35487933
19,35492575
19,35492129
19,35490861
19,4028783
19,41826020
19,41825191
19,41813375
19,44153100
19,45387459
19,45387596
19,45411941
19,46385438
19,46384830
19,46397888
19,46398989
19,47585240
19,47577252
19,47577265
19,47580185
19,47585698
19,47581464
19,47610379
19,47584699
19,47610379
19,47621316
19,47619768
19,47611128
19,4965064
19,50024391
19,50010378
19,50028163
19,50010907
19,49999345
19,50002686
19,50004919
19,50002607
19,50014977
19,52314655
19,52313868
19,53601172
19,54800500
19,56154339
19,56181408
19,56181986
19,56199669
19,56195782
19,56200057
19,56197667
19,56170751
19,56196226
19,56140168
19,56192066
19,57488423
19,57480893
19,57481471
19,57487813
19,57487497
19,57488280
19,7238681
19,7238475
19,7235146
19,7240848
19,7239958
19,7241705
19,7242120
19,8410381
19,8429323
19,8596372
1,109817590
1,109817192
1,110470764
1,110225019
1,120813294
1,120484718
1,12518739
1,12508059
1,145472741
1,149997588
1,149995979
1,149995966
1,149992277
1,149994121
1,149992278
1,149992286
1,149993392
1,149991181
1,149992594
1,149992890
1,149993944
1,149985456
1,149985077
1,149987430
1,149982478
1,149889489
1,150842696
1,150940625
1,154555733
1,154568086
1,154594690
1,154589232
1,154295089
1,154589965
1,154596122
1,154591489
1,154582129
1,154599778
1,154303705
1,154582896
1,154583210
1,154580895
1,154293675
1,154292982
1,154592201
1,154583762
1,154305190
1,154585480
1,154577055
1,154583102
1,154586957
1,154292161
1,154581231
1,154572228
1,154291958
1,154997572
1,154582970
1,154565519
1,154819359
1,156705822
1,156698265
1,156709602
1,156725001
1,156718448
1,156722424
1,156700651
1,156704613
1,156713558
1,156721032
1,156711623
1,156716598
1,161078909
1,161135559
1,161135559
1,161614490
1,161612578
1,161608819
1,161189344
1,172361977
1,172368310
1,172361179
1,172361516
1,172360164
1,172359100
1,172359116
1,172366806
1,172363524
1,172359780
1,172358697
1,172358664
1,172358816
1,172358834
1,172346548
1,172361032
1,172357433
1,172359576
1,172356582
1,172354017
1,172358167
1,172333595
1,172340917
1,172355276
1,172354992
1,174168805
1,174181885
1,174170005
1,174447588
1,174466377
1,174401963
1,174390997
1,174434332
1,174325566
1,174585186
1,174189269
1,174046339
1,174383084
1,174011293
1,174594984
1,174209909
1,174502150
1,174218572
1,174524159
1,174097987
1,174543850
1,174324615
1,174509646
1,174343705
1,174250680
1,174091108
1,174005028
1,173895834
1,174352471
1,174061972
1,174005007
1,173997476
1,173973183
1,173973932
1,174144076
1,174493342
1,174045989
1,173936384
1,173933901
1,173996148
1,173899201
1,177885762
1,177887018
1,178373500
1,178271480
1,178533832
1,178531850
1,178533037
1,178538193
1,178532517
1,178523126
1,178534157
1,178520577
1,178526386
1,178524300
1,178522642
1,178524596
1,178525957
1,178526074
1,178528167
1,178526718
1,178518707
1,178526648
1,178528206
1,178527743
1,178528222
1,178528087
1,178523943
1,178523947
1,178513895
1,178518636
1,178520680
1,178528871
1,182150978
1,182144119
1,182156079
1,182141966
1,182145545
1,182144422
1,182171957
1,1831012
1,1833878
1,1832701
1,1832825
1,1781456
1,1792157
1,1797947
1,1837025
1,1840673
1,1833920
1,1840677
1,1846765
1,1767565
1,1818239
1,1778469
1,1811006
1,1806647
1,1774820
1,1812688
1,1812521
1,1861582
1,1859296
1,1762757
1,1759213
1,1721479
1,1856746
1,1812035
1,1856227
1,1808769
1,1845784
1,1748734
1,1861343
1,1847656
1,1856672
1,1846357
1,1702436
1,1852134
1,1728969
1,1852772
1,1740255
1,1751264
1,1823093
1,1724366
1,1698092
1,1708801
1,1782853
1,1867426
1,1849529
1,1704899
1,1723031
1,1704915
1,184035116
1,184049978
1,184019954
1,184017131
1,184080189
1,184080368
1,184020945
1,184098316
1,184068508
1,184018475
1,184085324
1,184023529
1,184014593
1,184099191
1,200049302
1,200036790
1,200042031
1,200036596
1,200034969
1,200033769
1,202197659
1,202197161
1,202196697
1,202196121
1,202195826
1,202192423
1,203518873
1,203519194
1,203517292
1,203518178
1,203517723
1,205099959
1,205125662
1,205115150
1,205039295
1,205112911
1,205120640
1,205124871
1,205109019
1,205107793
1,205111275
1,205113833
1,205134987
1,205124174
1,205041542
1,205124444
1,205101554
1,205134090
1,205134829
1,205081583
1,205085358
1,205080963
1,205046894
1,205087683
1,205042583
1,205677148
1,20916080
1,20917108
1,20916444
1,20915172
1,20917206
1,20915531
1,20916238
1,20889380
1,209849714
1,210145298
1,209848696
1,210306846
1,210068954
1,210265384
1,212537553
1,212534377
1,212537702
1,212509762
1,212498198
1,212500693
1,212498652
1,212513248
1,212516245
1,212487311
1,212482852
1,212531263
1,212476519
1,212537707
1,212530980
1,212530981
1,212459015
1,212456714
1,212455024
1,212466604
1,212542410
1,212466239
1,212479689
1,212463792
1,212447665
1,212450216
1,212494650
1,212504204
1,212500433
1,219664627
1,219664628
1,219664030
1,219668252
1,219673143
1,219679967
1,219686440
1,219677532
1,219672376
1,219726100
1,219660535
1,219670998
1,219734998
1,219730586
1,219678736
1,219734960
1,219671205
1,220970028
1,224544746
1,224404132
1,224451838
1,230294715
1,230297136
1,230297939
1,234852760
1,234853406
1,234852204
1,234853268
1,234851216
1,234851165
1,234849339
1,234848712
1,234848609
1,234842856
1,23734350
1,23732762
1,23731819
1,25049949
1,25050228
1,25054223
1,25050829
1,25050549
1,25049680
1,25040315
1,25051225
1,25032168
1,25140825
1,25043293
1,25066448
1,25171088
1,25070230
1,25171719
1,25030470
1,25155188
1,25177985
1,25169634
1,25163173
1,25172552
1,25051102
1,25497733
1,25047459
1,24675863
1,25126060
1,25135004
1,25094344
1,25051256
1,27180088
1,28319484
1,28364156
1,28335581
1,28347491
1,28380087
1,28379130
1,28406173
1,28313993
1,28313606
1,28389310
1,2975119
1,2980578
1,2973576
1,2974064
1,2971452
1,2955245
1,2953143
1,2961023
1,2968979
1,2950370
1,2961370
1,39938257
1,39924398
1,39923732
1,39863215
1,39833535
1,39831768
1,40035928
1,56983585
1,56983656
1,56979681
1,57006839
1,57015668
1,56994079
1,56994695
1,56939235
1,57002327
1,63050598
1,63099023
1,63049551
1,63055470
1,63041800
1,62977307
1,63042738
1,63040728
1,63013134
1,63124465
1,63098235
1,63147040
1,63101123
1,63118196
1,63094207
1,63145439
1,63105538
1,63107526
1,63094692
1,62992749
1,63037837
1,63049819
1,63020816
1,63133930
1,63129082
1,66098653
1,66093030
1,66149341
1,66092017
1,66102257
1,66092570
1,66153586
1,66154414
1,66153363
1,66124075
1,66115064
1,66121781
1,66125770
1,66121634
1,66105512
1,66115298
1,66099831
1,66115213
1,66107546
1,66108063
1,66128511
1,66108517
1,66129121
1,66117691
1,66117829
1,66100450
1,66116691
1,66119752
1,66120916
1,66120335
1,66133950
1,66134052
1,66112528
1,66131681
1,66132800
1,66129530
1,66135328
1,66091106
1,66129646
1,66134698
1,66077624
1,66105944
1,66088701
1,66083197
1,66155627
1,66082471
1,71428732
1,71428898
1,71428324
1,71430468
1,71432621
1,71413498
1,71429121
1,71415672
1,71422452
1,71414863
1,71417173
1,72754788
1,72753956
1,72754123
1,72764430
1,72752939
1,72751552
1,72764289
1,72753825
1,72754314
1,72752073
1,72750470
1,85721911
1,85826194
1,85765990
1,85786977
1,85794819
1,85781720
1,85805466
1,85804249
1,85804978
1,85823044
1,85793801
1,85806005
1,85798943
1,85795259
1,85796545
1,85788490
1,85798865
1,85796427
1,85798936
1,85800385
1,85798855
1,85786299
1,85789913
1,85788052
1,85786957
1,85795112
1,85841485
1,85866411
1,85866147
1,85823120
1,85846592
1,85845998
1,85849489
1,85844671
1,85850246
1,85830570
1,85847683
1,85845367
1,85797298
1,85867406
1,85861034
1,85824816
1,85863383
1,85848830
1,85861976
1,85840191
1,85811182
1,85855855
1,85787323
1,85787118
1,85874614
1,85791257
1,85822772
1,85790633
1,85831544
1,914852
1,913889
1,936111
1,924448
1,935222
1,933790
1,918384
1,912049
1,914940
1,93860625
1,93858374
1,93845655
1,93862020
1,93815490
1,93825638
1,93847420
1,93848513
1,93820575
20,17596155
20,17600114
20,17599556
20,17598240
20,17596219
20,21951847
20,21953649
20,21938282
20,21957783
20,21920688
20,21938603
20,21885500
20,21956189
20,21934525
20,21899029
20,21934799
20,21949431
20,21901256
20,21971780
20,21901398
20,21886362
20,21886167
20,21960465
20,21918642
20,21961964
20,21960835
20,21910713
20,21961472
20,21921159
20,21958049
20,21961410
20,21972581
20,21905732
20,21897656
20,21890047
20,21939656
20,21938530
20,21979109
20,21918288
20,21936485
20,21885805
20,21977669
20,21918427
20,21897493
20,21979917
20,21885619
20,21918471
20,21977306
20,21979628
20,21980572
20,21911862
20,21981597
20,21949150
20,21974835
20,21884872
20,21900477
20,21890552
20,21899864
20,21983464
20,21899248
20,21917393
20,21901923
20,21900055
20,21916914
20,21902100
20,21900117
20,21918106
20,21947184
20,21919054
20,21974590
20,21929057
20,21886007
20,21906780
20,21901123
20,21918898
20,21918213
20,21914194
20,21889318
20,21891163
20,21899708
20,21890690
20,21980205
20,21884832
20,21975026
20,21921104
20,21890848
20,21899141
20,21890048
20,21888935
20,21907562
20,21890817
20,21888383
20,21963058
20,21897170
20,21921768
20,21896271
20,21985781
20,21896714
20,21887266
20,21971157
20,21913284
20,21891510
20,21901232
20,21918310
20,21885311
20,21918879
20,21985498
20,21945111
20,30207659
20,30220823
20,30196356
20,30193538
20,30192389
20,30196148
20,30200751
20,30187609
20,30192093
20,30185758
20,30220599
20,30187310
20,30198480
20,30212146
20,30223509
20,30219721
20,30218172
20,30216817
20,30217708
20,30213229
20,30211597
20,30223438
20,30213652
20,30221936
20,30217560
20,30209740
20,30211195
20,30178028
20,30154237
20,30167256
20,30153934
20,30166371
20,30204156
20,30207316
20,30198473
20,30202961
20,30177582
20,30194714
20,30150077
20,30193071
20,30156378
20,30164929
20,30198207
20,30147270
20,30160659
20,30168636
20,30198979
20,30108533
20,30197850
20,30194899
20,30190720
20,30163706
20,30197663
20,30195166
20,30161910
20,30162695
20,30171209
20,30191487
20,30193110
20,30200765
20,30159304
20,30198560
20,30192948
20,30152281
20,30163779
20,30191084
20,30194248
20,30199459
20,30156490
20,30148026
20,30186031
20,30190944
20,30187453
20,30157026
20,30185638
20,30190923
20,30184866
20,30147952
20,30147826
20,30187681
20,30147554
20,30169631
20,30187283
20,30187960
20,30190053
20,30169673
20,30192907
20,30143278
20,30096895
20,30079334
20,30202414
20,30169252
20,30108646
20,30109829
20,30099549
20,30110075
20,30117105
20,30111640
20,30141333
20,30129046
20,30098094
20,30096825
20,30122316
20,30123940
20,30133414
20,30131530
20,32952125
20,33081906
20,32905161
20,42771647
20,43042364
20,44551855
20,46096317
20,46098043
20,46100593
20,46099735
20,46340596
20,46340974
20,46341313
20,51033910
20,51024233
20,51024515
20,51037972
20,51033123
20,51027480
20,51031169
20,51026284
20,51034268
20,51033681
20,51034311
20,51031437
20,51038365
20,51045250
20,51020366
20,51044117
20,51026784
20,51025381
20,51046965
20,51019669
20,51020965
20,51046309
20,51018249
20,51028505
20,51029026
20,51027419
20,51018469
20,51016925
20,51028765
20,51011922
20,51010294
20,51034324
20,51009514
20,51588847
20,55836040
20,569164
20,571467
20,62711459
21,16340289
21,30741454
21,30719010
21,30615513
21,30660026
21,30745169
21,30720536
21,30695401
21,30689070
21,30745722
21,30686212
21,30718201
21,30719183
21,30689195
21,30661694
21,30686091
21,30638285
21,30668428
21,30695347
21,30681507
21,30743863
21,30740622
21,30722531
21,30736145
21,30691325
21,30666867
21,42653567
21,42653434
21,42653237
21,42622657
21,42633065
21,42653289
21,42653468
21,42653121
21,42626706
21,42625270
21,42630531
21,43721337
21,43722586
21,43723309
21,43722069
21,43722709
21,46271452
21,46898174
21,46894577
21,46907287
21,46896656
21,46896489
21,46907479
21,46896458
21,46914040
21,46908998
21,46914261
21,46903484
22,21958872
22,21953288
22,21953276
22,21949411
22,21971010
22,21966442
22,21932264
22,21957992
22,30914473
22,30904724
22,30902743
22,30892555
22,30912889
22,30925492
22,30906304
22,30895483
22,30901592
22,30915758
22,30925616
22,30903359
22,30894943
22,30904704
22,30898409
22,30901072
22,30904622
22,30899408
22,30906008
22,30906396
22,30907585
22,30904232
22,30908606
22,30902418
22,30909767
22,30907168
22,30912328
22,30904212
22,30916443
22,30916380
22,30917077
22,30911996
22,30900829
22,30915804
22,30909933
22,30910148
22,30915186
22,30910625
22,30916877
22,30892255
22,30909224
22,30911291
22,30916518
22,30914544
22,30881245
22,30918825
22,30931307
22,30904912
22,30891294
22,30930491
22,30921249
22,30917091
22,30888494
22,30876835
22,30889967
22,31507049
22,36042986
22,38594668
22,38595411
22,38595260
22,38595240
22,38634266
22,38635679
22,38637676
22,38634388
22,38640841
22,38640312
22,44324727
22,44324730
22,44324855
2,100729293
2,100712346
2,100699507
2,100686519
2,100684578
2,100690130
2,100715803
2,100697201
2,100709533
2,100696827
2,100699882
2,100680279
2,100673501
2,100671449
2,100689652
2,100692175
2,100690616
2,100646137
2,100659409
2,100691493
2,100637788
2,100639482
2,100672808
2,100659389
2,100644797
2,111714577
2,111877174
2,111890379
2,111890432
2,111877175
2,111894720
2,111899881
2,111910083
2,111712607
2,111910091
2,111710863
2,111712242
2,111870220
2,111715575
2,121347612
2,136602491
2,136581848
2,136555659
2,136765951
2,146353184
2,146353440
2,146346812
2,146354294
2,146352541
2,146348037
2,146347459
2,146349378
2,146360626
2,146352036
2,146365246
2,146349854
2,146371961
2,146371549
2,146371900
2,146356060
2,146364168
2,146362223
2,146367137
2,146369563
2,146355456
2,146363332
2,146359851
2,146360680
2,146358164
2,146373927
2,146359296
2,146371737
2,146362817
2,146360008
2,146367170
2,146356812
2,146364156
2,158514969
2,158518238
2,158514510
2,158508271
2,162966841
2,163124051
2,162991884
2,162991675
2,163110536
2,162989968
2,162967020
2,162990369
2,162990727
2,162989903
2,162990290
2,162988828
2,162990576
2,162985704
2,162987525
2,162993472
2,162991247
2,162984829
2,162992731
2,162978811
2,162975169
2,162975397
2,162974976
2,162982446
2,162969662
2,162975187
2,162975503
2,162975991
2,162976091
2,162995159
2,162974894
2,165518799
2,165504841
2,165551201
2,174075761
2,188292458
2,188265543
2,188323311
2,188291723
2,188321692
2,188280896
2,188271819
2,188322434
2,188321173
2,188326949
2,188283061
2,188323852
2,188272460
2,188249420
2,188324216
2,188307429
2,188273829
2,188318203
2,188198652
2,188316181
2,188269685
2,188332692
2,188257985
2,188340396
2,188302587
2,188217500
2,188315234
2,188084469
2,188293391
2,188163250
2,188182661
2,188201216
2,188234520
2,188241519
2,188175386
2,188227008
2,188227921
2,188345348
2,188229820
2,188278822
2,188171337
2,188304446
2,188276584
2,188216783
2,188093671
2,188270337
2,188084535
2,188192019
2,188325657
2,188214823
2,188334401
2,188326005
2,188150329
2,188153308
2,188112487
2,188150214
2,188227613
2,188149415
2,188206664
2,188116196
2,188241953
2,188149335
2,188131585
2,188229007
2,188087666
2,188254173
2,188235611
2,188166862
2,188336097
2,188143075
2,188146887
2,188233714
2,188139930
2,188307962
2,188236819
2,188075497
2,188295534
2,188237868
2,188214239
2,188308604
2,188343781
2,188234928
2,188278035
2,188235258
2,188147302
2,188343497
2,188310305
2,188165951
2,188307334
2,188185287
2,188183781
2,188308240
2,188183805
2,188190584
2,188252411
2,188127331
2,188203848
2,188202989
2,188199583
2,188341047
2,188195365
2,188156425
2,188191834
2,188156452
2,188183918
2,188157117
2,188178480
2,188243940
2,188155444
2,188326763
2,188154825
2,188333064
2,188112036
2,188315577
2,188179494
2,188154357
2,188154489
2,203497786
2,203493293
2,203495058
2,203484624
2,203485086
2,20372409
2,20371380
2,20368519
2,208372913
2,208396187
2,208373295
2,208398929
2,208373267
2,208375063
2,208371637
2,208374131
2,208382435
2,208410267
2,208375995
2,208381189
2,208412092
2,208437433
2,208420977
2,208494855
2,208435555
2,208422335
2,208493575
2,208413497
2,208418101
2,208443372
2,208392132
2,208429159
2,208412532
2,208443011
2,208497965
2,208394531
2,208431830
2,208386024
2,208418313
2,208470448
2,208494262
2,208393907
2,208423429
2,208469585
2,208430383
2,208434645
2,208382602
2,208441776
2,208508181
2,208471178
2,208467997
2,208422263
2,208471480
2,208448995
2,208451238
2,208469184
2,208474281
2,208467150
2,208451166
2,208440724
2,208384687
2,208468472
2,208386799
2,208511068
2,208386604
2,208479393
2,208473468
2,208514343
2,208503410
2,208483986
2,208454639
2,208479575
2,211540507
2,212274447
2,212264560
2,212256192
2,212249706
2,211848234
2,212264802
2,212272614
2,212187908
2,212292699
2,212764819
2,211850025
2,212271176
2,212275221
2,212296094
2,21231524
2,215377588
2,215367736
2,215370356
2,215370140
2,215370706
2,215370722
2,215295727
2,215370648
2,215398354
2,215397752
2,215369762
2,215363306
2,215374209
2,215342549
2,215398992
2,215384251
2,215325127
2,215367159
2,215378364
2,215386916
2,215402926
2,219699999
2,21504669
2,227101309
2,227094758
2,227100490
2,227099180
2,227099534
2,227092802
2,228565656
2,228550298
2,228544403
2,228542429
2,230019348
2,230021445
2,230020848
2,230022094
2,230023244
2,230024494
2,230020304
2,230020406
2,239597
2,249092
2,268191
2,267367
2,264227
2,271797
2,264019
2,262335
2,281178
2,264621
2,268293
2,269679
2,228088
2,258210
2,256116
2,239969
2,242132
2,274672
2,227201
2,242395674
2,26571411
2,26572068
2,26592429
2,26584312
2,26584310
2,27730940
2,27741237
2,27742603
2,27584666
2,30480750
2,30480756
2,30478779
2,30480196
2,30491556
2,30480865
2,30479283
2,30478628
2,30482285
2,30479927
2,30491946
2,30491746
2,30478386
2,30478173
2,30481343
2,30481309
2,30491906
2,30489941
2,30481917
2,30489411
2,30488183
2,3642361
2,3640142
2,42590122
2,42588195
2,42575926
2,42574348
2,42574616
2,42585179
2,42585855
2,42573086
2,42694337
2,42577220
2,42580071
2,42509320
2,42512726
2,42572624
2,42604109
2,42591338
2,42515670
2,42591387
2,42615385
2,42565581
2,42605151
2,42567897
2,42540757
2,42612306
2,42597409
2,42554270
2,42600937
2,42653072
2,42525613
2,42613272
2,42521709
2,42509829
2,42385953
2,42622930
2,42602387
2,42526177
2,42535317
2,42680819
2,42530959
2,42511903
2,42520452
2,42384590
2,42521697
2,48962291
2,54033988
2,54135004
2,54135052
2,54041983
2,54049248
2,54162022
2,54165846
2,54049469
2,54048358
2,54120820
2,54202448
2,54210781
2,58772377
2,58950363
2,58765284
2,58767826
2,58772966
2,58805945
2,58782277
2,58802507
2,58791420
2,58961136
2,58959112
2,58955028
2,58771512
2,58950363
2,58805945
2,58802507
2,58961136
2,58959112
2,58955028
2,58956557
2,65284231
2,65279414
2,65279805
2,65287896
2,65276452
2,65276736
2,66677881
2,66676367
2,66671858
2,66673862
2,66665146
2,66677531
2,66680892
2,66668309
2,70233392
2,70256700
2,70251490
2,70261657
2,70283971
2,70286318
2,70207503
2,85547429
2,85542718
2,85546052
2,85542686
2,85549547
2,85547963
2,85549527
2,85552186
2,85546192
2,85547376
2,85548639
2,85551779
2,85546615
2,85546932
2,85551696
2,85552820
2,85549868
2,85553784
2,85543064
2,85551184
2,85541083
2,85537312
2,85552709
2,85555478
3,114753078
3,114833283
3,114894528
3,114790058
3,114932225
3,114711353
3,114694757
3,119529113
3,123065778
3,123068109
3,123068743
3,123072318
3,123068286
3,123064089
3,123054770
3,123089670
3,123066485
3,123072883
3,123064831
3,123087264
3,123062970
3,123078079
3,123080961
3,123075118
3,123085359
3,123084379
3,123082416
3,12360494
3,12346108
3,12374332
3,12376427
3,12375580
3,129296847
3,129297223
3,129294456
3,129298686
3,129298994
3,129309455
3,129317585
3,129301874
3,133492329
3,133478557
3,133490621
3,135932359
3,135925191
3,135926622
3,150066540
3,152016969
3,152064520
3,152062241
3,152054222
3,152033705
3,152008390
3,151994580
3,151990779
3,151991598
3,153851061
3,153831289
3,153855251
3,153822701
3,153824842
3,153858957
3,153821584
3,153846481
3,153853669
3,153841613
3,153843814
3,153844362
3,153839624
3,153853705
3,153840389
3,153849239
3,153832133
3,153833136
3,156244888
3,156268453
3,156797941
3,156797648
3,15846011
3,15782711
3,15805165
3,15781005
3,15781620
3,15784891
3,15776524
3,15776684
3,15782174
3,15800808
3,15828264
3,15889398
3,15739204
3,15827664
3,15833653
3,15893237
3,15760462
3,15765388
3,15847941
3,15855507
3,15865369
3,15760340
3,15754247
3,15759240
3,15856233
3,15869857
3,15759491
3,15728687
3,15828932
3,15849825
3,15899177
3,15851906
3,15872730
3,15750344
3,15882245
3,15779194
3,15833903
3,15867375
3,15867596
3,15886992
3,171959684
3,171965109
3,171963717
3,171961485
3,171969077
3,185824004
3,185812634
3,185814642
3,185810481
3,185805294
3,185802628
3,185803532
3,185818559
3,185820283
3,185818882
3,195298892
3,196198533
3,196190893
3,196200188
3,196202961
3,196200737
3,196187608
3,196207989
3,196193763
3,196213855
3,196173646
3,196218353
3,196219365
3,196073072
3,196187927
3,196094062
3,196217038
3,196094213
3,196181014
3,196181071
3,196178824
3,196182321
3,196181269
3,196223935
3,196226059
3,196223899
3,196106306
3,196106754
3,24302811
3,24304677
3,24291197
3,24289855
3,24290175
3,24290975
3,24309095
3,24289645
3,24286407
3,36960660
3,36953424
3,36952932
3,47045846
3,47096523
3,47097985
3,47061183
3,47185650
3,47172407
3,47220341
3,50038664
3,50040194
3,52532118
3,52838654
3,52532118
3,57596105
3,57540533
3,57530156
3,57544923
3,57538401
3,57653488
3,57528503
3,57533658
3,57646329
3,57535116
3,57582378
3,57578276
3,57572939
3,57579862
3,57578801
3,57572327
3,57618003
3,57583265
3,57564504
3,57575204
3,57567724
3,57653564
3,57605297
3,57564748
3,57624128
3,57555793
3,57561598
3,57565855
3,57550615
3,57602580
3,57559004
3,57557134
3,57567217
3,57557160
3,57664489
3,57655009
3,57623555
3,57525974
3,57679220
3,62459819
3,62682499
3,62482888
3,62481063
3,62482927
3,62459553
3,66874481
3,66853353
3,66841702
3,66833437
3,67011983
3,66830753
3,69803691
3,69833100
3,69836592
3,69803328
3,69807905
3,69835405
3,69815837
3,69840659
3,69832377
3,69837535
3,69816117
3,69824230
3,69827409
3,69795052
3,69800639
3,69795157
3,69843262
3,69795183
3,69796492
3,69827001
3,69825970
3,69797020
3,70493764
3,70508703
3,70506833
3,70502311
3,70494486
3,70494782
3,70516421
3,70475405
3,70499164
3,70493809
3,71580180
3,71566344
3,71557945
3,71532738
3,71571181
3,71576058
3,71522178
3,71579022
3,71531467
3,71574051
3,71677981
3,71532113
3,71556471
3,71677457
3,71679148
3,71676158
3,71675270
3,71571696
3,71672825
3,71673337
3,71517643
3,71583177
3,71552366
3,71668037
3,71553132
3,71517527
3,71668055
3,71673281
3,71583383
3,71552119
3,71554185
3,71569678
3,71675423
3,71563561
3,71672666
3,71677490
3,71673602
3,71532621
3,71563777
3,71551971
3,71578737
3,71516857
3,71668528
3,71571345
3,71550774
3,71527785
3,71527191
3,71542279
3,71571667
3,71673353
3,71531170
3,71542259
3,71539405
3,71531708
3,71535338
3,71545170
3,71667063
3,71544614
3,71550670
3,71533378
3,87037543
4,100465173
4,100459555
4,100459752
4,100457432
4,100464021
4,100462694
4,100456834
4,100020668
4,100450773
4,100489482
4,100499478
4,100453576
4,100021129
4,100488649
4,100501821
4,100492625
4,100458721
4,100476428
4,100461869
4,100468235
4,100517324
4,100482230
4,103188709
4,103283117
4,106081636
4,106071064
4,106087217
4,105806108
4,106088051
4,106083776
4,110578226
4,110638824
4,110578226
4,143319721
4,143319423
4,143321490
4,143318853
4,143326714
4,143318836
4,143324036
4,143318673
4,143316581
4,151199080
4,151210677
4,151207895
4,151210344
4,151210761
4,151214005
4,151207127
4,151188522
4,151189878
4,151191830
4,151205643
4,151189320
4,151184963
4,151191620
4,151206319
4,151193201
4,151183334
4,151378914
4,151182830
4,151193980
4,151375055
4,151393615
4,151424942
4,151396025
4,151408045
4,151389178
4,151171269
4,151378125
4,151205598
4,151377707
4,151412346
4,151399633
4,151377572
4,151424328
4,151411626
4,151382706
4,151393653
4,151430475
4,151421176
4,151432470
4,151444961
4,151441243
4,151424949
4,151443988
4,151446058
4,151424891
4,151424199
4,151432069
4,151457037
4,151425714
4,151431655
4,151434711
4,151438606
4,151316677
4,151313351
4,151443289
4,151445791
4,151337155
4,154208278
4,154190965
4,157682598
4,157696636
4,157695392
4,157681890
4,17957688
4,17918700
4,18032493
4,17880416
4,17901368
4,18029165
4,17903009
4,18032419
4,17892400
4,18030282
4,17901054
4,18031110
4,17902107
4,17884986
4,17908413
4,17892364
4,17992332
4,17910236
4,17950968
4,17896575
4,17890960
4,17957354
4,17902920
4,17970655
4,17962684
4,17947642
4,17873692
4,17913879
4,17963076
4,17917190
4,18025029
4,17929747
4,17962379
4,17922866
4,17961415
4,17983055
4,17872707
4,17952609
4,17947873
4,17973217
4,17960168
4,17962935
4,18017730
4,17952056
4,17874089
4,18028987
4,17959581
4,17966746
4,17962260
4,17959776
4,17924734
4,17952959
4,17967958
4,17958690
4,17949607
4,17950626
4,17950172
4,17953590
4,17960008
4,17936634
4,18029100
4,18025368
4,17951035
4,17956657
4,17988635
4,17941027
4,17918393
4,17970326
4,18029299
4,17936443
4,17984874
4,18033488
4,17984316
4,17957576
4,17984842
4,17954822
4,17984277
4,17990181
4,17988141
4,18030853
4,18027235
4,17986863
4,17986522
4,17950850
4,17932319
4,17957200
4,17984129
4,17985374
4,17931318
4,17991423
4,17984462
4,17957158
4,17957698
4,17966468
4,18021770
4,17985189
4,17956017
4,17930609
4,17948668
4,17939302
4,18013639
4,17934461
4,17967896
4,17948497
4,17967094
4,17948352
4,17940718
4,17967114
4,17939740
4,17979829
4,17934394
4,17940227
4,17952208
4,17939331
4,17944840
4,18024031
4,17976326
4,17948089
4,17976846
4,17968811
4,17973899
4,17974181
4,17939921
4,17933810
4,18008700
4,17940197
4,17971138
4,17937361
4,17976779
4,17944743
4,17973698
4,17975603
4,18016877
4,17972078
4,17974883
4,17877487
4,18012454
4,17994661
4,17997066
4,17973171
4,18006089
4,17995500
4,17995312
4,17991679
4,18019413
4,18017938
4,17995047
4,18019025
4,18009798
4,18018944
4,18006951
4,18024121
4,18019572
4,18018236
4,2260812
4,2264312
4,2259457
4,2252624
4,2252980
4,2266100
4,2259463
4,2262191
4,2255063
4,2257917
4,2253815
4,2258850
4,2250109
4,26047616
4,26050450
4,26031219
4,3241845
4,3272782
4,3230410
4,39698824
4,39684217
4,39694675
4,39698171
4,39696126
4,39690216
4,39686332
4,39693476
4,39691893
4,39698738
4,39693947
4,39700173
4,39788949
4,45186139
4,45181334
4,45175691
4,45179883
4,45182527
4,4990298
4,55530748
4,55498781
4,55501728
4,55499537
4,55499386
4,55498515
4,55503194
4,55508495
4,69339933
4,69340991
4,69373407
4,69349018
4,69349677
4,69332537
4,69335293
4,69330527
4,69331225
4,69330421
4,69328421
4,69353863
4,74512280
4,76572191
4,83907105
4,83899764
4,83906408
4,83911034
4,83903895
4,83929495
4,83908601
4,83914473
4,83906282
4,83896818
4,83910874
4,83910406
4,83919623
4,83855538
4,83822334
4,83754826
4,83917037
4,83875644
4,83764077
4,83814018
4,83908766
4,83798446
4,83923869
4,83944060
4,83820170
4,83851693
4,83848965
4,83733766
4,83888726
4,83941830
4,83911526
4,83760038
4,83901567
4,83892046
4,83931687
4,83760644
4,83834144
4,83849581
4,83830244
4,83925895
4,83889236
4,83790963
4,83836725
4,83778839
4,83799430
4,83795154
4,83756029
4,83795014
4,83914505
4,83952862
4,83752924
4,83874623
4,83789323
4,83886805
4,83821324
4,83760085
4,83801849
4,83745482
4,83794017
4,83794641
4,83780897
4,83799508
4,83782316
4,88050554
4,88053085
4,88051908
4,88052219
4,88064431
4,88023870
4,88023299
4,88009779
4,88000423
4,88030261
4,88021500
4,88018489
4,88040406
4,88008614
4,89730074
4,89725056
4,89711849
4,89742244
4,89725466
4,89724963
4,89736719
4,89741269
4,965720
4,980464
4,982852
4,983809
4,965779
4,961191
4,954275
4,100020668
4,100021129
4,100239268
5,112379659
5,112382159
5,112382137
5,112379434
5,112382917
5,112380843
5,112380060
5,112381370
5,112385510
5,112383275
5,112386284
5,112392744
5,112385447
5,112386154
5,112381520
5,112390049
5,118729327
5,118729286
5,127357526
5,127350549
5,127367998
5,127364103
5,127349745
5,127406259
5,127388844
5,127347013
5,127453735
5,1284135
5,1282319
5,1282414
5,129204181
5,129196638
5,129199718
5,129191866
5,129192881
5,129159769
5,129168399
5,129166710
5,129165799
5,129160793
5,129173894
5,129201470
5,129170133
5,129170280
5,129176251
5,129184066
5,129204815
5,129187831
5,129189313
5,129124987
5,129123285
5,129123700
5,129147174
5,129135462
5,129142578
5,129156729
5,129144005
5,129148573
5,129143730
5,129130468
5,129148172
5,129134501
5,131008194
5,131281458
5,131320462
5,131098220
5,131002792
5,131310744
5,131014383
5,132444128
5,134444982
5,134443606
5,134441457
5,141542219
5,141543989
5,141543084
5,141543076
5,141543080
5,141501662
5,141513018
5,141509282
5,148844793
5,148846518
5,153444950
5,153443782
5,153416366
5,153443533
5,153417721
5,153432970
5,153371463
5,153438808
5,153435738
5,153415482
5,153369016
5,153434018
5,153388912
5,153402703
5,153431469
5,153406644
5,153412185
5,153431458
5,153405085
5,153406987
5,153432130
5,153421935
5,153369456
5,153403615
5,153419342
5,153405654
5,153429987
5,153374898
5,153432733
5,153374892
5,153372743
5,153423016
5,153363334
5,153422883
5,153381280
5,153385233
5,153387399
5,153395920
5,153402050
5,153389781
5,153395687
5,153387890
5,153396774
5,153366603
5,153360230
5,153385747
5,153391709
5,153360937
5,153397674
5,153413390
5,153377598
5,153386103
5,158020425
5,158022724
5,158007165
5,158027575
5,158025983
5,158001136
5,158000835
5,158011435
5,158000844
5,157999755
5,158622532
5,158618265
5,158614087
5,158593373
5,158614357
5,158603571
5,158599358
5,158635102
5,158604963
5,158656641
5,158630046
5,158652049
5,158642064
5,170612546
5,170580152
5,170506141
5,170611224
5,170623391
5,170610273
5,170525393
5,170368907
5,170459675
5,170532105
5,170529335
5,170544147
5,170573778
5,170518104
5,170445842
5,170583569
5,170354039
5,170529598
5,170599327
5,170516570
5,170322919
5,170517036
5,170495158
5,172591337
5,172595024
5,172486739
5,172488417
5,172534347
5,172595998
5,172519608
5,172489416
5,172552315
5,172549449
5,172524035
5,172524537
5,172524845
5,172576100
5,172522096
5,172547600
5,172494772
5,172511550
5,172500586
5,172557038
5,172552330
5,172515179
5,172490001
5,172560793
5,172566698
5,172516765
5,172577864
5,172572954
5,172576255
5,172575703
5,173356752
5,173356748
5,173349404
5,173351488
5,173345023
5,173339531
5,173337853
5,173351081
5,173350990
5,173353514
5,173357810
5,173350405
5,173356638
5,173344153
5,173349840
5,173340496
5,173348156
5,173357206
5,173378180
5,173324971
5,173318254
5,173326891
5,173320815
5,173392398
5,173326714
5,173362726
5,173388311
5,173339222
5,173358337
5,173328024
5,173336792
5,173373488
5,173365448
5,173362458
5,173367586
5,173373143
5,173373948
5,173331851
5,173372625
5,173374655
5,173365310
5,173375257
5,173378286
5,173374760
5,173379347
5,176551103
5,176550301
5,176546460
5,176574088
5,176548594
5,176564189
5,176583966
5,176552468
5,176733616
5,176563698
5,176655345
5,176633749
5,176644175
5,180349778
5,39451982
5,39504658
5,39491186
5,39469488
5,39480602
5,52697383
5,53276301
5,53272664
5,53271420
5,53275956
5,53300662
5,53298025
5,53303595
5,53300640
5,53300591
5,53301416
5,53300090
5,53300947
5,53300288
5,53301805
5,53300073
5,53303452
5,53299095
5,53302620
5,53302729
5,53302837
5,53303127
5,53274467
5,53296557
5,53300827
5,53304725
5,53299376
5,53305259
5,53305419
5,53304873
5,53304933
5,53298762
5,53298923
5,53296730
5,53298714
5,53297824
5,53297611
5,53299959
5,55808475
5,55806751
5,55809465
5,55808342
5,665148
5,657291
5,659343
5,655067
5,644552
5,645484
5,646418
5,643028
5,664084
5,665671
5,660491
5,665295
5,560476
5,660804
5,662613
5,655438
5,1077061
5,661856
5,662547
5,560923
5,671294
5,659437
5,645562
5,639231
5,670909
5,618586
5,602650
5,667620
5,640728
5,671826
5,589853
5,590458
5,583442
5,636299
5,590742
5,672593
5,637277
5,590710
5,591138
5,590626
5,623733
5,67714246
5,72919127
5,72935015
5,72917439
5,72919578
5,72942296
5,72919887
5,72932820
5,72944839
5,72936117
5,72922647
5,72967078
5,72950536
5,72947068
5,72926514
5,72965751
5,72928034
5,72946717
5,75003678
5,75700310
5,75705131
5,78543716
5,78613997
5,78472599
5,78616164
5,78565563
5,78461107
5,78613986
5,78573993
5,78546455
5,78559632
5,78463395
5,78612886
5,78554134
5,78577176
5,78579870
5,78434291
5,78540481
5,78570219
5,78613916
5,78597779
5,78556798
5,78556555
5,78554137
5,78552312
5,78548010
5,78431486
5,78557241
5,78542516
5,78603510
5,78573970
5,78574237
5,78479678
5,78432799
5,78533584
5,78628233
5,78475423
5,78508752
5,78483867
5,78557948
5,78627953
5,78578884
5,78558635
5,78433572
5,78436211
5,78451409
5,78487862
5,78463478
5,78548873
5,78430689
5,78562399
5,78542290
5,78561718
5,78465698
5,78458257
5,78513167
5,78597058
5,78493873
5,78569956
5,78515198
5,78627470
5,78617534
5,78436755
5,78596919
5,78539399
5,78593158
5,78563302
5,78495899
5,78581371
5,78586493
5,78536190
5,78628629
5,78580156
5,78444148
5,78563227
5,78500081
5,78602863
5,78447005
5,78534134
5,78507910
5,78561373
5,78532658
5,78581388
5,78614623
5,78555208
5,78509168
5,78562000
5,82815158
5,82810884
5,82815170
5,95671575
5,96105926
5,96101959
5,96105043
5,96104835
5,96107774
5,96100764
5,96099958
5,96174929
5,96185949
5,96186988
5,96183427
5,96179943
6,107444903
6,107442277
6,107434628
6,107437166
6,107441254
6,107441753
6,107445266
6,107429304
6,107422239
6,107433400
6,107427166
6,107433645
6,107426692
6,107431688
6,107432912
6,109510972
6,109524795
6,109554233
6,109639710
6,109641115
6,109639656
6,109641563
6,109640690
6,109640667
6,109631315
6,109640321
6,109639971
6,109639876
6,109638828
6,109641677
6,109625550
6,109642957
6,109641411
6,116327493
6,116322349
6,116317444
6,116341710
6,116338065
6,116317092
6,116327861
6,116316103
6,116399372
6,116316882
6,116316896
6,116410614
6,116387255
6,116350788
6,116396981
6,127437617
6,127440047
6,127454893
6,131931092
6,131924689
6,131926334
6,131918839
6,131917379
6,131950401
6,135428537
6,135422296
6,135402339
6,135424179
6,135426558
6,135419631
6,135419636
6,135419688
6,137082948
6,137083138
6,139261477
6,139312539
6,139293109
6,139229695
6,139294192
6,139273448
6,139288964
6,139274875
6,139835498
6,139835604
6,139836562
6,139834869
6,139837128
6,153462557
6,153455994
6,153463135
6,153461109
6,153467469
6,153466478
6,153462396
6,153465288
6,153458348
6,153462029
6,153459796
6,153465230
6,153468733
6,161008646
6,161092438
6,163033350
6,163137746
6,163137793
6,163037975
6,163041271
6,163049048
6,163046252
6,163082480
6,163069710
6,163081638
6,163069506
6,163080778
6,163081812
6,163066323
6,163068532
6,163071456
6,163055804
6,163087003
6,163085911
6,163102657
6,163055716
6,163088796
6,163074867
6,163100710
6,163052444
6,163090778
6,163090258
6,163051845
6,163053028
6,163114362
6,163104432
6,163048380
6,163123933
6,163127302
6,163121583
6,163045753
6,163139540
6,163144929
6,163107647
6,163145412
6,163117620
6,163202739
6,163199467
6,163045742
6,163745049
6,163744748
6,163744361
6,163745411
6,163740089
6,163740322
6,16810627
6,16818805
6,16818577
6,16825137
6,26200677
6,26186200
6,26184102
6,26172219
6,26180634
6,28305508
6,28052823
6,28168343
6,28043828
6,28079741
6,28285985
6,28306671
6,28281894
6,28278688
6,28092685
6,28143118
6,28141460
6,28250955
6,28126840
6,28086883
6,28097193
6,28271973
6,28102378
6,28318331
6,28314880
6,28304384
6,28281541
6,28277671
6,28250179
6,28290647
6,28290328
6,28265954
6,28191057
6,28193102
6,28411941
6,28453618
6,28089731
6,28187632
6,28238059
6,28394680
6,28323702
6,28258208
6,28191288
6,28203056
6,28324378
6,28332141
6,28357807
6,28201531
6,28225311
6,28190830
6,28073881
6,28107357
6,28482917
6,28345282
6,28065801
6,28257377
6,28349698
6,28368508
6,28080628
6,28354835
6,28358009
6,28360659
6,28359632
6,28366151
6,28364232
6,28436145
6,28362309
6,28124114
6,28129232
6,28058949
6,28060239
6,28130089
6,28129231
6,28139710
6,28134221
6,28144832
6,28130450
6,28133239
6,28114818
6,28150878
6,28079598
6,30153363
6,30173538
6,30161536
6,30279130
6,30152467
6,30299245
6,30251391
6,30285312
6,30248711
6,29945949
6,30127805
6,30083708
6,30128949
6,30125543
6,29970960
6,30038647
6,30343272
6,29915061
6,29730002
6,29752808
6,30112795
6,30032522
6,30137387
6,30063652
6,30224970
6,29730848
6,30321732
6,29986324
6,29672941
6,30278745
6,30323110
6,30323109
6,30328192
6,31236467
6,31302029
6,31300181
6,31295941
6,31299350
6,31290768
6,32596370
6,32599131
6,32600142
6,32603277
6,32600917
6,32669018
6,32649676
6,32443033
6,32443061
6,34595543
6,34658080
6,34595543
6,34655000
6,34656722
6,35133074
6,36477260
6,36423085
6,36457995
6,36412213
6,36488441
6,36451777
6,36478798
6,36454346
6,36468616
6,36479195
6,36471639
6,36441474
6,36424458
6,36472349
6,36478186
6,36475854
6,36441322
6,36477297
6,36480499
6,36466524
6,36479607
6,36487113
6,36480768
6,36478089
6,36418370
6,36488476
6,36486254
6,36469751
6,36484393
6,36483390
6,36491427
6,36471934
6,36492824
6,36490133
6,36494228
6,36431090
6,36495980
6,36478434
6,36493103
6,36431469
6,36457354
6,36422572
6,36432643
6,36484889
6,36501137
6,36471585
6,36418237
6,36499149
6,36500277
6,36505590
6,36499629
6,36499468
6,36496912
6,36509376
6,36429088
6,36495702
6,36429770
6,36428372
6,36391890
6,36426183
6,36430588
6,36505050
6,36426271
6,36509052
6,36508224
6,36394087
6,36508322
6,36393410
6,36415903
6,36512862
6,36397939
6,36512967
6,36402308
6,36508398
6,36437291
6,36404525
6,36388565
6,36418781
6,36407913
6,36402588
6,36403394
6,36449823
6,36407994
6,36447287
6,36468672
6,36429373
6,36482663
6,36486917
6,36435004
6,36490479
6,36467956
6,36481223
6,36462007
6,36451639
6,36450514
6,36451405
6,36474141
6,36448766
6,36503190
6,36475200
6,36492269
6,36480437
6,41986427
6,41986269
6,41987451
6,41989249
6,41992518
6,41988742
6,41986273
6,41990791
6,41990827
6,42940810
6,42934500
6,42929839
6,42934620
6,42936900
6,42926024
6,42924969
6,42941324
6,42935998
6,42924041
6,42938377
6,42932715
6,42942451
6,42934818
6,42925803
6,42924193
6,42925936
6,42923902
6,42924424
6,42922018
6,42924247
6,42919969
6,42929533
6,42920549
6,42922547
6,42932202
6,42921561
6,43760327
6,43757896
6,52627165
6,52623807
6,52627702
6,52626269
6,52626120
6,52627322
6,52627698
6,52627710
6,52630635
6,52625041
6,52621604
6,52625913
6,52623490
6,52623505
6,52630269
6,52620740
6,52623095
6,52626572
6,52630153
6,86302034
6,86325632
6,86350394
6,86298063
6,86335150
6,86331887
6,86347605
6,86309698
6,86328431
6,86364434
6,86349103
6,86334848
6,86306069
6,86327860
6,86258614
6,86439329
6,86349570
6,86353622
6,86258557
6,86291935
6,86296788
6,86304625
6,86305702
6,86305013
6,86248460
6,86240951
6,86237797
6,86303091
6,86287129
6,86294947
6,86257535
6,86354411
6,86330133
6,86333029
6,86308731
6,86233397
6,86247799
6,86266133
6,86232710
6,86345039
6,86234384
6,86208096
6,86231721
6,86236616
6,86240147
6,86340848
6,86241894
6,86360428
6,86224053
6,86280875
6,86358247
6,86225739
6,86352016
6,86353621
6,86368164
6,86206773
6,86229369
6,86283575
6,86263555
6,86210162
6,86236188
6,86376586
6,86330115
6,86228109
6,86336300
6,86358984
6,86382765
6,86368068
6,86425148
6,86432930
6,86244848
6,86245215
6,86223316
6,86374226
6,86402916
6,86214456
6,86217448
6,86234070
6,86278691
6,86388223
6,86264374
6,86180926
6,86205968
6,98566506
6,98584717
6,98584715
6,98584711
6,98561749
6,98549801
6,98555272
6,98553894
6,98583487
6,98584713
6,98565211
6,98550289
6,98584733
6,98584720
6,98574560
7,101886704
7,101873585
7,101890901
7,101892833
7,101886059
7,101873515
7,101885636
7,101736163
7,101875641
7,101736165
7,101880566
7,101878907
7,101735599
7,101732865
7,101881237
7,101735236
7,101754865
7,101733576
7,101882095
7,101737921
7,101737627
7,101737327
7,101738323
7,101738226
7,101737688
7,101738860
7,101820155
7,101738384
7,101740610
7,101760287
7,1051664
7,1051776
7,1208553
7,1102674
7,1075245
7,1070631
7,1072440
7,1071823
7,1073476
7,1070539
7,1071711
7,1070278
7,1070912
7,1066297
7,1072634
7,1073764
7,1072890
7,1068232
7,1069807
7,1067403
7,1084394
7,1082021
7,1085508
7,1080564
7,1080182
7,1080241
7,1105372
7,1096139
7,1086716
7,1108531
7,106801395
7,106801088
7,106810107
7,106802823
7,106798290
7,106810293
7,106877468
7,106807783
7,106965447
7,106903421
7,106799043
7,106902625
7,106904859
7,106803963
7,106886295
7,106963913
7,106804249
7,106878200
7,106796977
7,106912963
7,106790555
7,106965794
7,106888594
7,106823951
7,106875965
7,106938903
7,106945926
7,106887680
7,106963262
7,106817184
7,106807448
7,106963934
7,106794100
7,106964281
7,106788621
7,106814543
7,106827512
7,106898458
7,106941449
7,106810997
7,106812916
7,106901557
7,106934548
7,106864237
7,106907781
7,106934731
7,106823661
7,106817100
7,106968470
7,106880195
7,106814574
7,106907353
7,106817639
7,106792517
7,106833797
7,106795043
7,106890996
7,106891090
7,106834139
7,106814234
7,106786474
7,106892431
7,106909126
7,107031803
7,106812788
7,106903326
7,106904031
7,106923158
7,106787266
7,106960515
7,106913718
7,106897037
7,106881983
7,106885236
7,106902219
7,106993573
7,106843133
7,106786952
7,106940476
7,106961139
7,106891829
7,106863744
7,106912948
7,106953427
7,106985150
7,106887274
7,106904077
7,106786142
7,106967491
7,106829223
7,106948091
7,106863173
7,106865920
7,107002573
7,106863170
7,106962782
7,106898036
7,106944755
7,106942766
7,106881808
7,106969198
7,106930787
7,106944145
7,106933013
7,106832361
7,106937135
7,106876045
7,106959832
7,106927820
7,106943563
7,106949444
7,106955156
7,106851939
7,106924928
7,106962407
7,106960166
7,106818731
7,106934378
7,106955666
7,106954536
7,106890791
7,106825004
7,106946343
7,106860245
7,106819255
7,106959226
7,106909637
7,106983000
7,106964222
7,106933196
7,106933099
7,106939202
7,106925353
7,106957932
7,106823734
7,107009379
7,106954879
7,106942382
7,106943640
7,106957596
7,106815754
7,106958505
7,106808480
7,106792704
7,106963213
7,106826439
7,107009349
7,116982907
7,116978741
7,116966304
7,116983083
7,116963562
7,12267552
7,12267559
7,12269575
7,12265988
7,12267614
7,12267734
7,12277773
7,12268117
7,12268468
7,12269804
7,12269417
7,12267837
7,12269817
7,12269762
7,12268551
7,12266867
7,12273496
7,12270519
7,12268243
7,12273413
7,12270625
7,12272116
7,12267495
7,12271997
7,12283873
7,12270770
7,12270815
7,12283787
7,12284008
7,12272568
7,12283329
7,12269593
7,12268717
7,12283276
7,12283227
7,12276885
7,12280730
7,12284378
7,12263800
7,12263587
7,12279761
7,12266814
7,12265848
7,12264666
7,12263538
7,12267221
7,12265952
7,12264297
7,12266706
7,12264467
7,12263546
7,12261829
7,12263437
7,12263799
7,12262717
7,12275818
7,130429186
7,130424646
7,130422934
7,137561861
7,137562744
7,137560320
7,137564079
7,137567086
7,138039643
7,137559799
7,138033955
7,139036598
7,139039951
7,139117023
7,139116962
7,139054395
7,139061846
7,139018957
7,139069061
7,139120562
7,139088977
7,139058803
7,139120072
7,139026152
7,139061069
7,139118514
7,139025094
7,139091302
7,139118661
7,139113161
7,139052284
7,139077317
7,139052510
7,139051918
7,139051350
7,139043867
7,139051833
7,139041927
7,139043022
7,139043385
7,139051120
7,139043808
7,139023517
7,139051186
7,139052428
7,139052310
7,139043694
7,139043501
7,139051878
7,139039927
7,139026638
7,139026608
7,139043139
7,139039193
7,139044172
7,139028102
7,139115420
7,139039649
7,139023575
7,139022381
7,139027496
7,139028955
7,139044891
7,139037988
7,139034719
7,139054325
7,139042586
7,139020623
7,139052545
7,139052589
7,139055193
7,139053069
7,139030925
7,139030773
7,139074590
7,139053143
7,139054046
7,139038723
7,139032055
7,139038777
7,139034643
7,139110954
7,139053337
7,139034806
7,139033914
7,139022261
7,139054418
7,139114768
7,139054188
7,139059964
7,139054734
7,139110786
7,139029893
7,139066871
7,139109340
7,139033326
7,139054706
7,139070523
7,139112591
7,139109402
7,139071474
7,139046210
7,139020380
7,139112176
7,139112953
7,139112696
7,139112048
7,139064089
7,139113168
7,139068697
7,139066887
7,139066196
7,139073116
7,139075246
7,139065215
7,139068729
7,139062790
7,139065401
7,139066244
7,139075879
7,139092621
7,139019914
7,139064582
7,139075565
7,139065622
7,139019951
7,139069991
7,139075458
7,139132198
7,139065147
7,139065057
7,139071299
7,139089380
7,139090761
7,139089928
7,139111169
7,139091453
7,139065110
7,139080512
7,139088401
7,139061437
7,139064360
7,139066092
7,139087697
7,139069173
7,139085019
7,139094814
7,139082080
7,139096365
7,139083971
7,139094621
7,139094701
7,139095587
7,139086535
7,139070983
7,139093746
7,139093669
7,139085288
7,139096906
7,139115779
7,139080205
7,139098511
7,139084957
7,139086413
7,139098024
7,139098472
7,139099461
7,139100068
7,139099924
7,139103578
7,139104141
7,139101897
7,139103071
7,139082987
7,139102490
7,150537635
7,150540196
7,150542711
7,15901834
7,15903403
7,15903720
7,15903147
7,15903191
7,15906641
7,15909008
7,15909350
7,17776349
7,17780911
7,17778782
7,17920613
7,17911752
7,2296552
7,26397239
7,36170904
7,36170883
7,36192606
7,36193142
7,38265179
7,50308811
7,50308692
7,50308527
7,6461310
7,72822848
7,72823661
7,73037366
7,73039406
7,74361240
7,74297908
7,74359066
7,80300449
7,80392618
7,94953895
7,94947969
7,94945215
7,94946084
7,94947017
7,94944923
7,94945872
7,94946571
8,103876183
8,103876780
8,103880307
8,103890807
8,103881433
8,103879532
8,103891944
8,103879686
8,103876325
8,103892644
8,106385695
8,106388171
8,106386493
8,106392829
8,106395122
8,106395696
8,105977868
8,106394125
8,106323556
8,106397116
8,106372180
8,106366330
8,105976194
8,106377021
8,105972396
8,105959223
8,106399076
8,106398959
8,105973836
8,106404215
8,106401296
8,106401887
8,106398894
8,106400991
8,106397394
8,106368346
8,10643164
8,10669654
8,10641152
8,116597635
8,116594138
8,116597716
8,116593319
8,116593582
8,116593107
8,116597117
8,116595713
8,116597409
8,116593598
8,116596188
8,11854888
8,121872464
8,121860589
8,121867780
8,12617857
8,12617942
8,12618225
8,12621750
8,126507308
8,144296480
8,17800472
8,17818438
8,17800896
8,17819761
8,17795368
8,17793942
8,17791218
8,17637674
8,19742204
8,19823648
8,19986935
8,25464670
8,34519519
8,34510923
8,34518534
8,34517877
8,34515194
8,34514573
8,34500500
8,34492768
8,34458988
8,34491214
8,34459322
8,34503776
8,34446858
8,34433140
8,34421924
8,34381462
8,34377449
8,34405897
8,34413769
8,34401768
8,34384725
8,34370480
8,34372227
8,34397634
8,34371604
8,34513520
8,36848357
8,36858483
8,36854711
8,36846109
8,36851901
8,36848038
8,36853217
8,36853213
8,36858140
8,36847709
8,36847115
8,36859186
8,36771779
8,36770218
8,38328902
8,38328302
8,38327308
8,38326046
8,38325411
8,38324616
8,38327630
8,38321607
8,60654261
8,60654115
8,60652056
8,60647972
8,60647625
8,60652620
8,60645506
8,60651271
8,60643993
8,60642696
8,60642541
8,60684343
8,60645178
8,60652061
8,60640656
8,60654447
8,60670115
8,60695541
8,60691702
8,60657101
8,60634557
8,60675448
8,60687222
8,60685549
8,60686218
8,60647406
8,60685979
8,60649504
8,60683975
8,60674420
8,60636591
8,60636205
8,60638781
8,60675794
8,60641209
8,60633893
8,60674489
8,60677297
8,60679281
8,60683160
8,60686056
8,60673154
8,60679195
8,60678684
8,60675633
8,60691207
8,60628885
8,60671607
8,64799004
8,64797650
8,64796303
8,64756657
8,64727201
8,64702110
8,64708524
8,64732735
8,64737682
8,64739741
8,64702058
8,64721885
8,64703156
8,64702242
8,64703342
8,64790774
8,64703927
8,64725317
8,64786946
8,64716148
8,64838178
8,64709021
8,64765355
8,64716559
8,64785387
8,64716840
8,64716247
8,64701966
8,64784507
8,64716202
8,64703352
8,64706789
8,64785748
8,64835981
8,64718832
8,64718251
8,64719722
8,64719311
8,64706480
8,64718943
8,64835051
8,64720693
8,64720714
8,64751095
8,64706538
8,64717459
8,64756394
8,64752533
8,64772482
8,6620392
8,6600349
8,6599005
8,6616137
8,6610288
8,6615973
8,6610163
8,71196058
8,71194263
8,71239572
8,71196811
8,71213705
8,71186643
8,71138299
8,71189342
8,71250826
8,71249398
8,71236732
8,71244706
8,71241510
8,71244819
8,71231706
8,71245170
8,71182317
8,71251084
8,71237774
8,71129687
8,71255957
8,71131376
8,71268879
8,71267629
8,71267412
8,71271286
8,71151500
8,71269931
8,71128088
8,71175861
8,71167612
8,71172086
8,71218360
8,71144607
8,71166017
8,71175228
8,71278534
8,71277238
8,71277239
8,72459582
8,72454049
8,72460614
8,72459889
8,72426621
8,72436958
8,72432906
8,9183596
8,9343978
9,100784050
9,100780063
9,100960016
9,100741890
9,100750623
9,100775098
9,100757343
9,100788599
9,100768760
9,100789295
9,100985533
9,100775597
9,100746983
9,100677166
9,100786614
9,100697648
9,100732278
9,100683753
9,100742876
9,100748393
9,100760111
9,100699242
9,100707992
9,100713601
9,100684719
9,100677756
9,100351711
9,100749534
9,100292882
9,100679954
9,100720053
9,100684645
9,100686129
9,100684757
9,100795045
9,100700654
9,102620526
9,102544899
9,1038666
9,1038063
9,1036132
9,1035081
9,105805994
9,106801695
9,107589744
9,107661742
9,109062494
9,110112471
9,112556911
9,112551867
9,113830547
9,113828811
9,117148430
9,117144504
9,117146043
9,123480600
9,123480603
9,123361027
9,123394045
9,123383630
9,123394894
9,123478769
9,123419178
9,123389204
9,123400974
9,123460769
9,123472540
9,123426256
9,123470621
9,123481206
9,123440889
9,123429078
9,123483668
9,123375110
9,123408736
9,123481516
9,123408688
9,123424552
9,123479457
9,123483621
9,123480369
9,123479621
9,123410819
9,123441375
9,123484155
9,123358262
9,123466328
9,123412563
9,123360294
9,123480378
9,123482621
9,123363533
9,123368327
9,123368911
9,123483559
9,123479210
9,123381222
9,123392748
9,123388464
9,123359549
9,123388393
9,123476952
9,123482747
9,123484232
9,123474050
9,126539944
9,126586563
9,126535642
9,126535553
9,126548335
9,126525212
9,126598435
9,126555072
9,126547769
9,126634255
9,126593370
9,126613028
9,126542704
9,131561110
9,131565554
9,131562457
9,131569180
9,131563730
9,131564926
9,131571756
9,131567152
9,131567995
9,131567982
9,131564695
9,131564585
9,131564750
9,131562232
9,131585069
9,131563540
9,131569345
9,131572027
9,131569752
9,131582625
9,131595407
9,131600111
9,131575901
9,131569878
9,131583170
9,131572903
9,131576554
9,131577450
9,131580311
9,131573261
9,131570178
9,132214501
9,132218356
9,132222530
9,132222025
9,132220868
9,132233878
9,132221500
9,132234003
9,132233713
9,132233599
9,132233346
9,132234915
9,13705679
9,13703275
9,13697444
9,13712832
9,13708607
9,13719203
9,13713128
9,13712893
9,13712442
9,13711560
9,13712150
9,13712224
9,13712588
9,13705973
9,13716003
9,13704356
9,13724282
9,13698774
9,13730047
9,13701224
9,13730512
9,13715063
9,13731155
9,13688666
9,13703826
9,13452771
9,13731425
9,13717300
9,13682827
9,13710657
9,13720160
9,136141870
9,136149830
9,136155000
9,136149399
9,137268682
9,137268177
9,137268777
9,137268339
9,137268915
9,137267991
9,137268044
9,137268063
9,137268107
9,137261840
9,137264712
9,137268441
9,139973820
9,139982868
9,140235459
9,139987756
9,139969190
9,139992907
9,140006202
9,139975755
9,14068327
9,14068379
9,14088789
9,14065522
9,13705679
9,14066296
9,14068306
9,14063294
9,14064502
9,14068315
9,14068545
9,14087769
9,14063160
9,13703275
9,14066065
9,13697444
9,13712832
9,13708607
9,13719203
9,15304782
9,16901067
9,16901228
9,16906414
9,16906359
9,16912842
9,16904080
9,16905328
9,16903948
9,16904141
9,16904641
9,16904948
9,16904496
9,16904705
9,16904202
9,16904303
9,19256362
9,19254604
9,19267440
9,19254065
9,19254071
9,19253337
9,19354062
9,19261842
9,19352260
9,19355198
9,19376255
9,19361448
9,19248129
9,19376144
9,19240133
9,19217421
9,19246317
9,19241791
9,19246137
9,19236489
9,19370343
9,19232091
9,19240960
9,19367110
9,19378204
9,19235843
9,19221608
9,19377871
9,19360988
9,19366710
9,19242019
9,19360891
9,19229504
9,19322511
9,19354308
9,19243638
9,19219779
9,19216999
9,19387991
9,19323815
9,19313913
9,19354907
9,19212560
9,19355064
9,19327897
9,19370603
9,19354069
9,19371093
9,19370718
9,19217780
9,19381157
9,19357812
9,19381024
9,19355495
9,28410683
9,28411949
9,28415512
9,28410996
9,28414625
9,28412375
9,28411264
9,28412500
9,28410903
9,28412275
9,32523737
9,32459450
9,33128429
9,33129607
9,33136417
9,33124042
9,34175780
9,34181283
9,34151463
9,34180362
9,34180023
9,34151280
9,34186588
9,34249143
9,34204266
9,34238389
9,34196710
9,34215234
9,34201224
9,34206206
9,34243377
9,34206333
9,34261918
9,34224285
9,34208636
9,34215480
9,34244092
9,34249204
9,34187354
9,34255413
9,34262847
9,33929510
9,34360487
9,33925368
9,33931398
9,33955715
9,33932688
9,33941759
9,33955680
9,33791164
9,33935073
9,33797056
9,33955585
9,33927325
9,33960639
9,33791033
9,33962501
9,33970812
9,33979798
9,34235280
9,33940732
9,33978715
9,33958344
9,33975527
9,34023110
9,33977790
9,34012799
9,34014100
9,33980067
9,33988235
9,34013631
9,33973448
9,33978595
9,34008062
9,34009167
9,33982587
9,33832999
9,34009344
9,33962862
9,33845079
9,33921977
9,34017106
9,33943071
9,33810867
9,33836655
9,33812126
9,33939062
9,33819955
9,5073770
9,88940359
9,88886513
9,93944244
