rs6671289,0.946556
rs143135527,0.997016
rs628462,0.969228
rs61776335,0.969572
rs34071855,0.97934
rs563725121,0.999812
rs761824721,0.896712
rs2817898,0.998512
rs569804358,0.990272
rs568209242,0.977812
rs2776825,0.916144
rs116838291,0.99998
rs143340216,0.99998
rs12760004,0.904424
rs149063849,0.99872
rs537002152,0.986564
rs114994744,0.809392
rs3767904,0.994764
rs2982316,0.990592
rs41284309,0.876668
rs116656369,0.960684
rs557625802,0.931832
rs12125200,0.85662
rs6667939,0.880284
rs75460349,0.99998
rs35243557,0.99998
rs482812,0.99998
rs3737803,0.989532
rs6427756,0.835428
rs150974004,0.960728
rs147362004,0.994048
rs765907321,0.953924
rs138483078,0.846532
rs187607506,0.87136
rs7523242,0.992264
rs77947184,0.839632
rs41294825,0.987828
rs505151,0.95706
rs116643062,0.928732
rs561018840,0.936292
rs139228546,0.941412
rs182000057,0.87766
rs183219154,0.972364
rs562394753,0.900348
rs146750879,0.935112
rs138574111,0.971012
rs11580560,0.992396
rs111325573,0.951568
rs529738415,0.907924
rs138573453,0.928816
rs565120608,0.98818
rs2994564,0.997196
rs34667518,0.920052
rs186595931,0.890892
rs61772751,0.961408
rs2642438,0.99998
rs750666237,0.973396
rs544162491,0.964024
rs2132391,0.937308
rs143030586,0.928136
rs146286530,0.951184
rs12132139,0.850948
rs375549230,0.975608
rs11807554,0.93084
rs61820077,0.801536
rs7546398,0.849428
rs559509036,0.99998
rs10889350,0.88288
rs150980915,0.969284
rs549777175,0.933748
rs199958231,0.832208
rs116341995,0.81276
rs774522298,0.946096
rs6603973,0.845048
rs112043172,0.991992
rs145741908,0.991356
rs148771872,0.914552
rs55668105,0.81424
rs72749998,0.8328
rs12750333,0.99998
rs111754531,0.989968
rs10910521,0.973608
rs12145753,0.99998
rs150071634,0.989768
rs676441,0.982072
rs12740374,0.971848
rs2692707,0.919364
rs113905406,0.93692
rs141401683,0.99492
rs4970764,0.94708
rs2272272,0.964248
rs545483260,0.99998
rs184274669,0.906452
rs114939726,0.83534
rs115823613,0.987856
rs12402346,0.981368
rs14184,0.890856
rs563159931,0.992072
rs61797155,0.985112
rs892511,0.977852
rs541070421,0.995048
rs149762771,0.961852
rs115394162,0.969592
rs6663547,0.899452
rs115827280,0.981376
rs115113608,0.945184
rs3525,0.90216
rs114804066,0.980284
rs150732584,0.98108
rs115617160,0.860508
rs35653868,0.99998
rs112482388,0.965044
rs561018400,0.864072
rs34982676,0.814624
rs1107850,0.990912
rs3771241,0.919156
rs112607834,0.83396
rs2160071,0.952696
rs181981723,0.97948
rs111769638,0.983068
rs1013365,0.969772
rs9679195,0.884248
rs111938177,0.96374
rs535020286,0.949588
rs2576802,0.896224
rs151159031,0.955732
rs184924640,0.962544
rs192541922,0.979612
rs150302426,0.834756
rs55828515,0.989772
rs72784371,0.956348
rs11679386,0.968572
rs141358269,0.837
rs1042034,0.944736
rs72654423,0.92402
rs1801701,0.936584
rs1042023,0.926052
rs1801699,0.99998
rs12720759,0.87618
rs184507838,0.977632
rs1367117,0.914248
rs1800480,0.897788
rs934197,0.899644
rs548145,0.833992
rs138158572,0.954908
rs183290181,0.931
rs191341651,0.997932
rs17783590,0.831884
rs142090348,0.990256
rs4954192,0.862952
rs542374805,0.980552
rs4665972,0.987464
rs115690016,0.954196
rs61750436,0.987108
rs6714750,0.99998
rs151037599,0.993808
rs13030345,0.99998
rs4666014,0.972272
rs113127034,0.9501
rs185109716,0.93144
rs193136898,0.986016
rs62140395,0.834924
rs62140396,0.820016
rs75225803,0.961024
rs78792000,0.982148
rs17742402,0.975028
rs112748756,0.990804
rs552633173,0.978296
rs190866081,0.875568
rs114455853,0.998904
rs145437024,0.8989
rs113857915,0.99998
rs13414390,0.901436
rs144835245,0.94822
rs116720051,0.941676
rs75022417,0.889712
rs145288624,0.99998
rs185263492,0.962456
rs13429716,0.95824
rs6755369,0.978488
rs4595932,0.97878
rs139370173,0.9495
rs115862028,0.982668
rs141717886,0.9237
rs72881764,0.99998
rs66491446,0.85134
rs72796720,0.94886
rs141828689,0.970524
rs75331444,0.979996
rs75365565,0.958832
rs6544713,0.928004
rs76866386,0.904856
rs4148217,0.912288
rs6544718,0.870164
rs150892246,0.96178
rs140285304,0.91516
rs6729575,0.810896
rs341589,0.898992
rs138527555,0.99998
rs61656240,0.898532
rs10207776,0.91488
rs150201912,0.99998
rs7589059,0.816552
rs7569317,0.882328
rs532712948,0.989576
rs542990238,0.99998
rs531115349,0.87084
rs6545910,0.967176
rs1881614,0.805608
rs145090082,0.99998
rs360806,0.804192
rs114174563,0.95644
rs140201293,0.949384
rs62183913,0.812632
rs2465520,0.963692
rs142763855,0.867704
rs115919155,0.965244
rs76854499,0.973384
rs181280254,0.987824
rs4031474,0.967592
rs150975497,0.991124
rs7562734,0.99304
rs17027446,0.988684
rs150901467,0.965296
rs143584462,0.890292
rs13036222,0.986304
rs77140823,0.81688
rs75843084,0.96682
rs12471768,0.97456
rs34287081,0.915372
rs184864825,0.842056
rs6751673,0.908704
rs185605986,0.88056
rs28899468,0.96228
rs13428540,0.870808
rs6542395,0.951164
rs138192199,0.942188
rs143954229,0.897712
rs72839616,0.9791
rs577731517,0.97548
rs111965943,0.993016
rs546656374,0.939016
rs10169628,0.986588
rs17050272,0.969332
rs115872705,0.843188
rs111833688,0.960016
rs9875338,0.995916
rs4135255,0.97904
rs143584161,0.902368
rs62620196,0.920436
rs181937236,0.995816
rs9854574,0.943
rs62250786,0.941404
rs141512087,0.880072
rs150401797,0.9673
rs4519721,0.943836
rs149158239,0.946876
rs139315997,0.982152
rs55921103,0.993852
rs114747919,0.99998
rs3732356,0.981536
rs56147004,0.994988
rs146934320,0.991676
rs531773284,0.956252
rs76251487,0.938484
rs150995592,0.973448
rs113177823,0.946336
rs192881033,0.989944
rs181713899,0.9217
rs183226672,0.99998
rs11709868,0.998672
rs13326802,0.845152
rs189801888,0.930388
rs77140169,0.887832
rs111370338,0.884224
rs1203118,0.99998
rs150750289,0.904748
rs13108218,0.874088
rs16844401,0.967352
rs138295829,0.911956
rs2077130,0.83816
rs2045097,0.891112
rs9884390,0.88636
rs142285000,0.975844
rs552437507,0.894152
rs185620092,0.999632
rs111617320,0.984176
rs544350966,0.896512
rs1458038,0.99998
rs112644297,0.998592
rs1554849,0.819064
rs141734478,0.995076
rs115243714,0.99998
rs144198753,0.953748
rs17595102,0.915408
rs115458221,0.993344
rs576737004,0.92588
rs182789399,0.919048
rs149580409,0.892192
rs149229155,0.9403
rs547502488,0.932348
rs78202889,0.83018
rs6054,0.985624
rs144930207,0.965076
rs13120794,0.954388
rs116734477,0.880824
rs181106845,0.98188
rs10051260,0.944936
rs7702895,0.950844
rs12916,0.978956
rs569255498,0.97992
rs542268295,0.986844
rs116188139,0.881372
rs2307111,0.955012
rs140642956,0.912956
rs74343614,0.899268
rs7730317,0.800168
rs114887634,0.839572
rs144185762,0.985232
rs145975823,0.997468
rs199924062,0.869684
rs143656248,0.925608
rs10514065,0.807224
rs113433611,0.87472
rs6869845,0.906492
rs10075464,0.958236
rs25759,0.802412
rs10519744,0.918688
rs28503168,0.95174
rs39897,0.99998
rs114063456,0.954316
rs272895,0.921884
rs146833968,0.962588
rs62384157,0.8063
rs145166678,0.990808
rs188108,0.985456
rs62382389,0.943992
rs7732745,0.884588
rs11134517,0.93128
rs76802183,0.996028
rs13208098,0.942136
rs7746081,0.808972
rs6920309,0.949228
rs192810941,0.85514
rs1476464,0.986044
rs187844052,0.99998
rs184846507,0.930812
rs56220641,0.990868
rs35164294,0.992644
rs1983578,0.950896
rs10456044,0.970916
rs114455531,0.830372
rs80215559,0.902728
rs7766267,0.809624
rs9346804,0.82804
rs8191890,0.897292
rs12208357,0.974268
rs4646272,0.910416
rs628031,0.929196
rs185297860,0.99998
rs549975194,0.8344
rs114067707,0.970572
rs7452960,0.99998
rs192147486,0.92852
rs760823135,0.94574
rs118039278,0.99998
rs62441903,0.88384
rs74617384,0.871856
rs1800562,0.923592
rs198851,0.889764
rs55730499,0.980336
rs10455872,0.986444
rs140570886,0.956164
rs73596816,0.968584
rs12174589,0.87114
rs191388787,0.893228
rs2315065,0.863312
rs73015965,0.99998
rs28871637,0.901972
rs12204899,0.957192
rs551938102,0.992532
rs184379833,0.97114
rs192965253,0.99998
rs115010807,0.97504
rs76967117,0.82646
rs113905113,0.860964
rs2258604,0.979372
rs2820232,0.936092
rs3800406,0.821216
rs11755266,0.922268
rs1053049,0.818224
rs2817046,0.98692
rs139130987,0.978556
rs182676731,0.922388
6:100034811_A_G,0.966736
rs72940353,0.91048
rs17789218,0.856092
rs874476,0.991656
rs1847912,0.912056
rs3822855,0.810072
rs557741103,0.925852
rs575521931,0.97378
rs117786663,0.99998
rs118052167,0.975072
rs188373739,0.970088
rs544129749,0.848904
rs144787122,0.897056
rs4428569,0.914552
rs13228621,0.953816
rs13340493,0.924728
rs62441214,0.921688
rs10953260,0.843604
rs817775,0.85528
rs6465748,0.997684
rs60612724,0.992504
rs555388290,0.981408
rs182133018,0.932956
rs3197597,0.995156
rs116848189,0.99998
rs314294,0.8517
rs528691032,0.968096
rs12666766,0.90552
rs186865798,0.88116
rs560288326,0.9776
rs56099083,0.939988
rs73066466,0.958568
rs4470903,0.916544
rs4722051,0.982056
rs10950873,0.921968
rs60626359,0.993264
rs17150754,0.893576
rs896311,0.963896
rs79484250,0.978148
rs7780562,0.921516
rs118159602,0.981544
rs10277455,0.911976
rs34035272,0.959928
rs79723981,0.938064
rs181300937,0.982076
rs182973287,0.966388
rs4720191,0.985872
rs34578041,0.847276
rs3735402,0.91152
rs73108355,0.857472
rs17326671,0.909828
rs74790674,0.94732
rs55837134,0.804056
rs139659653,0.940568
rs17725246,0.966376
rs217385,0.991372
rs1167807,0.89618
rs782121453,0.957584
rs6968130,0.984976
rs12545318,0.855672
rs45607939,0.897156
rs35246381,0.805272
rs59425734,0.960144
rs143948005,0.90848
rs144327975,0.944948
rs187648705,0.937556
rs2308979,0.91076
rs12543764,0.884804
rs115643651,0.98708
rs148408496,0.99998
rs12549882,0.952688
rs17470582,0.99998
rs10104003,0.902664
rs149923768,0.943868
rs13270740,0.913972
rs188179876,0.944752
rs9297994,0.960944
rs10107182,0.924024
rs113073038,0.853612
rs149561242,0.905856
rs190758640,0.947044
rs548021416,0.99998
rs113927591,0.938724
rs533959406,0.987628
rs139244173,0.979124
rs777819,0.967792
rs62511718,0.994752
rs10102432,0.993716
rs150460783,0.981636
rs191695270,0.99456
rs11987875,0.979928
rs13271368,0.989972
rs2954038,0.992884
rs79119638,0.93496
rs183912185,0.992304
rs199604236,0.857264
rs4977188,0.987716
rs35916068,0.85716
rs55831924,0.995036
rs145327244,0.99998
rs2620631,0.913404
rs118083252,0.99998
rs546747698,0.81268
rs61736899,0.893468
rs10812321,0.830864
rs7872057,0.880116
rs3780181,0.944268
rs575984086,0.883752
rs118145887,0.890444
rs77536000,0.952596
rs79891431,0.990836
rs148064483,0.97598
rs116979494,0.98116
rs3731246,0.982564
rs3218020,0.94926
rs3218009,0.999512
rs1537370,0.9676
rs76064085,0.897248
rs13301187,0.966804
rs500859,0.8044
rs10869598,0.904244
rs1854058,0.904676
rs779660115,0.856704
rs182386407,0.962612
rs1571791,0.846724
rs192850943,0.840944
rs3739728,0.963516
rs556233796,0.807832
rs555228476,0.93532
rs2740480,0.873716
rs33918808,0.92842
rs4149307,0.851276
rs113925334,0.831032
rs11789603,0.925716
rs1800978,0.961952
rs13284054,0.883384
rs2437818,0.984488
rs13289095,0.99998
rs62585605,0.982076
rs573241627,0.994728
rs145196925,0.936156
rs34325210,0.865648
rs76324624,0.914932
rs115478735,0.99998
rs35314130,0.907396
rs71505203,0.875004
rs182832205,0.816128
rs72773771,0.990032
rs11103379,0.931172
rs777202020,0.987692
rs114237349,0.944924
9:139929080_C_T,0.88422
rs690759,0.84232
rs189650495,0.807036
rs7906604,0.820728
rs76002207,0.90012
rs2983363,0.88792
rs76786359,0.985232
rs41274050,0.99348
rs138789290,0.935064
rs182170161,0.97734
rs72805692,0.939732
rs3812704,0.982708
rs41290168,0.806492
rs537590840,0.994508
rs55843714,0.925732
rs2068888,0.866668
rs150337021,0.933064
rs9419875,0.933052
rs187354277,0.992372
rs144018815,0.861284
rs41290530,0.91922
rs3904036,0.846192
rs12784396,0.955384
rs603424,0.99998
rs542821715,0.922312
rs151169995,0.808648
rs117005510,0.982088
rs12355141,0.810648
rs967201,0.930248
rs61872287,0.967068
rs150640935,0.821176
rs56012176,0.80248
rs10794579,0.944384
rs12246352,0.972228
rs533047456,0.906492
rs140162361,0.872272
rs549352824,0.842148
rs73396899,0.98874
rs564539374,0.853232
rs28381981,0.894092
rs17305868,0.947468
rs4150644,0.885384
rs2084220,0.881664
rs174551,0.811652
rs174577,0.934652
rs2727265,0.964768
rs654226,0.977712
rs143620589,0.99998
rs35124768,0.999904
rs2260178,0.99998
rs1792884,0.9611
rs563551786,0.959668
rs4647594,0.993312
rs573864,0.946796
rs2306363,0.983804
rs4930163,0.947484
rs190628862,0.99586
rs79177013,0.985336
rs12575735,0.90162
rs116994784,0.981908
rs482414,0.84332
rs1203747,0.994104
rs11544832,0.99998
rs41302425,0.994128
rs183904222,0.938624
rs34419890,0.99998
rs557428379,0.994112
rs189279955,0.969328
rs116992056,0.975464
rs142639046,0.938548
rs74817791,0.941596
rs74662600,0.940252
rs2266788,0.959288
rs3135506,0.95502
rs45611741,0.918588
rs662799,0.908028
rs75542613,0.89468
rs113804377,0.948288
rs530885291,0.906736
rs508487,0.905856
rs1143240,0.882536
rs530248369,0.993176
rs536339974,0.879412
rs138098858,0.98548
rs536369675,0.983688
rs41302381,0.99998
rs10219303,0.9611
rs685903,0.95654
rs1893351,0.973524
rs181897168,0.978532
rs73055721,0.979728
rs1805754,0.99998
rs117621957,0.997604
rs775894036,0.865856
rs78382530,0.99998
rs2640516,0.928452
rs10876169,0.985608
rs151020771,0.896412
rs61032015,0.988976
rs113807084,0.9627
rs561206571,0.95646
rs138927305,0.954044
rs841828,0.923656
rs3024984,0.985828
rs1800127,0.9774
rs12315434,0.906232
rs7974833,0.91376
rs3825080,0.99998
rs79682148,0.94136
rs151040589,0.99998
rs597808,0.99998
rs653178,0.99998
rs11065987,0.922304
rs188995685,0.89808
rs192124639,0.99998
rs4767908,0.997044
rs233722,0.997776
rs11614869,0.910424
rs539258851,0.816188
rs117990192,0.977
rs1169289,0.93456
rs1169288,0.910008
rs17615729,0.999616
rs1286886,0.88072
rs555662582,0.965028
rs61698658,0.970116
rs185646668,0.858988
rs572457745,0.99998
rs12583521,0.96732
rs17636116,0.987832
rs206326,0.889908
rs9604494,0.99278
rs7140110,0.944556
rs190140822,0.937248
rs118178236,0.99998
rs12873665,0.916732
rs140173798,0.967864
rs181432822,0.99998
rs882726,0.984304
rs72694393,0.99998
rs10132876,0.825288
rs4902804,0.907792
rs547938396,0.884148
rs77866553,0.930172
rs78905788,0.82802
rs184213623,0.99998
rs146054852,0.930064
rs184425671,0.967816
rs7151015,0.97976
rs113402958,0.957492
rs748488088,0.898768
rs114098399,0.932872
rs72702354,0.832556
rs45581733,0.862436
rs11558258,0.966184
rs2896268,0.907112
rs184920237,0.919096
rs7177289,0.90222
rs139823028,0.93428
rs261342,0.823796
rs11630808,0.975284
rs147036878,0.931064
rs11852443,0.995768
rs12442826,0.976164
rs72750932,0.94298
rs139217717,0.988544
rs111819443,0.999728
rs11852760,0.99998
rs2168519,0.964176
rs531477136,0.95158
rs150779845,0.982724
rs35782593,0.99998
rs62024270,0.801564
rs13333228,0.83788
rs8047395,0.925996
rs3790113,0.937608
rs114248146,0.89922
rs76532814,0.848348
rs550183772,0.954084
rs247616,0.999116
rs3816117,0.809064
rs7203984,0.921
rs12708974,0.865576
rs7499892,0.986616
rs5883,0.964144
rs5880,0.99202
rs158482,0.967552
rs8059545,0.980712
rs113705595,0.99998
rs62049427,0.874136
rs11558903,0.991864
rs116922791,0.983528
rs184938696,0.956444
rs4396539,0.99092
rs145408202,0.971796
rs2938742,0.931008
rs145090930,0.99998
rs181282611,0.80888
rs8061409,0.99998
rs187306732,0.983424
rs76344704,0.861376
rs8052152,0.964856
rs141818649,0.999268
rs17285421,0.966588
rs3812990,0.863192
rs146497333,0.940356
rs112189381,0.947496
rs72801785,0.996532
rs145185888,0.984324
rs12923797,0.95308
rs12708921,0.959096
rs77303550,0.921536
rs3794695,0.905532
rs117532160,0.831968
rs9302635,0.810956
rs30432,0.916796
rs141093275,0.98592
rs186029238,0.997888
rs187865387,0.921704
rs181686059,0.905148
rs149327421,0.947556
rs11149612,0.947812
rs12933677,0.81766
rs116966909,0.933652
rs545779157,0.993896
rs188743906,0.976152
rs740516,0.995624
rs2041170,0.907516
rs542201954,0.986036
rs541842222,0.931708
rs72856759,0.961168
rs117838797,0.986032
rs12945299,0.973304
rs200489612,0.960196
rs2428362,0.934728
rs553757898,0.972992
rs142972972,0.988204
rs73242239,0.979456
rs2908806,0.89154
rs57727356,0.98462
rs7210699,0.960672
rs557272285,0.84222
rs12948394,0.9629
rs12948478,0.983124
rs9895831,0.805952
rs145090181,0.886888
rs75976962,0.99998
rs704,0.990092
rs142179566,0.99998
rs191135734,0.997372
rs529159733,0.99998
rs142167843,0.99998
rs12952249,0.99998
rs145324008,0.99914
rs116925844,0.99998
rs141374528,0.9923
rs797956,0.972496
rs11653826,0.99998
rs531250057,0.99998
rs7220401,0.946592
rs182883462,0.919928
rs147883178,0.96378
rs180914029,0.929056
rs8081717,0.836428
rs140275957,0.99996
rs189468010,0.99998
rs139066750,0.986732
rs544244370,0.970624
rs529962926,0.930196
rs78386904,0.915356
rs117209419,0.953004
rs149018490,0.959964
rs3809775,0.93324
rs56363860,0.908032
rs145695433,0.97234
rs149394327,0.99998
rs139996332,0.990992
rs9905949,0.9063
rs141389519,0.98068
rs113177040,0.901032
rs199802845,0.97964
rs62086827,0.981536
rs186579994,0.959632
rs34931250,0.979668
rs113120414,0.871956
rs117344825,0.99998
rs76321556,0.902704
rs186285970,0.983756
rs11650611,0.897276
rs567809617,0.99998
rs79120103,0.989636
rs9949157,0.84668
rs117791959,0.98804
rs77960347,0.991968
rs117623631,0.997768
rs186235207,0.949076
rs567430056,0.953896
rs189745500,0.99998
rs111843047,0.935284
rs35081008,0.889732
rs12982370,0.9555
rs183170931,0.925244
rs189643809,0.933284
rs73007510,0.895824
rs79067211,0.87242
rs118021075,0.991584
rs79430416,0.899984
rs2287029,0.85098
rs117911564,0.991116
rs148174657,0.934668
rs543271923,0.970452
rs200133052,0.907776
rs8100581,0.921992
rs557701261,0.99998
rs12710258,0.981584
rs74751897,0.96846
rs10415811,0.951348
rs17248720,0.967868
rs17249120,0.936008
rs17242353,0.96898
rs6511720,0.99258
rs10422256,0.947712
rs116886614,0.98724
rs2738447,0.983756
rs74179968,0.950204
rs2738464,0.92758
rs72658879,0.956428
rs147540853,0.829424
rs737338,0.876872
rs571349495,0.960244
rs190671143,0.99998
rs117590032,0.950724
rs117779019,0.996936
rs143165990,0.811916
rs77307303,0.955204
rs117758012,0.832768
rs12608834,0.82824
rs142945276,0.922928
rs12986015,0.98682
rs77420750,0.968176
rs150404323,0.913824
rs55973594,0.965232
rs1227733,0.87348
rs117699414,0.976612
rs555887376,0.999644
rs150324027,0.931732
rs58542926,0.943828
rs8107974,0.880836
rs80341635,0.86388
rs12984303,0.973144
rs139661349,0.975728
rs75916629,0.864864
rs568695831,0.99998
rs12973579,0.962904
rs149100456,0.99998
rs56267346,0.860908
rs143393511,0.998584
rs76082241,0.860776
rs56254331,0.866132
rs78110932,0.925184
rs2682561,0.942492
rs181690269,0.99998
rs576250555,0.926352
rs72480796,0.856972
rs111744324,0.975772
rs148595630,0.81226
rs11879778,0.952516
rs139898443,0.95598
rs17714261,0.99998
rs3745148,0.99998
rs2156916,0.995724
rs8112973,0.923448
rs140624651,0.833916
rs558496689,0.979784
rs113990109,0.99998
rs545478532,0.939816
rs12978806,0.99998
rs527662944,0.883744
rs190667833,0.977552
rs182357861,0.977768
rs74398580,0.992712
rs146039304,0.980132
rs45598433,0.947508
rs34851490,0.812028
rs147607088,0.99998
rs3764613,0.99998
rs376524,0.857416
rs36108383,0.890256
rs838146,0.9027
rs148002313,0.941732
rs190458545,0.945404
rs11669675,0.934724
rs11083974,0.800576
rs12977517,0.87706
rs34750569,0.9705
rs4814630,0.934876
rs2745833,0.98034
rs78348000,0.967208
rs543523,0.971076
rs2618568,0.810052
rs2618566,0.917032
rs224415,0.939992
rs6028962,0.98164
rs56327176,0.960776
rs141669811,0.940188
rs142030306,0.972248
rs11697014,0.99998
rs117113213,0.932904
rs1883711,0.979868
rs1883712,0.999736
rs6102034,0.95234
rs73124945,0.989232
rs6016534,0.876688
rs6072358,0.955464
rs4810316,0.862976
rs13037749,0.976428
rs141220678,0.951656
rs113321122,0.96624
rs6065374,0.969932
rs536703658,0.97428
rs73277649,0.972396
rs73106126,0.945692
rs140089638,0.996152
rs765606830,0.94848
rs6104387,0.903956
rs6073958,0.98956
rs6127015,0.958036
rs6127099,0.968196
rs34043203,0.978536
rs707552,0.91722
rs816956,0.95048
rs574171855,0.90582
rs117035776,0.996296
rs76919997,0.957556
rs145678077,0.977812
rs34659985,0.90752
