rs1124048,0.000199708605371427
rs10494829,0.000419511749899923
rs4915210,2.17326989793801e-05
rs3198583,4.10987323000794e-05
rs56368827,4.58917107171825e-06
rs3738255,1.24458131144326e-05
rs296569,3.69571525094325e-06
rs296568,7.68444651738162e-06
rs296567,2.9897191649501e-06
rs296566,4.60475814353433e-05
rs296565,7.98724011661479e-05
rs296564,8.33667025390707e-07
rs296563,0.000717139779222626
rs10920082,0.000119043025172646
rs296562,8.8078360520382e-06
rs296561,9.83892425083777e-07
rs2134758,5.92750109079784e-05
rs296560,0.000130411810341457
rs12562818,2.12093847414413e-05
rs2279945,7.12596055055919e-05
rs12568529,3.35320287062215e-06
rs16847465,9.20413662814537e-05
rs296558,3.78864059943277e-05
rs11811109,0.000395923039347732
rs16847470,1.25794568568526e-05
rs296557,0.000169418880260751
rs11808013,4.88577501942386e-05
rs12141466,0.000163242807195528
rs76172297,1.31612475432668e-06
rs72749145,9.00770245569079e-05
rs12122882,5.69571761170134e-06
rs12118247,5.64321957888181e-08
rs12136966,4.0691320147195e-05
rs2275485,2.04683342068183e-05
rs11806994,0.000143366361066027
rs60915195,5.20251401817396e-05
rs2297912,1.54557104549342e-05
rs12143520,2.18531360956536e-06
rs10920083,0.000127926123409135
rs1395653,0.00067020055386812
rs57758014,1.39140036556746e-05
rs2297911,9.79753684731799e-05
rs2297909,1.75430953638368e-05
rs2297908,3.30084045963376e-05
rs12123633,1.89706877968481e-05
rs12145860,2.82918034078334e-06
rs12142447,5.84304128206733e-05
rs1507144,3.57778100284649e-05
rs1507145,8.72142047053054e-06
rs10920084,3.61182699019618e-06
rs12118278,7.50079566147477e-05
rs12126806,2.56657930760958e-05
rs10920085,2.23001888529377e-05
rs10800749,0.000134093693982327
rs10800750,5.6148497339997e-05
rs10920086,0.000195493745630878
rs10920087,2.83386444999858e-05
rs7531978,1.33557447745514e-05
rs10920088,1.80740149226791e-05
rs6427869,7.35591828013229e-07
rs7535637,3.7960551400342e-05
rs7535723,6.41795176384343e-06
rs11810823,1.26320870370088e-05
rs7536000,0.999833057796053
rs10920089,0.000118605836365812
rs16847508,1.62042869050817e-05
rs6692235,9.1150061404443e-06
rs6692427,4.13311330952663e-06
rs6667956,1.28518972830222e-05
rs56770229,2.54437776855717e-06
rs41269929,0.00027191557240304
rs57778851,2.06970624033958e-06
rs756254,7.51542063589002e-05
rs10920090,0.000135578020535219
rs10920091,2.66087547621191e-06
rs11583140,3.51899869193311e-05
rs6687260,6.8695675421548e-05
rs6663263,1.31621544698385e-05
rs10920094,1.67670044789211e-05
rs2221581,0.000133595820553754
rs6700264,3.06777919438931e-05
rs12122721,8.69080844332078e-05
rs957957,9.8315665891791e-05
rs61817964,2.58616584198635e-06
rs1934438,0.000760539064640983
rs7526353,0.00110545312087606
rs10753887,0.000110943811528478
rs11804082,2.61757465415965e-05
rs11805861,2.08099978063218e-05
rs6427870,1.33522106524671e-05
rs74138815,1.10811759769802e-05
rs6427871,6.13983949317009e-06
rs12140231,1.18412441278627e-05
rs12081096,5.82645830330001e-05
rs6701469,3.52924947555525e-05
rs57477179,2.75687957279442e-05
rs10800751,4.984271726445e-05
rs11807626,0.000167144676422212
rs10800752,1.63577049635728e-05
rs12082403,4.70524592722302e-06
rs10920099,6.24240354786457e-06
rs906318,1.50042308574986e-05
rs965321,2.91864972940543e-05
rs1995681,0.00125980517250466
rs10753888,8.97449515937756e-06
rs6673267,0.000143402295988134
rs10920100,4.0867802533395e-06
rs12077786,2.47856953076557e-05
rs1546416,2.07422767582788e-06
rs6675915,3.4497507457283e-06
rs12566395,0.000151015042220767
rs1507147,2.98596944288784e-05
rs2279944,0.000357459696550632
rs55837027,3.07701445900276e-05
rs2297906,4.26076003034343e-07
rs55861132,0.000635591555212945
rs10494827,0.000168819960955525
rs60112590,4.74767787346512e-05
rs2297905,3.12048089609595e-05
rs12065493,0.000104988016085882
rs3767499,5.66767138572755e-06
rs56183942,1.49848525915168e-06
rs3767500,0.000120557217763755
rs3818873,4.6967521815181e-05
rs76439256,1.6314380873358e-05
rs12032370,0.000107866166545088
rs7556265,2.69013514614397e-05
rs4915475,0.000748590624272587
rs12046840,1.15576514467473e-05
rs2297904,5.88852646054318e-07
rs61614423,1.29121177407995e-05
rs2297903,1.94466351096207e-06
rs12048771,8.1007327112561e-06
rs55922503,5.21422668279365e-06
rs12403523,1.98750404104121e-05
rs12406017,0.000541995134758563
rs10920103,3.31262318448166e-05
rs16847613,1.81066123131067e-05
rs12565866,0.000351877075295423
rs9427711,7.15202143291602e-05
rs9427467,0.000164449974428894
rs2886329,1.85332714157902e-05
rs3767506,2.86294519489918e-05
rs3767507,6.84888353939007e-07
rs9427468,7.4786481674671e-06
rs9333652,8.25489797780451e-06
rs10920106,3.20346882856193e-05
rs3767508,5.68692889779522e-05
rs3767510,0.00256663807580048
rs1998721,0.000291226680289124
rs10920107,0.000194002434232951
rs6672094,4.93680799450773e-05
rs4915476,4.87449552668706e-05
rs4915477,0.000248509332949876
rs16847674,1.72700222447516e-05
rs4915213,0.000407132792379747
rs11811602,3.11739008844839e-05
rs6427877,0.000233731884131195
rs6667959,0.000162251311418988
rs942706,4.50062115804423e-06
rs734879,4.52811820346778e-07
rs942705,6.4404567414834e-05
rs734881,9.79167568632221e-05
rs734880,4.78545738562978e-06
rs7516825,2.08872180035133e-06
rs7539618,2.3336156742186e-05
rs6664806,3.07285837996675e-06
rs113743154,0.00156784776486508
rs56236174,1.98751957038689e-05
rs3767511,1.24458539751585e-06
rs3767512,0.000200918549797587
rs57511066,0.000187047093141887
rs41267505,7.27954324582194e-06
rs2296384,0.000101023986581831
rs3753960,2.24400181696016e-05
rs3767513,0.000126350308653541
rs10159219,0.00147563933215186
rs10159326,0.00677876744904336
rs2296383,1.19777989135234e-06
rs57397293,0.000142807829844735
rs6677721,0.823470649303322
rs7534906,0.000357798039128222
rs12409138,6.23295696145269e-05
rs6699862,3.34881604304838e-06
rs12561765,4.75712913287824e-05
rs77337740,6.61526776319962e-05
rs1325313,0.000108175609118168
rs4915214,3.5898012716274e-05
rs12132807,2.69693342124544e-06
rs4915484,0.000679146236634152
rs4915215,4.33688513891736e-05
rs4915216,5.59713803601598e-06
rs4915217,3.76674269559116e-06
rs59735280,3.62405492968153e-06
rs57226052,0.00026380850131035
rs58364051,2.7156432398524e-05
rs1325312,0.000122724276039208
rs1325311,8.60730089249056e-06
rs1325309,4.23067266829432e-06
rs7513829,2.65345909161519e-05
rs10920121,6.10692755585488e-05
rs7516898,5.08081812884936e-05
rs10920122,0.000559927673745531
rs2281845,4.75479143485927e-05
rs111528248,0.000178512984199642
rs3738262,6.21259432268854e-06
rs3738263,3.91381386809612e-05
rs57062668,7.82477017851478e-05
rs2274236,1.99910866218643e-06
rs12079819,8.75246011543541e-05
rs7516023,2.34374721239823e-05
rs10494826,1.08135145455402e-06
rs1536127,1.96489569877625e-05
rs6667677,0.000244230063701786
rs7547762,0.00121321007163706
rs57307345,0.00199383819117836
rs942702,3.87230797597544e-05
rs12141852,0.000171251709229927
rs6413915,1.58318936621759e-05
rs61819463,0.00011610397102438
rs1547645,4.00267081020061e-06
rs10753889,4.46793864146873e-06
rs10753890,5.3607868465061e-06
rs942703,0.000105249750519814
rs10158720,0.000323722279272794
rs12060696,3.92228784474166e-06
rs10158900,3.75735762433243e-06
rs10920125,0.000491406416591759
rs11802084,9.1892957733119e-05
rs6704363,0.000306248935322499
rs11810613,1.37953242142785e-06
rs11808980,0.000299838723994524
rs75036828,0.000159174844264088
rs11810647,1.16502222263872e-05
rs77651231,1.27182552659923e-05
rs12029703,0.000117901196526734
rs77984935,0.000217543538456619
rs2057579,1.01612457344843e-06
rs74908803,5.12912464965749e-06
rs80312974,2.20201659856644e-06
rs10800760,8.51591335637658e-05
rs10753891,0.000273764292809018
rs12025414,2.63044747050491e-05
rs11589642,6.653872942744e-05
rs12058359,0.000141236702863199
rs6427879,9.82669388950009e-05
rs6697717,3.25964197574769e-05
rs6662106,1.27771958181947e-05
rs12062423,2.13195210539218e-06
rs17455455,1.70068471582005e-06
rs61593404,0.000742860176495441
rs3087914,0.000224444160696957
rs1059625,0.000513974473553985
rs6693143,1.03756150527896e-05
rs754924,2.62679898763682e-05
rs10920127,3.05593037120241e-06
rs6672399,0.000142825223821258
rs4915485,2.56340342989815e-06
rs6703022,8.15259344466401e-06
rs16847826,1
rs6671071,3.4040157988046e-05
rs942708,0.000210722820143335
rs10920129,6.87629087668058e-05
rs1408869,8.69135413323142e-06
rs12059503,5.08246081918371e-05
rs4915218,0.000326409245929173
rs4915486,0.000472080534893392
rs10753892,5.89660483626702e-06
rs7545363,2.93354291758256e-05
rs7535159,9.68134395502526e-06
rs8158,1.07280865281882e-05
rs3738266,5.86931913691323e-06
rs10920130,6.57248291767132e-05
rs7526291,0.000611090089365657
rs6427880,3.79222993910524e-06
rs2365296,2.38930867841225e-06
rs3752975,0.00019764105839239
rs3752976,2.49947976094065e-05
rs56040932,0.000264094845607983
rs3752978,2.20172626914231e-05
rs3752979,0.00029112523462666
rs4915488,3.78814521292398e-06
rs4915489,0.000106889292555712
rs10920133,5.22759277813059e-05
rs6664483,2.22465252680148e-05
rs6664337,4.05946156442098e-05
rs12066395,2.68303423293367e-05
rs6664624,1.36153161407159e-05
rs3767514,4.02331965498196e-06
rs3767515,3.47315604079561e-05
rs6427881,7.6116667593568e-06
rs6427882,0.000415385810490739
rs10920134,7.32235409031722e-05
rs6427883,5.40390545181845e-05
rs6667912,0.00012895108065413
rs3820425,1.88697243121477e-06
rs2147797,0.00037219343758375
rs3753962,0.000160156833693923
rs16847882,7.16744810249684e-06
rs72751129,4.83292892190043e-05
rs6427884,1.87579003193875e-05
rs58626409,0.00055671134138029
rs12027043,2.20870361147126e-05
rs10753893,3.45965157810739e-07
rs11587138,0.000203384147661668
rs2068152,0.000520984803184579
rs3818435,0.000587970777181338
rs6694122,1.40840842301109e-05
rs10920135,0.000775611560713908
rs12089726,3.66454340097224e-06
rs7538073,0.000117017851536299
rs6684980,0.000970079699692163
rs16847895,1.6457311063263e-05
rs1925361,5.07442228782424e-05
rs1010502,0.00012371378984791
rs1106729,1.31795835610679e-06
rs942709,3.71276771462329e-05
rs3753967,2.5034019444425e-05
rs7542768,8.52342729924477e-05
rs56284103,3.36369632743289e-05
rs2365297,3.81612877223838e-05
rs831744,0.000593830463449199
rs831745,1.37252788683948e-06
rs831746,0.000137456967886239
rs831747,6.39820484176965e-05
rs12749395,0.000188705774879645
rs12749856,0.000234532471989913
rs61030164,7.85438272664961e-05
rs863826,0.000548803751450182
rs831748,6.67347298570242e-07
rs1969874,1.26322787423923e-05
rs10920136,1.34135338116749e-06
rs60406023,7.22659668167942e-05
rs875495,0.000202321163300661
rs6699983,9.42937235343773e-06
rs28517289,4.72624225351368e-06
rs1829997,0.000108229308074344
rs1534053,5.33610072170873e-05
rs1122396,5.78712138552276e-05
rs1722755,1.16456155175354e-05
rs1534052,1.98594529060883e-05
rs6413916,0.000609902030589247
rs6413917,2.60188243072717e-05
rs1104223,4.31518505207246e-05
rs831749,1.71500776738938e-05
rs700465,5.10704197469411e-06
rs844252,8.81176167680405e-06
rs58566315,3.69419735225248e-06
rs1772825,1.12044437518181e-05
rs1722763,3.79282014503142e-05
rs2066284,9.1960656793428e-05
rs116360498,1.85322742887705e-05
rs61819513,0.000441847859498883
rs11588758,2.41091812315119e-06
rs831773,0.00010732220010397
rs831772,4.37396879533048e-05
rs831771,1.10480919471056e-06
rs831770,0.000254146538618309
rs831769,1.93870067059638e-05
rs4915492,1.31815092517269e-05
rs12035112,0.00180853139729544
rs12042026,0.000769849264381909
rs73084953,1.08668385334889e-06
rs1404402,0.00167370747005915
rs831767,0.000164387728474311
rs16847944,1.57160769274862e-05
rs61197115,0.000107991864105632
rs831765,7.22304274077467e-06
rs16847947,1.29631519983995e-05
rs831764,2.01840388228719e-06
rs831763,2.9526676508593e-05
rs12736248,2.87786417433066e-05
rs16847951,8.34130344998249e-06
rs61819516,4.99187769372606e-06
rs12046039,1.12959027671865e-05
rs831762,5.34990271502891e-05
rs831761,0.00019413953290536
rs831760,0.000571877015181031
rs831759,4.55024284547965e-05
rs831758,2.22788531144059e-07
rs831757,6.84540013787461e-05
rs16847977,1.68347283182565e-05
rs831754,4.1195004616197e-05
rs831753,1.65538213323746e-06
rs59483085,2.75523826692027e-05
rs831752,7.5917336721671e-05
rs831750,2.45948122822805e-05
rs1749543,1.83979021539414e-05
rs6677048,4.01709939850519e-05
rs12137704,0.00062390673341018
rs6692833,3.12256998179654e-05
rs1107128,3.02759540250845e-06
rs1568809,1.35456780749369e-06
rs6703241,4.73268019683317e-07
rs4915221,1.9113922578502e-05
rs11589317,2.36340313265406e-06
rs16848031,1.05222776799652e-05
rs2365298,2.08536107105124e-05
rs4638158,0.000190324412519858
rs10920142,0.000947143486333205
rs832156,9.60648487192104e-05
rs1341631,0.000153070177765185
rs10753895,2.80126494399298e-07
rs12094334,1.70124356893219e-05
rs12568690,1.03909835282291e-06
rs12063867,6.43460444813505e-06
rs72751165,2.86623705512767e-05
rs7551098,3.13977818921606e-07
rs7551538,1.71719123451548e-07
rs12757706,0.00029989735557528
rs61818163,1.66450340020257e-06
rs12070918,3.63888121069566e-05
rs12060924,4.90070622458789e-06
rs2282413,3.03880598473466e-05
rs2282414,4.99746267024151e-05
rs2282415,0.000358769065014841
rs1568810,2.39221822704416e-06
rs4915496,0.000315567952778083
rs2275673,6.5818614161035e-05
rs59498888,0.000163178511854318
rs138595154,0.0017465385081448
rs3738271,0.000330955866676755
rs16848109,0.00418765060968986
rs12138414,0.000254069224344452
rs6692583,0.00106372541704448
rs3753970,0.00218982371641365
rs3753971,1.24260385825271e-05
rs3753972,3.92672712302024e-05
rs3753973,0.00459524063991362
rs14061,0.000121530043381969
rs12466,5.96236126057191e-06
rs12566002,0.00017339441224147
rs1578531,0.000174521460868232
rs12125856,0.000171306249625982
rs10800763,0.000883639574538128
rs10920147,5.76341740294886e-05
rs10920148,6.88129049640466e-05
rs12126709,4.16562088168868e-06
rs1404403,7.71099208250729e-05
rs10920149,0.000299777684261927
rs192075754,0.000161997370012181
rs200654927,3.40207618208245e-06
rs202088093,0.000453337277967177
rs182362818,4.91978452726498e-06
rs149487251,5.66373511564425e-05
rs148613192,0.000894692593594246
rs144252900,0.00106689915702033
rs1917349,1.81543709951073e-05
rs1917348,1.0450132932467e-05
rs35267610,0.000286696732275976
rs114992212,9.06812181442717e-07
rs35898911,3.38079510256955e-06
rs6703105,0.00107018281227833
rs200333986,4.84936808317174e-05
rs201522531,1.92216142308852e-05
rs149905136,6.74356405535802e-06
rs12129696,0.00265509685787908
rs11484867,9.86041689486213e-05
rs12095978,1.01535646892091e-05
rs12144537,0.000146742907632644
rs12757105,1.25784013118601e-05
rs4019995,0.000367929711717904
rs61301758,0.000817056920046075
rs9662932,1.94253859628158e-05
rs55761029,5.32045444273924e-06
rs9658867,1.53424920236937e-05
rs6656974,8.31574696989541e-06
rs12745441,1.2846549165495e-05
rs12132736,0.000337150631617485
rs1010914,0.000994126149933764
rs55817509,5.54060713999079e-06
rs1534055,0.000294924829619473
rs7541410,0.000380416329643809
rs1880448,1.66934673465815e-06
rs4915499,0.000110683985207489
rs4915226,1.22487613127363e-05
rs34197764,2.85764148384206e-05
rs72751185,0.000369206254636113
rs7515270,1.64475807660037e-05
rs7517633,2.18534233784044e-05
rs7517781,1.68692861136679e-05
rs10800765,3.55076569601488e-07
rs12091001,4.86539726908799e-05
rs12137407,6.09677929197214e-05
rs10920153,2.99778051508759e-05
rs10920154,1.19774886060358e-05
rs10800768,1.09699707804133e-05
rs10920155,0.000223028540074963
rs17458744,1.06909055843548e-05
rs74461474,0.0132133347592688
rs10157947,3.46849573188734e-06
rs10920156,6.65953417856019e-05
rs9988601,5.23067799235041e-06
rs9988537,1.20066168780574e-06
rs6655968,6.65858241122951e-06
rs9988535,4.27344768326381e-06
rs1949833,0.000690319482231548
rs1954214,2.87184075814495e-05
rs6684262,0.000877600239924472
rs55927583,3.82846131796057e-05
rs6427895,3.91949374122355e-05
rs12732928,2.51795586284553e-05
rs76051740,0.000630132641470178
rs79147917,0.882029744615851
rs202105833,6.20659242986723e-05
rs12139554,1.0184138076686e-05
rs16848172,7.03459428837367e-05
rs2078570,0.000175005756633565
rs55778383,1.38072100563044e-05
rs11801270,0.000871675431098607
rs4244148,0.000229141155217569
rs57522319,0.00040377037490337
rs2365642,0.000176789131467267
rs12046907,1.14395238476593e-06
rs10920161,5.75636153787607e-06
rs12117501,0.0927970121847462
rs1997018,5.82134768949822e-06
rs10920162,8.65403562736385e-05
rs6427896,2.34304815541174e-05
rs1880449,1.8548852877829e-06
rs1857488,0.000559583330383348
rs1880450,0.00132889816693563
rs12129670,7.26645387347189e-06
rs1857489,3.8470516872977e-07
rs56287879,2.57428146474329e-05
rs79676656,0.000245994937814212
rs77310189,6.55660425415763e-07
rs4915503,2.08867523541828e-06
rs12038867,0.000232592468273058
rs868381,8.7116117462127e-05
rs16848196,0.000257823841349128
rs3753974,3.87650985630573e-06
rs56252940,0.0652062847245961
rs1257394,2.35815439385949e-05
rs67389644,2.67688574821257e-05
rs832165,6.95502797430387e-06
rs832166,1.21442687432668e-05
rs832167,0.000104742686157938
rs832169,0.000143991257114538
rs832170,5.68767498818211e-05
rs2268150,2.2215122298836e-07
rs12025174,1.52901326502845e-05
rs832175,0.000540073500825016
rs700469,2.32979829529903e-06
rs832176,0.000116098875241739
rs2268152,3.23771132417064e-06
rs1779300,4.00492522284751e-05
rs2268153,6.18426082021319e-06
rs860554,0.000229014245081033
rs832144,0.00375757453343407
rs832143,7.55036245791297e-06
rs1779301,4.89961924045243e-05
rs832142,1.84894271580022e-06
rs866215,4.10110219591148e-05
rs861272,0.000234877118282968
rs832148,2.85475443985381e-05
rs80026113,2.50891186927107e-05
rs832147,0.000136061205026968
rs832146,4.2572851327851e-06
rs832145,2.90107365246273e-05
rs2284438,5.1907553736625e-06
rs706494,0.000199478689711629
rs116380452,0.000615791146569146
rs1722765,0.000345309296224232
rs2268160,0.000243071742307701
rs2268161,0.000223745260598056
rs116379087,1.43605691402014e-05
rs1772847,0.000189575936299071
rs1772848,5.35981726455459e-05
rs832152,1.71183603981283e-05
rs832151,3.5471299856511e-05
rs832150,0.000672554700850268
rs832149,0.000213241301442243
rs1722764,1.43159958220921e-05
rs1534051,0.000143899547537665
rs80280493,3.36438645706956e-06
rs1794867,0.000125400794549197
rs1722779,3.30023451958955e-05
rs60250966,4.05806012087438e-05
rs1794870,0.00148701481545224
rs2030721,1.21655330340604e-05
rs1626370,0.000122153457507171
rs1628151,0.00042501877381942
rs1628556,5.54986773367634e-05
rs57503547,1.40700224709775e-05
rs1772828,0.000732246785743748
rs1779293,2.28347553672035e-05
rs2071960,0.000222280872282098
rs1772832,1.31457638563681e-05
rs61150106,1.4251488095404e-05
rs1779289,0.000780534983277001
rs2239845,5.99441977873998e-05
rs1543805,7.09115275322942e-06
rs1543806,0.00134899392683679
rs854505,1.58910757512539e-05
rs1722742,7.66980251368595e-05
rs3820427,4.26863005901962e-05
rs854509,7.89749440066499e-05
rs61818257,3.11471811955913e-06
rs1023486,7.10225536776591e-08
rs1023487,0.000277823676980115
rs6685490,3.61248237360212e-05
rs6660897,0.000451459868297519
rs61819984,5.24290656149515e-06
rs79906867,1.22578134204302e-05
rs114649649,1.54965084579462e-06
rs7541805,0.000463829119288612
rs3795628,0.000332372209438105
rs1104755,4.18186489698355e-05
rs61819986,3.6975511916697e-05
rs3795630,7.49187129800604e-06
rs10920175,0.000198218436832901
rs17425876,4.47164439339758e-06
rs12120834,6.76555385140938e-05
rs61819987,8.01889706739252e-05
rs1046962,5.75995903979945e-05
rs1046970,3.29665364682182e-06
rs947377,5.03268689990738e-05
rs10800773,1.44117926065525e-05
rs10753899,2.51229121655185e-05
rs17459837,8.80974824423474e-06
rs5020875,0.000997671564461461
rs1539692,3.87705002226974e-05
rs12120625,1.2238008634187e-05
rs12130329,4.82835095146019e-06
rs2886431,0.000196864732951313
rs4915516,0.000190290434933881
rs12117515,0.0002019792309686
rs2365649,3.567677561327e-05
rs4915518,1.55250009585502e-05
rs1122481,3.75015642549831e-06
rs7526201,1.66200449778943e-05
rs148872643,1.54670752390838e-06
rs1539694,1.22604560917896e-05
rs61819989,1.09431632233729e-06
rs12084456,2.22067105849515e-05
rs12074314,3.20285120449598e-05
rs61819990,6.03391390006358e-05
rs59855547,3.52769693511583e-07
rs12564284,0.000894845121094437
rs12087692,3.11430784741106e-05
rs17426255,4.05221092853043e-05
rs12073852,4.08330482136248e-05
rs12068574,1.54949545623385e-05
rs12091888,1.92730731553528e-05
rs12141661,0.000181393740420861
rs7540834,2.36778898492749e-05
rs12076689,2.66604268651254e-05
rs7535327,4.54387078932918e-05
rs10920180,0.000142585038735941
rs7521796,1.20946375393889e-06
rs10920181,6.33067574865192e-06
rs2275861,5.58030332700508e-07
rs11807637,0.000103031724411501
rs11806184,3.59302998998775e-05
rs1104859,2.88874881082513e-05
rs2365652,1.02360926972154e-05
rs61819993,1.21035218652937e-06
rs61819994,8.91302242938676e-06
rs1104858,5.57967273898182e-05
rs1892027,0.000102214459112297
rs61819996,1.35408280970177e-06
rs1892026,7.43560264274417e-06
rs1892025,0.000167730798553781
rs2001410,3.84540464870356e-05
rs2275860,5.63329279234335e-06
rs3767546,0.000384102325211238
rs3729547,3.13883030133993e-05
rs3767545,6.34766076303971e-05
rs7544061,6.8779284778254e-06
rs10800775,6.77782959184144e-05
rs1892028,1.26262385636879e-06
rs3729842,2.79776099170371e-06
rs3753999,5.39830418441222e-06
rs3753997,9.93381088435382e-07
rs79556064,4.19863621907112e-05
rs16848462,2.30339919146076e-05
rs10800776,9.3972831254639e-05
rs10920183,2.96235209386269e-06
rs10920184,0.000258501272984532
rs45584633,1.6896746126076e-06
rs1419276,0.000106512770839966
rs12567686,1.89694200256417e-05
rs4915240,0.00107162606774511
rs868407,0.000630479679478772
rs3020556,9.01388353624173e-06
rs75826050,2.34485080688651e-06
rs947486,4.59085904900184e-07
rs947485,4.61111423293752e-05
rs12564445,0.000136468630699513
rs2799686,1.24954638707692e-05
rs2799690,2.39694201217836e-05
rs946638,2.40811781237259e-06
rs946639,5.23891997855477e-06
rs6679578,3.36936141512402e-06
rs2275866,2.04648601514015e-05
rs4128458,0.000109795041470699
rs2799677,0.00018540934607872
rs4915230,3.96534843121375e-05
rs61820018,3.85642417574128e-06
rs2799676,6.64448065525158e-06
rs2799675,0.000207118569931739
rs3738281,6.6033462004314e-05
rs2719183,8.42800055806324e-05
rs12085646,0.000161569332523698
rs2799685,7.30772121951804e-05
rs2719178,0.000544568748944873
rs2799684,0.000868414675669455
rs2799683,0.000104230430377537
rs2799682,2.95109699228413e-05
rs2799681,9.55361406289658e-05
rs1107256,3.01035816426171e-05
rs1256944,1.99069008634066e-05
rs2799680,5.49221880008644e-05
rs1256945,3.87370259571367e-05
rs1256947,0.000624752113613296
rs1256948,0.000190308176228018
rs41270949,0.000575827061577383
rs41270951,6.92782384408054e-05
rs12048410,3.85717950330865e-05
rs1022972,6.35073455601288e-05
rs1819291,0.000243866183728219
rs11807656,0.00268283331666773
rs11801332,1.0263511609735e-05
rs3767550,0.00117802534780657
rs12074582,7.86846427486648e-05
rs200603824,7.28555974924531e-05
rs111247538,6.96880889838535e-05
rs112043288,0.000547639394021832
rs112848605,0.000114681838032349
rs12084362,2.20890071822193e-05
rs77054920,1.33012265148948e-06
rs12081682,5.91957731937903e-05
rs76565590,1.42114351809062e-05
rs77856365,3.60889803285584e-05
rs76621914,6.68481296870294e-06
rs75311622,3.66379464253179e-06
rs872830,2.22369675155595e-05
rs2002169,0.000169872958267485
rs2094319,2.30887565433009e-05
rs2104554,5.41176423327229e-06
rs4575109,7.81887702976911e-05
rs79889756,7.87719537531444e-06
rs112748729,0.00208443449597572
rs74547189,2.40889260116321e-05
rs12094767,4.56374853993359e-07
rs12094867,1.08882703856403e-06
rs12094903,5.6535201612691e-05
rs11487579,4.25716616761185e-06
rs11484870,5.13553570618088e-05
rs59261306,1.75127224134298e-06
rs12057734,0.000232261833414796
rs10494830,0.00241446779867959
rs12088679,2.10152491139843e-05
rs12083923,1.20307150880673e-07
rs12088759,1.48369831952749e-05
rs12059033,5.71722551007101e-05
rs112403624,1.49568752633455e-05
rs78922152,3.85496414877637e-06
rs10920203,0.000142608410543687
rs11809006,2.38166971425834e-05
rs11803455,3.63590246650536e-05
rs6690563,5.99370027815783e-07
rs6690780,0.000464856167454258
rs6690874,0.000128389960404546
rs6669318,2.61719684129589e-05
rs6427909,0.000388126833013709
rs6701589,5.37958848426886e-05
rs1053582,0.00046043898330938
rs11590527,7.16199917659694e-06
rs12097997,1.91873416310114e-05
rs5009458,0.00013929146245347
rs10920212,1.53442360512571e-06
rs6702246,1.70719476317853e-05
rs12758212,0.000342169075447553
rs495886,0.00111356023585833
rs641103,0.000226530910949453
rs641581,0.000421167099145642
rs7538112,1.18280113806843e-05
rs544677,1.12663131721752e-05
rs682137,0.000904381786409132
rs34671394,0.000134618421715426
rs682542,0.000124035621792221
rs682600,1.91172687308612e-05
rs683027,6.77759046204224e-06
rs683467,8.99699110347881e-05
rs515384,1.53752920123683e-05
rs113326780,2.13615701210505e-06
rs475416,7.79941762522248e-06
rs1256925,7.86376385891262e-05
rs673640,4.71450485669447e-07
rs685023,0.000352469925858608
rs485060,5.36553701851911e-05
rs12076215,2.62660413010273e-05
rs78433503,0.000521386231242111
rs610282,5.86351823888294e-06
rs3753982,1.866979754555e-05
rs3753981,9.51646805564527e-06
rs3767525,1.61840432833372e-05
rs12076873,4.187160527446e-05
rs12134619,2.10353482569646e-06
rs10800786,2.06329733061881e-06
rs12132910,8.74440426095658e-06
rs12135020,8.17130428237571e-05
rs78352541,0.000101545695132259
rs79178636,2.18692186499682e-05
rs141950379,1.38725674800395e-05
rs4310467,0.00598254209783069
rs11586495,0.000303007575085048
rs76498504,6.40138505751006e-06
rs56057735,0.000796024198018917
rs56019336,2.19130873227938e-06
rs56391813,5.081155166425e-06
rs56082263,4.56925514779454e-06
rs6687159,1.38016420316378e-06
rs6663271,0.000174264254347216
rs11577226,7.2174288568871e-06
rs11581119,0.000177669804303346
rs55683002,0.00104057641971532
rs11586342,6.67004714585724e-07
rs11588293,3.67264844783115e-06
rs11586391,0.000572032599527708
rs11578749,0.000362738744075575
rs7552162,0.000125432029757785
rs2152107,1.53070132896461e-05
rs2152106,4.21085997533613e-05
rs2184458,2.21357057450976e-05
rs58909817,2.95603369390448e-06
rs17469153,1.550383731576e-06
rs56162493,6.57165858078875e-05
rs55809634,8.24636993024301e-07
rs11579770,2.05067477005934e-05
rs55817379,4.8021759591954e-05
rs56112738,1.93553272179173e-05
rs11587472,0.000217760471744461
rs11589746,0.000192767766691138
rs12726208,6.79915369087379e-05
rs35578983,2.04482225898977e-06
rs12740361,5.04344772467304e-06
rs7536246,3.02867597398786e-06
rs654897,1.95637731454352e-05
rs1569406,0.000182484851678002
rs12081043,2.87103258115566e-05
rs483763,3.70477182265838e-05
rs987319,5.34644660736209e-06
rs12087027,3.38352879087183e-06
rs79063362,0.000208655210005605
rs7555032,1.74937817376426e-05
rs11583984,0.000139539317923027
rs2205595,9.98972278227234e-05
rs7524811,1.18548110817465e-06
rs1555932,7.9377201218165e-07
rs1555933,4.49335257678382e-06
rs1555934,1.86378029986864e-05
rs1555935,1.33448838920277e-05
rs58753953,6.08125249008561e-05
rs6673530,0.0014015601849049
rs11584560,2.15712104188947e-05
rs6660954,3.78320017210643e-06
rs877925,4.92839300168173e-06
rs61819722,1.2378982869689e-05
rs7518780,1.61827674087112e-05
rs7518886,0.000352647042932786
rs7519044,4.60977444823558e-06
rs7541636,0.000241270235815398
rs17469541,4.65560327503691e-06
rs61819723,1.5448106891449e-05
rs78663784,2.99797338356756e-05
rs11589790,0.00010312635523089
rs11583215,2.20120297577277e-06
rs633696,4.3818116030584e-06
rs503498,0.000110465337893374
rs1267131,6.7387385364125e-05
rs11585930,0.000221156382473085
rs561763,9.82124088607475e-05
rs617053,1.1016947922673e-05
rs661086,0.00707426049187544
rs60958765,3.09877515236537e-05
rs511201,1.06568548148421e-05
rs11576059,4.17669357530016e-05
rs12406329,2.390866555863e-05
rs585041,2.01096358609467e-05
rs139778982,0.000108685087630137
rs677390,2.12651668813281e-05
rs730430,2.10103792661856e-07
rs613896,2.01114169881984e-05
rs614452,0.000330924295918914
rs4145538,5.51631888595565e-05
rs4915541,2.61788298534599e-05
rs4915542,2.9422859008185e-05
rs77304905,2.14840908925133e-05
rs57397582,2.27090187195926e-06
rs673550,4.48240176922439e-05
rs4406665,2.08840848074707e-06
rs11577082,1.62475778594834e-05
rs11585243,8.58140466301293e-06
rs2142498,6.49649554257894e-08
rs608356,3.4333769829426e-06
rs610983,9.31002507534686e-06
rs640668,1.85140818493973e-06
rs11578716,0.000429918610577147
rs7529849,6.29817571758748e-05
rs548959,5.98347739621634e-05
rs7530401,5.02769824128933e-05
rs545372,7.91296057335656e-05
rs625436,8.05779831395258e-07
rs685982,1.03822281047718e-05
rs515034,6.87989784905897e-06
rs687653,4.56113852976765e-06
rs1076610,8.30228191119378e-06
rs484034,5.00582172381914e-05
rs609391,0.000770306321539355
rs590877,4.75449546470446e-07
rs7551120,0.000575203570759543
rs140382126,0.000104814530690216
rs56412756,1.42890766616526e-05
rs10920222,6.86011823842046e-06
rs495198,0.0040939302762223
rs10800789,1.29241438132614e-05
rs34176293,0.000243080843216076
rs631225,7.91496298436526e-06
rs12240135,2.99732234965491e-05
rs10920223,0.00109541961294318
rs10920225,8.00837534498459e-05
rs7364578,2.64914389557689e-07
rs586688,0.000101061049584085
rs587180,5.02674970406044e-05
rs589855,6.24105279651998e-05
rs635979,0.000373691797510602
rs75782354,3.85816803489758e-07
rs12743006,8.85609075212125e-05
rs7365555,1.18319290121301e-05
rs10800790,0.000562823247928719
rs61821682,0.000117471698101252
rs7523519,0.00038981445247357
rs1267123,1.2809255380492e-05
rs7366302,1.13697065654047e-07
rs7532520,4.75610408266582e-07
rs12127487,1.28096880280035e-05
rs3000763,1.24906909266382e-05
rs1256473,1.58493359413278e-05
rs7415996,0.000213153417926327
rs624041,8.22047531597191e-06
rs567337,8.59544378473364e-05
rs688122,6.19741336098778e-05
rs55795872,0.000157849897017789
rs1267111,0.00166856483526085
rs594276,5.84201086789769e-05
rs510576,7.06504791701185e-06
rs609396,8.11236656740035e-06
rs609480,0.000173985616695013
rs481966,0.000110625580435859
rs601757,2.47204402118918e-05
rs602668,0.000365317206384181
rs654631,0.00197167552239704
rs1256457,4.65866217223601e-06
rs11581804,2.72079942799713e-05
rs12750952,5.78238843390103e-05
rs606114,0.00150483993343148
rs6427917,0.00023755338968724
rs550365,0.000152233838423255
rs12034680,0.00064443803702098
rs1270536,2.24533572461847e-05
rs662852,2.36103048574542e-05
rs11579268,3.80064982825279e-05
rs1267115,0.00045758613847124
rs2050555,0.000375150211012181
rs672696,0.000105577829851066
rs12404359,4.38184373511123e-05
rs61821708,0.00102390561250758
rs722807,6.31887810633252e-06
rs4146693,0.000158920761524505
rs11587185,7.93637833874727e-06
rs11588142,3.22052989317744e-05
rs9662744,7.47048653421202e-05
rs67974334,1.25482004037225e-05
rs67146338,1.22208155049321e-05
rs732813,0.000222243960216234
rs732814,5.19086823232386e-07
rs732815,9.55157644388406e-05
rs12058357,5.45107895412854e-06
rs12025572,2.9713728963008e-06
rs239966,4.72150800509794e-06
rs239967,0.000845735179214663
rs10920239,7.71567029191897e-06
rs239968,2.79178827392208e-05
rs239969,7.24006052914533e-06
rs239970,0.00030200329868418
rs605895,9.29758730916676e-05
rs12036886,6.94894117492038e-06
rs239971,6.74478427308097e-05
rs84214,4.85171948113221e-06
rs239973,0.00139251680595196
rs239974,0.000188108273019831
rs67232405,2.71393422002889e-05
rs239991,1.0841255308002e-06
rs72742008,2.35745936919066e-05
rs239992,2.56265421669483e-05
rs171242,4.94740669676887e-06
rs12565521,3.39749793196541e-05
rs61821710,5.9365386437822e-05
rs61821711,1.60998025128822e-05
rs239994,1.40829910079852e-05
rs239995,6.29964856835064e-06
rs12058481,1.88276028616912e-06
rs733763,6.68477433996088e-07
rs11584710,2.69702306215052e-05
rs10920243,2.40132255176567e-06
rs6689907,0.000421043975713859
rs6690010,7.07930874170015e-06
rs12061554,1.86576731490351e-05
rs6690325,2.24717611376996e-07
rs6666310,9.48102024995074e-05
rs111502193,7.39334980036813e-07
rs111473434,1.35058716820163e-05
rs10920244,2.54795368281758e-06
rs7549336,2.85991319772222e-05
rs77930428,8.0033702576486e-06
rs55950997,2.20422745406458e-07
rs55649131,5.69422288901213e-05
rs239981,1.46142265040152e-06
rs4950838,1.88556338078601e-05
rs6667811,0.000405331985310967
rs61821715,3.54532348799105e-06
rs12026046,0.000823558714097344
rs239982,6.83801538661589e-06
rs12027202,2.65293014841626e-06
rs239984,1.34778874672735e-05
rs56115206,0.00011361902978491
rs4950846,0.00100265592720932
rs239985,3.11953199483703e-05
rs11588214,3.5843671511668e-06
rs12089993,0.00102247250634864
rs1997626,3.1805556679283e-06
rs61821716,4.11176202496949e-05
rs10920247,0.000121914988514874
rs12081246,4.27109133525434e-07
rs239986,0.000190416365827876
rs10920248,1.79564312606225e-06
rs10733066,4.36240556313587e-05
rs10158381,0.000204296208317939
rs239987,0.000379961136760344
rs239988,2.56916668521321e-05
rs507068,5.40217033301486e-06
rs3127544,2.66876061922883e-05
rs3127545,2.70473507036042e-05
rs16849319,0.000127752367962917
rs506171,1.1988864690753e-05
rs488630,7.85642900457412e-05
rs480937,7.4422635870321e-05
rs633367,7.71876002090705e-05
rs631556,2.11482040456968e-05
rs547334,0.000252733706951257
rs516705,8.9493709686959e-06
rs833866,1.1974555905145e-05
rs1256358,0.000113511292358577
rs682112,2.56379532156998e-06
rs665834,4.26265505922166e-05
rs665770,0.000204939313110786
rs511763,0.000216228420419568
rs536070,1.19374925533004e-06
rs650720,8.33683059376492e-05
rs650596,2.06249779539874e-06
rs529581,2.76591882865762e-06
rs552840,1.01791543172827e-05
rs16849352,0.000404071974651567
rs704633,7.45724468120718e-06
rs504988,5.08072746050955e-06
rs564440,7.6404991765748e-05
rs12028333,1.26904850702772e-06
rs567185,2.47009180551722e-05
rs481530,3.6861681810506e-06
rs651103,7.69679193827966e-06
rs74444237,3.04841793216081e-05
rs10920254,2.42139284708814e-06
rs114369807,2.43799583412618e-05
rs114936082,1.23401264568311e-05
rs2644123,5.18221495614647e-05
rs76715026,2.31308285893222e-05
rs12401827,4.12096122418019e-05
rs72742041,4.76400687535927e-06
rs61821734,2.02749747682436e-05
rs61821748,0.00204038039625177
rs12126156,2.50178495167327e-07
rs12122186,2.18530416204394e-07
rs61821749,9.6269528257517e-05
rs4379719,3.0236859310082e-06
rs75832925,2.63417269930691e-05
rs56118392,0.000222032354539041
rs55835025,3.22064475546821e-06
rs2820290,8.43787306074667e-06
rs145470488,4.01041195927476e-05
rs2494116,2.23645337590348e-06
rs2820292,1.30268650284242e-06
rs12035507,2.35250410479707e-06
rs2494112,1.80125338894014e-05
rs2678210,0.00151550695463905
rs11803449,3.51643472769738e-05
rs2016475,4.25214007597692e-05
rs1022361,0.000133000299853778
rs1032524,1.83160047583661e-05
rs2271763,6.14412263718455e-05
rs10464,1.50971842890886e-05
rs41302537,0.000144510816588141
rs2644128,3.64474402460623e-05
rs55817137,0.000264041721621578
rs2644109,2.91745833496594e-05
rs10920259,1
rs4950794,2.56453191014512e-05
rs10800791,0.000101074177223925
rs2678204,0.000185789176776827
rs10920260,1.75902632912977e-05
rs2820295,0.000283136566415748
rs2494114,0.00792220953991993
rs2644111,0.000688804914061514
rs61821755,0.00022748176991236
rs145968853,0.000145729879924211
rs72742060,8.01945301855624e-05
rs2644112,1.37034948939584e-05
rs2644119,2.50558557869677e-06
rs79606698,6.21076283207959e-06
rs2459761,1.55711738004368e-05
rs77635059,0.000539729899348784
rs903678,0.000101636754132085
rs2644122,8.98578765859718e-06
rs10800792,1.63274283267071e-06
rs7534838,7.28747460020162e-06
rs2820316,9.56092485525681e-05
rs77131104,3.820925813584e-05
rs16849387,2.98886215629488e-06
rs6701026,4.40169211397332e-06
rs12562614,0.000171959993061398
rs12127375,5.90173915613024e-06
rs3951628,0.00049190209973751
rs12042456,1.2573683907281e-05
rs12722743,1.59429043693956e-05
rs2644107,0.000458979579354502
rs1400875,0.0193167912165907
rs10920265,0.000172151146968941
rs41300871,0.000875692825756725
rs11576508,0.000116690165794827
rs2678207,2.89163306526654e-05
rs10800793,1.3037715243141e-05
rs2172935,4.14214284273071e-05
rs2132363,0.000150587983176006
rs55725112,1.21658485718198e-05
rs72742073,0.000837971890125329
rs12119907,4.27773152846874e-06
rs12117921,3.11584081607043e-05
rs2254614,0.0031598271210012
rs2494115,8.87521037521706e-05
rs1495840,0.000397885129656519
rs72742077,0.0126758399326671
rs2820309,4.58517213050567e-05
rs4950796,3.51296104152198e-06
rs61475290,9.92749411081049e-05
rs59212970,0.000830107856367314
rs2820310,4.36323073059965e-06
rs950114,2.16992644380643e-05
rs12756688,8.39811680979403e-06
rs12042551,1.001219621232e-06
rs2820311,8.65725999710059e-05
rs34554059,9.93314756215773e-06
rs1043823,0.0339788864625492
rs8024,9.89153217360898e-05
rs12023470,0.000407108325431991
rs116072433,0.00317975406734425
rs72742088,0.000380884270224006
rs10920269,2.41656298944746e-05
rs12030626,7.13644489557214e-05
rs59237903,4.13108170628079e-05
rs41304257,1.08716436163582e-05
rs1517810,7.43489086576792e-05
rs2644134,4.52672547376024e-05
rs41299585,5.13176526279724e-05
rs74985323,5.90061606066249e-05
rs59301778,0.000282663863348988
rs6427922,0.000580687024051189
rs2644135,2.5684549392267e-05
rs10920270,0.00204749825145371
rs72742095,0.00277326974326296
rs13374557,6.90140393418464e-05
rs7539696,4.1401811626052e-07
rs61824384,4.23287988385242e-06
rs2250377,5.54452435996718e-05
rs2279681,2.37738399078558e-05
rs11589881,8.4543365173524e-05
rs12410777,0.000206968985964243
rs8028,0.000868133194634919
rs3738289,0.0012481398145828
rs3738290,0.000131106530330945
rs2820312,0.00144253563260654
rs2820313,0.00109643849698765
rs72742100,0.00046122752739799
rs4025034,1.33093573438592e-06
rs2820314,0.00344475625410028
rs2820315,0.00162705166732555
rs11587511,1.01186037319334e-05
rs35349183,4.74539190383952e-05
rs12120991,1.37734735258327e-05
rs72744806,0.0122861769300883
rs7528681,2.56938880623711e-05
rs72744807,0.000113948182469508
rs67531894,1.97293255236681e-05
rs2820317,0.000262094685364337
rs2820318,1.18734210565934e-05
rs2820319,0.000110336716517004
rs11586433,1.72740034321476e-06
rs2820321,0.000414185943261396
rs2820322,0.000288605935047691
rs2644121,9.97847952795237e-05
rs2819346,0.000114535219493419
rs2644120,8.06066796287071e-07
rs2820323,4.17194687168436e-05
rs11580908,0.000164324257174858
rs2453679,3.38395812882183e-05
rs2819347,0.000119141397523494
rs4309038,4.372553806634e-05
rs4494199,1.39659537717414e-06
rs72744814,0.000258881346289041
rs2819348,3.52659808258934e-05
rs2819349,0.000346011617321248
rs2819351,0.0009329564499065
rs57746981,3.77773608049089e-05
rs80028083,8.81810751298192e-05
rs12137232,2.729905243204e-07
rs12086240,1.37504751634924e-06
rs10800796,2.15864733170517e-05
rs2047264,4.97677956724274e-05
rs35515850,6.59834577984839e-05
rs2047263,1.55140580958644e-06
rs4950743,1.13634367154929e-05
rs17432675,0.000133059525418723
rs10753907,1.16768078411118e-05
rs2360546,5.52637059778846e-05
rs12046134,0.000135243182557249
rs2360545,0.000163648883026424
rs76709730,0.0016943735709138
rs55669491,3.44133332189979e-06
rs9787358,0.00112466553252766
rs60006856,0.000262078273913186
rs2644131,0.0205567513598108
rs12057367,0.000205207563337564
rs55820244,7.0772900994385e-05
rs11584296,0.000152269711672887
rs2819370,0.000149080371577924
rs2819372,3.0881830208321e-05
rs2820304,0.000150317311117931
rs2790898,1.13569307795528e-05
rs61821487,8.33641253895692e-06
rs6697918,0.000308109680765811
rs6698097,6.96479962799352e-06
rs76092823,3.28042996384483e-05
rs6702239,7.82499709713962e-05
rs4950745,8.36589071033977e-06
rs2819376,9.91694807748714e-05
rs2820308,0.000529484015810419
rs2486748,4.50813950336461e-05
rs41313890,7.00895526946193e-05
rs41299611,3.6706881612191e-07
rs6690948,2.00684893313502e-05
rs2790899,3.50571563103674e-05
rs6694080,6.62629080294549e-07
rs7528085,9.42606494982751e-06
rs4648,9.28595398956634e-06
rs4950801,0.00186698163453506
rs115467874,4.31570615634876e-06
rs547489546,1.12690860938386e-06
rs4950802,3.00071286767287e-05
rs12090635,4.25360028739516e-07
rs10800802,7.17442174899405e-05
rs61821489,0.000334984594098712
