rs1124048,0.004576970522765289
rs10494829,0.004554581649950484
rs4915210,0.004842773287855429
rs3198583,0.004760692610258355
rs56368827,0.004514071303368117
rs3738255,0.004636813258680705
rs296569,0.004588436869630286
rs296568,0.00452742022847219
rs296567,0.00453675263957809
rs296566,0.004515027399745186
rs296565,0.004517199909587766
rs296564,0.004507377520047928
rs296563,0.010932895122083841
rs10920082,0.004864952697285818
rs296562,0.004471871481080303
rs296561,0.004525210857805773
rs2134758,0.004512519995883313
rs296560,0.0054947418881717836
rs12562818,0.004507751056733067
rs2279945,0.00450480535693043
rs12568529,0.004504366523056413
rs16847465,0.004505221842276419
rs296558,0.03595761941640774
rs11811109,0.00451275925943162
rs16847470,0.00451449001602322
rs296557,0.033819997731251994
rs11808013,0.004516257498963672
rs12141466,0.004504493219001371
rs76172297,0.004503796743284272
rs72749145,0.00450459410237436
rs12122882,0.004504859827039076
rs12118247,0.004507355421831671
rs12136966,0.004526903142098915
rs2275485,0.004507378727162781
rs11806994,0.00451033059136563
rs60915195,0.004509302104627855
rs2297912,0.004579832855485577
rs12143520,0.004505382508640854
rs10920083,0.004904413853347056
rs1395653,0.004504772780661526
rs57758014,0.0045069706034645
rs2297911,0.004513669273028875
rs2297909,0.015186440404631463
rs2297908,0.004947353362545925
rs12123633,0.004600856959914523
rs12145860,0.00458939825239757
rs12142447,0.004587874192779284
rs1507144,0.004514288300757063
rs1507145,0.004505212713605711
rs10920084,0.01140876358985976
rs12118278,0.004505436183153355
rs12126806,0.0066275146774100735
rs10920085,0.033494878761309965
rs10800749,0.03349707611102459
rs10800750,0.04343034223071529
rs10920086,0.04128409358592422
rs10920087,0.00485783085306335
rs7531978,0.04858153127344689
rs10920088,0.05405264094878437
rs6427869,0.06476229411702927
rs7535637,0.06182979204889849
rs7535723,0.009757971886262595
rs11810823,0.13595935643118162
rs7536000,0.15089477367941362
rs10920089,0.03444506342714415
rs16847508,0.004508373347842931
rs6692235,0.004674188020797443
rs6692427,0.00467388360088461
rs6667956,0.004664955275404115
rs56770229,0.004773698784189762
rs41269929,0.004888140727739021
rs57778851,0.004773689507295731
rs756254,0.004584293975950282
rs10920090,0.00901290114348785
rs10920091,0.005835062287669723
rs11583140,0.008022070296244688
rs6687260,0.008551559385086116
rs6663263,0.004567496953885364
rs10920094,0.008179800932334058
rs2221581,0.00612097203053541
rs6700264,0.010151122286213843
rs12122721,0.007875251302472352
rs957957,0.011987844890036126
rs61817964,0.004474342185770808
rs1934438,0.004595791634746549
rs7526353,0.011383769672463129
rs10753887,0.005084244653825953
rs11804082,0.004563736413820685
rs11805861,0.0045264994520020085
rs6427870,0.011706252415789709
rs74138815,0.004538739244623002
rs6427871,0.015970319327572535
rs12140231,0.0045875217855165795
rs12081096,0.004900680993357831
rs6701469,0.01256457883875417
rs57477179,0.00471989018527974
rs10800751,0.015440847858935958
rs11807626,0.033872498550811425
rs10800752,0.025008651996959452
rs12082403,0.004481932549934675
rs10920099,0.011469568689412735
rs906318,0.004761680155355386
rs965321,0.010340710203037062
rs1995681,0.02418310124068268
rs10753888,0.009788948280916476
rs6673267,0.00818659818327716
rs10920100,0.004525781481927393
rs12077786,0.004693319078813651
rs1546416,0.006691047953363727
rs6675915,0.006110192943806769
rs12566395,0.005267394634682954
rs1507147,0.005859894039501823
rs2279944,0.004584990295043445
rs55837027,0.004663560614304618
rs2297906,0.0056295903620737775
rs55861132,0.0049726127743282555
rs10494827,0.005952672168518136
rs60112590,0.004807430508560473
rs2297905,0.004709708560653225
rs12065493,0.004502311192368991
rs3767499,0.004688792059692082
rs56183942,0.004471892256437626
rs3767500,0.00528468309049368
rs3818873,0.0048873193719232155
rs76439256,0.004481139929481293
rs12032370,0.005369697395316564
rs7556265,0.004497742910168245
rs4915475,0.004543610027294753
rs12046840,0.004558086299094821
rs2297904,0.004570637756352358
rs61614423,0.00457321743432193
rs2297903,0.004572676090213168
rs12048771,0.004546510636836976
rs55922503,0.0045460191453122745
rs12403523,0.004509180105880306
rs12406017,0.0045125865306175905
rs10920103,0.004558334851770929
rs16847613,0.0045390220837048245
rs12565866,0.004488971285594778
rs9427711,0.006714644398872149
rs9427467,0.007389189638975724
rs2886329,0.007766933906642293
rs3767506,0.004504118471494234
rs3767507,0.004504021168223238
rs9427468,0.009192578295219356
rs9333652,0.005134649555633031
rs10920106,0.00447606256735833
rs3767508,0.007741662520761028
rs3767510,0.006111940849839792
rs1998721,0.007099831732677919
rs10920107,0.0057411199496897325
rs6672094,0.005664284491132987
rs4915476,0.009086648261807828
rs4915477,0.0063165182502168404
rs16847674,0.004530826827952694
rs4915213,0.010664450529357827
rs11811602,0.01954972419529233
rs6427877,0.008923649403783651
rs6667959,0.0044885912695914465
rs942706,0.0044994843815432395
rs734879,0.004485253135013134
rs942705,0.004640572581068203
rs734881,0.004511511430098203
rs734880,0.004516679207114183
rs7516825,0.004498795996638161
rs7539618,0.004472578847325215
rs6664806,0.004484408585883615
rs113743154,0.00448059756156427
rs56236174,0.005408909104758108
rs3767511,0.009135346443370218
rs3767512,0.0050952518630315025
rs57511066,0.004799027139794632
rs41267505,0.009805345216889916
rs2296384,0.006820884886883483
rs3753960,0.004474603296052648
rs3767513,0.009810613289180758
rs10159219,0.010189859201270801
rs10159326,0.01704257023241007
rs2296383,0.009585389885222617
rs57397293,0.027511280257409898
rs6677721,0.03256994001018976
rs7534906,0.012989164541643783
rs12409138,0.0115190670218005
rs6699862,0.004512098261888919
rs12561765,0.004510691358411423
rs77337740,0.004471790735273706
rs1325313,0.005094656059592473
rs4915214,0.005041189242852018
rs12132807,0.004610354378976722
rs4915484,0.005206098262090175
rs4915215,0.005088274305266816
rs4915216,0.0047173452828944695
rs4915217,0.004713317018903318
rs59735280,0.004475369008497876
rs57226052,0.004657494964862674
rs58364051,0.004683362586117901
rs1325312,0.004782502348379958
rs1325311,0.004951233170084279
rs1325309,0.0046842310798869136
rs7513829,0.00462562137473943
rs10920121,0.004537070475278737
rs7516898,0.00455611539786871
rs10920122,0.005726842137918298
rs2281845,0.0047995216465697155
rs111528248,0.006061664118136356
rs3738262,0.004516757153470774
rs3738263,0.0045554783572622215
rs57062668,0.006719694624269912
rs2274236,0.004683849212174462
rs12079819,0.005071928825314709
rs7516023,0.004521083259904746
rs10494826,0.004605012983877499
rs1536127,0.005040782420889678
rs6667677,0.005423577367450139
rs7547762,0.00586830276175776
rs57307345,0.005068678955297834
rs942702,0.004591773852584358
rs12141852,0.004885215926998865
rs6413915,0.004472503423079033
rs61819463,0.005264025136209383
rs1547645,0.005456920070388116
rs10753889,0.004673438144426667
rs10753890,0.004673307618759837
rs942703,0.005272129425498373
rs10158720,0.005483963862728536
rs12060696,0.005604492617642842
rs10158900,0.0055506295797135285
rs10920125,0.005424931974666647
rs11802084,0.004870346101780609
rs6704363,0.005042213363299686
rs11810613,0.005051293461345474
rs11808980,0.005061276208564891
rs75036828,0.005915849288387509
rs11810647,0.004660654911953888
rs77651231,0.00453593244617112
rs12029703,0.004963901837677587
rs77984935,0.005068298418650419
rs2057579,0.005855573292198324
rs74908803,0.00520023100989131
rs80312974,0.005108928051279493
rs10800760,0.006179226131836746
rs10753891,0.007234767347919058
rs12025414,0.00628704981889705
rs11589642,0.00629056544481732
rs12058359,0.004856904322741551
rs6427879,0.005496285415238278
rs6697717,0.00514023808367603
rs6662106,0.005034077435225215
rs12062423,0.0045558745819177515
rs17455455,0.004474182681825645
rs61593404,0.004587431535997832
rs3087914,0.004668421836134029
rs1059625,0.004472801573351615
rs6693143,0.004480883129726165
rs754924,0.004474653769489412
rs10920127,0.00465142549189923
rs6672399,0.004578493336751088
rs4915485,0.004479194886035209
rs6703022,0.00458513558192708
rs16847826,1.0
rs6671071,0.0049800609633862125
rs942708,0.004957487362555746
rs10920129,0.004531412951471414
rs1408869,0.004580766033700945
rs12059503,0.005461259324371359
rs4915218,0.005487999637125762
rs4915486,0.004519950287207419
rs10753892,0.005314965999133059
rs7545363,0.005248322691435048
rs7535159,0.005237598809180288
rs8158,0.005178340597779774
rs3738266,0.0046532370434968495
rs10920130,0.00461850038533318
rs7526291,0.004628440549233059
rs6427880,0.005151887399073796
rs2365296,0.005004384012193608
rs3752975,0.004512591116383802
rs3752976,0.0045466504637836636
rs56040932,0.00457276330799794
rs3752978,0.0046543659543747395
rs3752979,0.0045634351081824676
rs4915488,0.005255869535500279
rs4915489,0.005285463462324835
rs10920133,0.004960332386271693
rs6664483,0.0045633995157536855
rs6664337,0.005285599088764581
rs12066395,0.004979549465056077
rs6664624,0.004562716742409267
rs3767514,0.004951824236712032
rs3767515,0.00529546084129473
rs6427881,0.005217551170790258
rs6427882,0.005217530337244147
rs10920134,0.004473086040356455
rs6427883,0.005042818468931176
rs6667912,0.0046452795854978746
rs3820425,0.005303171845822852
rs2147797,0.004854910155539849
rs3753962,0.005214298701026077
rs16847882,0.004710940830894295
rs72751129,0.005013514871695435
rs6427884,0.00525536284338135
rs58626409,0.004475540139478484
rs12027043,0.004986442047680839
rs10753893,0.0045538043702181286
rs11587138,0.00530679302784387
rs2068152,0.004601413278096822
rs3818435,0.005317763729379643
rs6694122,0.005299585457290257
rs10920135,0.005191611373167371
rs12089726,0.005301414927498249
rs7538073,0.005064290272746241
rs6684980,0.0049385546604032715
rs16847895,0.004500856169610601
rs1925361,0.00451586679159921
rs1010502,0.004769525487721249
rs1106729,0.004729139372541491
rs942709,0.004797358910998639
rs3753967,0.004794476202731213
rs7542768,0.004570763393979993
rs56284103,0.004889948498163044
rs2365297,0.004776303412994953
rs831744,0.0045233241131033
rs831745,0.004473169671092347
rs831746,0.0044728963575447755
rs831747,0.005534257808567755
rs12749395,0.006184040671110336
rs12749856,0.005897648986056048
rs61030164,0.00718892918501135
rs863826,0.00457730283315072
rs831748,0.004473804799322023
rs1969874,0.004471699887204861
rs10920136,0.00447299555368208
rs60406023,0.00451964110684866
rs875495,0.004594378385110565
rs6699983,0.00503763259540202
rs28517289,0.004912573139436716
rs1829997,0.004492719110651966
rs1534053,0.004493280202955918
rs1122396,0.004502844173887355
rs1722755,0.004485429261148033
rs1534052,0.00451171571808251
rs6413916,0.004472399517858383
rs6413917,0.004479792289686868
rs1104223,0.004477815890012171
rs831749,0.004488341379011884
rs700465,0.004675053461510759
rs844252,0.004629045118443087
rs58566315,0.004888518846877021
rs1772825,0.004481647958121671
rs1722763,0.004616587192299404
rs2066284,0.0055117030751288265
rs116360498,0.004481385410673
rs61819513,0.004950340404666798
rs11588758,0.005663252409431108
rs831773,0.004481953951775086
rs831772,0.004590235410812382
rs831771,0.004503574691445467
rs831770,0.00558440952614736
rs831769,0.00463709461601669
rs4915492,0.006173723806362275
rs12035112,0.0061573161455563685
rs12042026,0.00615612993085124
rs73084953,0.006157268610735622
rs1404402,0.006238045088939104
rs831767,0.004494275661371838
rs16847944,0.004693156150551325
rs61197115,0.007592821106501169
rs831765,0.004503109074518119
rs16847947,0.006249537580913511
rs831764,0.004489222255073311
rs831763,0.004483294308202934
rs12736248,0.005734105676949874
rs16847951,0.004643449514087683
rs61819516,0.0046245484153487615
rs12046039,0.006312335235373889
rs831762,0.004508629814933274
rs831761,0.004618289183164315
rs831760,0.004518263610209683
rs831759,0.00448999406096473
rs831758,0.004495648582742207
rs831757,0.004862539643131436
rs16847977,0.004686891728399423
rs831754,0.0047478073421730604
rs831753,0.004674508355255846
rs59483085,0.004479620783066629
rs831752,0.004965233674280256
rs831750,0.0052527239942110615
rs1749543,0.005238809865963812
rs6677048,0.005263334686169241
rs12137704,0.004499496547167747
rs6692833,0.004693257611412038
rs1107128,0.0045106692734894205
rs1568809,0.0044800319581936865
rs6703241,0.00482110215023368
rs4915221,0.00506843869104312
rs11589317,0.004541057915517732
rs16848031,0.00448410224408935
rs2365298,0.004688027044497112
rs4638158,0.004629855730369115
rs10920142,0.004517607950315861
rs832156,0.005784879299170598
rs1341631,0.005730451401883996
rs10753895,0.005496031380978206
rs12094334,0.004876526630883893
rs12568690,0.005709919356693516
rs12063867,0.004902884880166991
rs72751165,0.004876518044408473
rs7551098,0.0047816448713697834
rs7551538,0.00484990564078791
rs12757706,0.004841456902232366
rs61818163,0.005427320627209853
rs12070918,0.004798644473004043
rs12060924,0.004892218959431038
rs2282413,0.005021341340905483
rs2282414,0.004995043066947313
rs2282415,0.004992403955580427
rs1568810,0.004864022181570338
rs4915496,0.005910807169043242
rs2275673,0.004722580723964587
rs59498888,0.0193177807552094
rs138595154,0.01328967595720032
rs3738271,0.004471927229922512
rs16848109,0.008330499334895491
rs12138414,0.0046762931593418156
rs6692583,0.005835882208474752
rs3753970,0.004665398425745093
rs3753971,0.005698752784561445
rs3753972,0.004659810330117198
rs3753973,0.004590157972692466
rs14061,0.004670170548161101
rs12466,0.005200779593050986
rs12566002,0.007800793545243434
rs1578531,0.008048231014563867
rs12125856,0.0127552294870662
rs10800763,0.0046267923229658114
rs10920147,0.0046267940897829485
rs10920148,0.004641280077358312
rs12126709,0.012639885626488878
rs1404403,0.004472943936363771
rs10920149,0.00473618462815073
rs192075754,0.008818590212278377
rs200654927,0.008818442555561967
rs202088093,0.008818678705804217
rs182362818,0.008818863587829906
rs149487251,0.007679480264185301
rs148613192,0.008906949930639452
rs144252900,0.008907231652873993
rs1917349,0.0058922197303500345
rs1917348,0.006013132635077967
rs35267610,0.004713978340208369
rs114992212,0.004835393107175512
rs35898911,0.004914597763220674
rs6703105,0.004624930621251133
rs200333986,0.009675865183832455
rs201522531,0.004826047613608053
rs149905136,0.004471651528088039
rs12129696,0.013775661985592325
rs11484867,0.005391966161004236
rs12095978,0.004999713897016145
rs12144537,0.004588825521382067
rs12757105,0.0050724571331211
rs4019995,0.004595914748986574
rs61301758,0.004492785401360888
rs9662932,0.005021441601802401
rs55761029,0.004501839399433161
rs9658867,0.005500888350702504
rs6656974,0.005044765359814907
rs12745441,0.00810171905872814
rs12132736,0.0047109220225319826
rs1010914,0.004472068877344193
rs55817509,0.008101777945644928
rs1534055,0.00467547332194973
rs7541410,0.00468927823508325
rs1880448,0.004474825449422681
rs4915499,0.004473274238793734
rs4915226,0.004481109093973368
rs34197764,0.005783165241996624
rs72751185,0.005334133412460584
rs7515270,0.005032253867424119
rs7517633,0.005827553121197093
rs7517781,0.005799368287410678
rs10800765,0.005792655773529942
rs12091001,0.005628718114579767
rs12137407,0.012983459749883686
rs10920153,0.0050900753909307594
rs10920154,0.005754048963518388
rs10800768,0.005754112818452173
rs10920155,0.005142801223560367
rs17458744,0.012487490679335522
rs74461474,0.013504268931553987
rs10157947,0.0046409105888644
rs10920156,0.005368992819636431
rs9988601,0.007780485947635363
rs9988537,0.00788373639410811
rs6655968,0.005794389214039075
rs9988535,0.00789831320040324
rs1949833,0.007888977556597676
rs1954214,0.007817635968315195
rs6684262,0.006973706063180929
rs55927583,0.012502401145568554
rs6427895,0.004744120953282693
rs12732928,0.006280024961921704
rs76051740,0.01718511895729935
rs79147917,0.02673420964303619
rs202105833,0.012988087945491888
rs12139554,0.01948023293079082
rs16848172,0.004755713256898497
rs2078570,0.022267244561449018
rs55778383,0.021322451848981294
rs11801270,0.02235582741631026
rs4244148,0.006904067465824726
rs57522319,0.01878421192701396
rs2365642,0.0072597116452148835
rs12046907,0.007075684477430677
rs10920161,0.005574054765317138
rs12117501,0.022590730953784055
rs1997018,0.006388304888949592
rs10920162,0.02154857358611917
rs6427896,0.004599497367237193
rs1880449,0.0064108692413686885
rs1857488,0.023376820943713073
rs1880450,0.006628818635179612
rs12129670,0.016347539709656744
rs1857489,0.004717013717546181
rs56287879,0.004485881952308923
rs79676656,0.004564483878717773
rs77310189,0.0044724622857520435
rs4915503,0.0045203176616774865
rs12038867,0.006740959534170643
rs868381,0.004485379326855998
rs16848196,0.006830992114045031
rs3753974,0.004777133496126518
rs56252940,0.009575955786783275
rs1257394,0.004484701576754402
rs67389644,0.004480881019683136
rs832165,0.005748720425387321
rs832166,0.006023174311422741
rs832167,0.0048853000676326586
rs832169,0.005801072003102314
rs832170,0.00560518578493685
rs2268150,0.004738409393418852
rs12025174,0.004933437989461331
rs832175,0.009893975575650304
rs700469,0.010649014611796237
rs832176,0.004472376582431048
rs2268152,0.005056254786695358
rs1779300,0.007271608535897589
rs2268153,0.00636666489322868
rs860554,0.007584116499103177
rs832144,0.010670480867860821
rs832143,0.007327446653177416
rs1779301,0.01090197367878043
rs832142,0.004492189099542521
rs866215,0.011941605736854766
rs861272,0.008243454526527971
rs832148,0.008281992355730572
rs80026113,0.007369808054201621
rs832147,0.006293430441570935
rs832146,0.006444423260994925
rs832145,0.006504649296859677
rs2284438,0.00481102707561587
rs706494,0.009991544581094858
rs116380452,0.007363020144505739
rs1722765,0.010554060963450351
rs2268160,0.007390019873159348
rs2268161,0.006397031352402771
rs116379087,0.006915385276694552
rs1772847,0.008407365560130442
rs1772848,0.008257189860168102
rs832152,0.008336546182487359
rs832151,0.008099695178251709
rs832150,0.008393411059407052
rs832149,0.008175954101289573
rs1722764,0.008626949540489481
rs1534051,0.008758066382716034
rs80280493,0.006261414007599275
rs1794867,0.0084394567717474
rs1722779,0.008417097247848782
rs60250966,0.004482899198233081
rs1794870,0.007792157622304785
rs2030721,0.004524535141616104
rs1626370,0.00828366033789285
rs1628151,0.008503798297776699
rs1628556,0.00850362985272024
rs57503547,0.004534262765784058
rs1772828,0.005888628703371812
rs1779293,0.008475370945706273
rs2071960,0.006161541089262923
rs1772832,0.008934746416616735
rs61150106,0.004561650123473759
rs1779289,0.007357372106649551
rs2239845,0.005408287129648692
rs1543805,0.005380550535218576
rs1543806,0.005372160398874559
rs854505,0.007219616715726573
rs1722742,0.006689371534181587
rs3820427,0.004555661590616267
rs854509,0.0051040685648310324
rs61818257,0.004853791654999107
rs1023486,0.004683752385826079
rs1023487,0.004737234690849967
rs6685490,0.004754036482874313
rs6660897,0.004811180312081387
rs61819984,0.00468252039682393
rs79906867,0.00490798965614736
rs114649649,0.0048297942882362666
rs7541805,0.006692258614753643
rs3795628,0.005025702912297203
rs1104755,0.005797975351650719
rs61819986,0.0050763506562074845
rs3795630,0.005112961676678629
rs10920175,0.00523259778680607
rs17425876,0.005398805333798107
rs12120834,0.005064175855342468
rs61819987,0.005278989074155249
rs1046962,0.005287393176885979
rs1046970,0.005410502753805502
rs947377,0.0052666700221105645
rs10800773,0.005116324945446449
rs10753899,0.0055201791101952
rs17459837,0.005384490770930617
rs5020875,0.006796950704331728
rs1539692,0.0051090714628571066
rs12120625,0.005672489960070748
rs12130329,0.00499407183961631
rs2886431,0.006505776631877014
rs4915516,0.006591869063527933
rs12117515,0.005033258599182133
rs2365649,0.006195437291498296
rs4915518,0.007149149305805458
rs1122481,0.006205835040817953
rs7526201,0.0057172364191878655
rs148872643,0.006154971244967222
rs1539694,0.004991886061508022
rs61819989,0.004902841665486157
rs12084456,0.004781440606505427
rs12074314,0.0047060599290138505
rs61819990,0.004481080712555263
rs59855547,0.004694893301996794
rs12564284,0.004512333912856326
rs12087692,0.0045962707698150584
rs17426255,0.0046356246777242704
rs12073852,0.004596436344917576
rs12068574,0.004626653855276386
rs12091888,0.004674627608439619
rs12141661,0.005878721874845394
rs7540834,0.005142418319592057
rs12076689,0.005073890934514824
rs7535327,0.005822037506107214
rs10920180,0.0057708093536846805
rs7521796,0.004846757443120686
rs10920181,0.004811117778027452
rs2275861,0.004588951319466017
rs11807637,0.0045194670901759215
rs11806184,0.004527149972584965
rs1104859,0.005224316801604734
rs2365652,0.004655970835242718
rs61819993,0.004490625478789534
rs61819994,0.004492849755888373
rs1104858,0.005218017120542373
rs1892027,0.00537635381612811
rs61819996,0.004475471034003142
rs1892026,0.00520961802414921
rs1892025,0.006291702125790111
rs2001410,0.004775131065234084
rs2275860,0.004515400235876932
rs3767546,0.004786600732222035
rs3729547,0.005049821920631414
rs3767545,0.004490361536513721
rs7544061,0.004678036378832462
rs10800775,0.006295212516666648
rs1892028,0.00466466618947281
rs3729842,0.006874671850916281
rs3753999,0.004616259257922972
rs3753997,0.004737997608037503
rs79556064,0.00461527450818866
rs16848462,0.0046936590452171245
rs10800776,0.005549750025542588
rs10920183,0.0047789210912372315
rs10920184,0.004786969343050118
rs45584633,0.00450206193812408
rs1419276,0.005504138597974273
rs12567686,0.004682603845718503
rs4915240,0.004742093115203683
rs868407,0.0051219144535221695
rs3020556,0.00481956281768936
rs75826050,0.0045127570319842825
rs947486,0.004675845624187769
rs947485,0.004637635951468377
rs12564445,0.004852756990733065
rs2799686,0.004648868621526248
rs2799690,0.004484707181829584
rs946638,0.004518226024050498
rs946639,0.004518262502862247
rs6679578,0.004750207222692704
rs2275866,0.004999426944602425
rs4128458,0.0046197956099846005
rs2799677,0.0046281875346935175
rs4915230,0.005046808367348166
rs61820018,0.004904992325186819
rs2799676,0.0048683751928521035
rs2799675,0.005014070302971407
rs3738281,0.004787279008682144
rs2719183,0.004619394672063737
rs12085646,0.004902585256636893
rs2799685,0.004639346583538373
rs2719178,0.004722365426638286
rs2799684,0.004882634104286132
rs2799683,0.004659621735705999
rs2799682,0.004744425383451545
rs2799681,0.005031267673954787
rs1107256,0.00480630435771312
rs1256944,0.004577727561785094
rs2799680,0.005438093762772045
rs1256945,0.0050487983504556855
rs1256947,0.005083559193359788
rs1256948,0.005541586920579378
rs41270949,0.005731462724969827
rs41270951,0.006023170933054378
rs12048410,0.004529337674250455
rs1022972,0.004478221077244493
rs1819291,0.004490630833407061
rs11807656,0.01749320066403781
rs11801332,0.008918470238161169
rs3767550,0.01187952858603969
rs12074582,0.004637965718360726
rs200603824,0.004785595779541629
rs111247538,0.004689673546833251
rs112043288,0.004689667716169854
rs112848605,0.004689627164241927
rs12084362,0.00467803341887052
rs77054920,0.004689956674382101
rs12081682,0.004665979038952384
rs76565590,0.004665633625933863
rs77856365,0.004653986024331869
rs76621914,0.0046655571932529005
rs75311622,0.004665608280506217
rs872830,0.004665425900344022
rs2002169,0.004640148505154484
rs2094319,0.004477618102094794
rs2104554,0.004635202891134393
rs4575109,0.004635243761337726
rs79889756,0.004615504799904135
rs112748729,0.004615493562215023
rs74547189,0.004600525263322219
rs12094767,0.004615346672123488
rs12094867,0.004615396090687285
rs12094903,0.004582391562821919
rs11487579,0.004579577642231714
rs11484870,0.004591259276418569
rs59261306,0.004546592211269851
rs12057734,0.004577557935131149
rs10494830,0.004576641743830989
rs12088679,0.004551877140887783
rs12083923,0.004517590685093609
rs12088759,0.004531435158819264
rs12059033,0.004556397888982655
rs112403624,0.004552216287070476
rs78922152,0.004476575298335561
rs10920203,0.004808797401067544
rs11809006,0.00458158296124811
rs11803455,0.004499007869742777
rs6690563,0.004909275019906234
rs6690780,0.005388200949805966
rs6690874,0.006052743396264826
rs6669318,0.007278144391421604
rs6427909,0.0071879884207332045
rs6701589,0.006054948231205448
rs1053582,0.012929700433204183
rs11590527,0.004606350069515597
rs12097997,0.0046324797204466694
rs5009458,0.004562759477737766
rs10920212,0.004558886956652075
rs6702246,0.00449433662669807
rs12758212,0.004528907825228301
rs495886,0.00495677284211804
rs641103,0.005178906429550545
rs641581,0.005259561928458889
rs7538112,0.004787718080593306
rs544677,0.004781311768758956
rs682137,0.0048045776092231485
rs34671394,0.005211892317707245
rs682542,0.005327930693827643
rs682600,0.004958217055265224
rs683027,0.004876302771129937
rs683467,0.004992312369768603
rs515384,0.004818307806760069
rs113326780,0.004940807432779026
rs475416,0.004657515292529446
rs1256925,0.004559018347437327
rs673640,0.004605466215307441
rs685023,0.004519976728601605
rs485060,0.004545370380635183
rs12076215,0.004588258459937489
rs78433503,0.0044809416410108716
rs610282,0.005081128808164914
rs3753982,0.004645351372941975
rs3753981,0.004655464441726265
rs3767525,0.004812689702721307
rs12076873,0.00454801235493274
rs12134619,0.004588046643137722
rs10800786,0.004679778922738964
rs12132910,0.004558023075898809
rs12135020,0.00453630868735011
rs78352541,0.004724316965318276
rs79178636,0.004779038334903896
rs141950379,0.004776179701523553
rs4310467,0.005582914301206943
rs11586495,0.005656546514171579
rs76498504,0.004725357495374727
rs56057735,0.005514777429505124
rs56019336,0.004761166525614535
rs56391813,0.0047655816422240704
rs56082263,0.004765569249682966
rs6687159,0.004783328552290911
rs6663271,0.004777894855127474
rs11577226,0.004752441583377842
rs11581119,0.004752279268849802
rs55683002,0.004760482156561552
rs11586342,0.006233170378837194
rs11588293,0.004744899706705219
rs11586391,0.004781204920333404
rs11578749,0.004905792550000898
rs7552162,0.004814536446185569
rs2152107,0.004873375882261777
rs2152106,0.004868533939950237
rs2184458,0.004929617329027192
rs58909817,0.004881425612880963
rs17469153,0.004755865157051398
rs56162493,0.00457866982269739
rs55809634,0.004651216839018146
rs11579770,0.004573995333719161
rs55817379,0.004614226781199937
rs56112738,0.004814097198145073
rs11587472,0.004911794309998552
rs11589746,0.004889149381809066
rs12726208,0.004909653096380806
rs35578983,0.005582726092719814
rs12740361,0.0058198415879361365
rs7536246,0.004888969058412296
rs654897,0.0045374123775989705
rs1569406,0.004487051088391203
rs12081043,0.004497346263962143
rs483763,0.0044787179552171485
rs987319,0.004474086930281285
rs12087027,0.00450104787362493
rs79063362,0.004562033953135591
rs7555032,0.004534894932853306
rs11583984,0.00451079893449613
rs2205595,0.004504335107642143
rs7524811,0.004472496923553559
rs1555932,0.004474349178796411
rs1555933,0.004474353035503809
rs1555934,0.0044762981884926
rs1555935,0.004479795024261213
rs58753953,0.004472766611971601
rs6673530,0.004472474730887188
rs11584560,0.0044879156227788375
rs6660954,0.004480745866407676
rs877925,0.004490826675724091
rs61819722,0.004472561379631923
rs7518780,0.004498481310032276
rs7518886,0.004539832150184053
rs7519044,0.004472377584347376
rs7541636,0.004571037910947373
rs17469541,0.004476681079692346
rs61819723,0.004654986362850888
rs78663784,0.004550632425958323
rs11589790,0.004599394907681464
rs11583215,0.004497156433516891
rs633696,0.004945596061321056
rs503498,0.004752472877131875
rs1267131,0.004717629414594304
rs11585930,0.004570211616150455
rs561763,0.005266692170285636
rs617053,0.004623325694961822
rs661086,0.005219843172314831
rs60958765,0.004472889872953245
rs511201,0.004551950226057366
rs11576059,0.004483998520342425
rs12406329,0.004472225747593872
rs585041,0.004474044423380619
rs139778982,0.004494094231171419
rs677390,0.004472008448515141
rs730430,0.004472879295797982
rs613896,0.004471723453313925
rs614452,0.005336354508839625
rs4145538,0.004499212674339281
rs4915541,0.004471579785120805
rs4915542,0.004472830465126032
rs77304905,0.0045182367855212124
rs57397582,0.0045177416863303455
rs673550,0.0044820022714424645
rs4406665,0.004537199310694073
rs11577082,0.004539156988726312
rs11585243,0.0045162790984805135
rs2142498,0.004484955101905719
rs608356,0.004474156727474532
rs610983,0.006657816107658698
rs640668,0.006344843094451491
rs11578716,0.004471612958456439
rs7529849,0.004521479614622681
rs548959,0.005781856941840746
rs7530401,0.0044716545996504875
rs545372,0.005616758862334592
rs625436,0.005561295039608005
rs685982,0.0045010043786356535
rs515034,0.0050033946857367395
rs687653,0.004498129209991708
rs1076610,0.004472422806516829
rs484034,0.0044903224308801
rs609391,0.004547047806360172
rs590877,0.004483318348690757
rs7551120,0.004574779673395035
rs140382126,0.006595931217121875
rs56412756,0.005686651073900761
rs10920222,0.004723118667796844
rs495198,0.007899588011083147
rs10800789,0.004664753392714216
rs34176293,0.004710411641709267
rs631225,0.00706574979948793
rs12240135,0.004721031753620708
rs10920223,0.004742855161871007
rs10920225,0.004883530686935034
rs7364578,0.004750482568303349
rs586688,0.004473428618427477
rs587180,0.004488564132067663
rs589855,0.0044827990283761165
rs635979,0.0045185455021142795
rs75782354,0.0046203517332638055
rs12743006,0.005473466012389738
rs7365555,0.005239008539050016
rs10800790,0.005078627848057127
rs61821682,0.006325957675115235
rs7523519,0.00580598006013644
rs1267123,0.004503059021335409
rs7366302,0.00448481169375925
rs7532520,0.004561052950523226
rs12127487,0.004515781925428564
rs3000763,0.0045347648146574215
rs1256473,0.004795400970469932
rs7415996,0.005100027619091008
rs624041,0.004993460861891008
rs567337,0.005056450977495408
rs688122,0.004993568380693536
rs55795872,0.005038916158676798
rs1267111,0.004944190780639901
rs594276,0.004637045988134747
rs510576,0.004974993868659072
rs609396,0.004952188737755048
rs609480,0.004932961652310608
rs481966,0.005009952737511925
rs601757,0.005136960191686857
rs602668,0.004870838260818688
rs654631,0.005119888957598184
rs1256457,0.005104395970665587
rs11581804,0.004797775904212043
rs12750952,0.004604512755246426
rs606114,0.00494936819584757
rs6427917,0.0063787762449341034
rs550365,0.005168867241169828
rs12034680,0.005104738992197544
rs1270536,0.005221432761278844
rs662852,0.004940929431598184
rs11579268,0.006291062091978161
rs1267115,0.004768282389589151
rs2050555,0.005776828531834588
rs672696,0.0059875844338366235
rs12404359,0.00462618705854545
rs61821708,0.004543246558894598
rs722807,0.004540338635603436
rs4146693,0.004577380655360508
rs11587185,0.00460311593814855
rs11588142,0.0045067575921494685
rs9662744,0.004497031816435126
rs67974334,0.004473808583828287
rs67146338,0.004473953899103766
rs732813,0.004562974844396717
rs732814,0.004481488522799282
rs732815,0.004538019794684378
rs12058357,0.0044719775011611285
rs12025572,0.004499412580102113
rs239966,0.004484012033291518
rs239967,0.004495753719872764
rs10920239,0.004482280253297333
rs239968,0.005449404945364722
rs239969,0.005371847023554865
rs239970,0.0047068505487397605
rs605895,0.0046049882642632545
rs12036886,0.004479111578719164
rs239971,0.004573635797372577
rs84214,0.005687701078136653
rs239973,0.005555579961358359
rs239974,0.005807727047889566
rs67232405,0.0045187024623774
rs239991,0.005640302820736687
rs72742008,0.004536449952383559
rs239992,0.004541171687911905
rs171242,0.0050336675591348135
rs12565521,0.004476798329629883
rs61821710,0.004471940842313171
rs61821711,0.004500985306803207
rs239994,0.00453357403323662
rs239995,0.005562183286153766
rs12058481,0.004471496500203731
rs733763,0.004554536238689844
rs11584710,0.004573633783777509
rs10920243,0.004492897231266668
rs6689907,0.004493053707289807
rs6690010,0.0046149537810165064
rs12061554,0.004477389637510432
rs6690325,0.0044720463278514755
rs6666310,0.004488203792931689
rs111502193,0.004485974730710884
rs111473434,0.0044919465821513516
rs10920244,0.004472230259032761
rs7549336,0.004694262821177464
rs77930428,0.004493606523161997
rs55950997,0.004475840743171977
rs55649131,0.004486012726762634
rs239981,0.004525945445574275
rs4950838,0.0044847285670676085
rs6667811,0.004497113199475211
rs61821715,0.004512141978435413
rs12026046,0.004540293861528877
rs239982,0.004550045304091976
rs12027202,0.004509657039951875
rs239984,0.004519032504977094
rs56115206,0.004487456866349215
rs4950846,0.004532737632438666
rs239985,0.005121880318947225
rs11588214,0.004473296361047763
rs12089993,0.004712769982916476
rs1997626,0.00451727408379532
rs61821716,0.0044730062519376945
rs10920247,0.004542806982012593
rs12081246,0.004549750412867537
rs239986,0.004651168033408815
rs10920248,0.004493595893385383
rs10733066,0.004529296729850696
rs10158381,0.004493549523413298
rs239987,0.006459471191374466
rs239988,0.006893527318118875
rs507068,0.004741656943826111
rs3127544,0.004877698768843586
rs3127545,0.004925568096731392
rs16849319,0.004544552918212208
rs506171,0.004869431534777924
rs488630,0.004832604607699631
rs480937,0.004550867774111067
rs633367,0.004942187227854888
rs631556,0.004633432004791493
rs547334,0.004879447394310454
rs516705,0.0046446509576622
rs833866,0.004718572158789569
rs1256358,0.004747487105127179
rs682112,0.0046263419689371865
rs665834,0.00461199721424832
rs665770,0.004607410573679749
rs511763,0.00458971373927497
rs536070,0.004643673251301661
rs650720,0.004597512396102954
rs650596,0.004728854643522795
rs529581,0.004599693673412841
rs552840,0.004795425569091849
rs16849352,0.0045136855414875665
rs704633,0.004549647359828546
rs504988,0.004540065082228484
rs564440,0.0045123225998523475
rs12028333,0.004478665067238152
rs567185,0.0044917383629971
rs481530,0.004490275207498562
rs651103,0.00461601494647168
rs74444237,0.004635068003885023
rs10920254,0.004547559614835217
rs114369807,0.0045746424274428765
rs114936082,0.004508215108948832
rs2644123,0.005058890043512121
rs76715026,0.004593631333665971
rs12401827,0.006111931662597381
rs72742041,0.004471620951134181
rs61821734,0.0057819418416621415
rs61821748,0.005858021363655097
rs12126156,0.004517065364725181
rs12122186,0.004558471981502388
rs61821749,0.006755193040163587
rs4379719,0.0045253324751380886
rs75832925,0.00614724124790067
rs56118392,0.005078771382386993
rs55835025,0.004915050865884729
rs2820290,0.004743931956265102
rs145470488,0.00497229125360521
rs2494116,0.005103558332937186
rs2820292,0.004690286875289051
rs12035507,0.0044717008579039375
rs2494112,0.00514473363167034
rs2678210,0.007468342391126481
rs11803449,0.00494382506901847
rs2016475,0.004812117989990372
rs1022361,0.005001175733696295
rs1032524,0.005327884927624482
rs2271763,0.006047843798869579
rs10464,0.004770108815100538
rs41302537,0.005589344161373688
rs2644128,0.00522964885245969
rs55817137,0.007736851896457564
rs2644109,0.0074306081343308295
rs10920259,1.0
rs4950794,0.00549956322152112
rs10800791,0.0052835817019636355
rs2678204,0.007193413078155464
rs10920260,0.006084579739090712
rs2820295,0.007531612106912444
rs2494114,0.006183276311689911
rs2644111,0.007591035069255181
rs61821755,0.005346867869719052
rs145968853,0.007587377664217021
rs72742060,0.007830094559024059
rs2644112,0.006932515016351948
rs2644119,0.007101901412260969
rs79606698,0.005143368519732405
rs2459761,0.006983913390371743
rs77635059,0.004690092790667899
rs903678,0.0073478099607721115
rs2644122,0.006052475905950483
rs10800792,0.004528805293961935
rs7534838,0.005759439850615333
rs2820316,0.007743687549789602
rs77131104,0.007317674317352085
rs16849387,0.005249812784222985
rs6701026,0.004495995701959021
rs12562614,0.00447262028930373
rs12127375,0.005403340984532323
rs3951628,0.007210255052617964
rs12042456,0.004493647205910611
rs12722743,0.005173710647763952
rs2644107,0.0075213251874990394
rs1400875,0.007690812917971801
rs10920265,0.0071953815694580925
rs41300871,0.007520140866425162
rs11576508,0.004493330381482585
rs2678207,0.006281910843595306
rs10800793,0.004519865170561688
rs2172935,0.007553887956272876
rs2132363,0.007554267793305369
rs55725112,0.007988859484861277
rs72742073,0.00796453505483008
rs12119907,0.004527651565038648
rs12117921,0.0055329792792800925
rs2254614,0.007206413311476645
rs2494115,0.007167251204824088
rs1495840,0.005273236820877991
rs72742077,0.007864098289101507
rs2820309,0.006745952660863752
rs4950796,0.004538269687102581
rs61475290,0.007984213762563197
rs59212970,0.007984167793520403
rs2820310,0.007592167789840731
rs950114,0.004472072190649046
rs12756688,0.005441035380370551
rs12042551,0.004479676281510914
rs2820311,0.007254100677738351
rs34554059,0.005253235038878423
rs1043823,0.007407973891805919
rs8024,0.008250911221608037
rs12023470,0.004487743707125347
rs116072433,0.007648439553227138
rs72742088,0.007648515284887636
rs10920269,0.005374570686232816
rs12030626,0.004475488413991591
rs59237903,0.00734968138136094
rs41304257,0.005022173033381261
rs1517810,0.007676542356653049
rs2644134,0.006947632139265192
rs41299585,0.004494043017194027
rs74985323,0.004499008760244894
rs59301778,0.0075595415246970665
rs6427922,0.005481961945967728
rs2644135,0.00650234986668996
rs10920270,0.0051138131785467555
rs72742095,0.0074470195821420004
rs13374557,0.0052140852582905906
rs7539696,0.005239582129035525
rs61824384,0.0045427320243364155
rs2250377,0.007983262446815909
rs2279681,0.004472434256873936
rs11589881,0.00451595907592961
rs12410777,0.00518354849717817
rs8028,0.007255182799526083
rs3738289,0.0071602885277999295
rs3738290,0.005439669411368309
rs2820312,0.007455185501261452
rs2820313,0.007212514964170191
rs72742100,0.006533102065960916
rs4025034,0.005231392220262143
rs2820314,0.007477776328811192
rs2820315,0.007045654024476766
rs11587511,0.005555147713901087
rs35349183,0.00574182395090439
rs12120991,0.005079705566043757
rs72744806,0.006778002807038774
rs7528681,0.0056042474662687525
rs72744807,0.007363619871518012
rs67531894,0.00543176806962109
rs2820317,0.006230075911261568
rs2820318,0.006164164742777478
rs2820319,0.006275581752396842
rs11586433,0.005227701494846748
rs2820321,0.00631622511340324
rs2820322,0.006210512024773518
rs2644121,0.006186906020941185
rs2819346,0.006147764206006601
rs2644120,0.0050045928478412716
rs2820323,0.006342146455472597
rs11580908,0.005406140092060419
rs2453679,0.004609373886784396
rs2819347,0.0064784403954611935
rs4309038,0.004871240678972377
rs4494199,0.004854516645361406
rs72744814,0.00652960968848737
rs2819348,0.006876359184277869
rs2819349,0.0072475296820010415
rs2819351,0.007300656427155827
rs57746981,0.004476905513023155
rs80028083,0.0045070834460000375
rs12137232,0.004890051471404533
rs12086240,0.0047523947690149
rs10800796,0.004501277996128095
rs2047264,0.0047439807209055385
rs35515850,0.005481587378585839
rs2047263,0.004472064266923037
rs4950743,0.005849955754813507
rs17432675,0.006795377605348651
rs10753907,0.0067812551018648914
rs2360546,0.007751093405017451
rs12046134,0.0072878638069705515
rs2360545,0.0050275632355970545
rs76709730,0.008364106807619676
rs55669491,0.0052996886581494485
rs9787358,0.005193103509827157
rs60006856,0.006942214184545437
rs2644131,0.010436023853582888
rs12057367,0.005835303712264706
rs55820244,0.0065215169737924406
rs11584296,0.007140220865265778
rs2819370,0.004829971539338618
rs2819372,0.0049217790945154105
rs2820304,0.004872182067958364
rs2790898,0.0048819614821346
rs61821487,0.004474797789942531
rs6697918,0.004481047191134069
rs6698097,0.004503317137133145
rs76092823,0.0050883485240379445
rs6702239,0.004539239410181084
rs4950745,0.004487322893218848
rs2819376,0.005376157004762017
rs2820308,0.005377351820353038
rs2486748,0.005223574102392048
rs41313890,0.004525164282727645
rs41299611,0.004537937560176508
rs6690948,0.0045780407090929565
rs2790899,0.006181660289598434
rs6694080,0.004584178647727755
rs7528085,0.004712876566139723
rs4648,0.004514287641352643
rs4950801,0.0050001881387425895
rs115467874,0.00448628937180906
rs547489546,0.004499188395740594
rs4950802,0.005003504571703621
rs12090635,0.0047507423016160955
rs10800802,0.0050004194920024725
rs61821489,0.004589248676529989
