rs1124048,0.0045182331157387345
rs10494829,0.004495335799906575
rs4915210,0.004774557870864893
rs3198583,0.004693681930103333
rs56368827,0.004453494768892452
rs3738255,0.004571580100711126
rs296569,0.00452814068413665
rs296568,0.004466234468085473
rs296567,0.004475641942428776
rs296566,0.0044534398490151395
rs296565,0.004455843849743291
rs296564,0.004445917418760992
rs296563,0.010935808160080884
rs10920082,0.004796686044503895
rs296562,0.004411156462037713
rs296561,0.004464125342266145
rs2134758,0.004451825852131774
rs296560,0.005449518224978189
rs12562818,0.004445648370872912
rs2279945,0.004442840245381552
rs12568529,0.004442395446603298
rs16847465,0.004443906024659272
rs296558,0.035830125260385315
rs11811109,0.004451812482128892
rs16847470,0.0044538471347466135
rs296557,0.03368303743327672
rs11808013,0.004455544479182172
rs12141466,0.004443227823529461
rs76172297,0.00444226167767825
rs72749145,0.004442648990552023
rs12122882,0.004442803473864054
rs12118247,0.004445130354185478
rs12136966,0.004464068203579252
rs2275485,0.004445286488868216
rs11806994,0.00444792876195399
rs60915195,0.004446891534196196
rs2297912,0.004516114620537137
rs12143520,0.004443377077270605
rs10920083,0.004849793523091672
rs1395653,0.004443320506861581
rs57758014,0.004445607355771819
rs2297911,0.0044530638933600875
rs2297909,0.015267423098809019
rs2297908,0.0048931574131796385
rs12123633,0.0045426699475491494
rs12145860,0.0045309667223336625
rs12142447,0.004529367331588152
rs1507144,0.0044535316951466175
rs1507145,0.004443850314974962
rs10920084,0.011418191748267636
rs12118278,0.004443850314974962
rs12126806,0.006569559660711266
rs10920085,0.03336525442616323
rs10800749,0.03336525442616323
rs10800750,0.043349680651749045
rs10920086,0.0411894522846048
rs10920087,0.0048024831494153375
rs7531978,0.04853063148105374
rs10920088,0.054041441995885564
rs6427869,0.06482560973286366
rs7535637,0.0618729215173176
rs7535723,0.009740382367871336
rs11810823,0.13690690252884896
rs7536000,0.15205265462930417
rs10920089,0.034320131217924765
rs16847508,0.004447756721554286
rs6692235,0.004617522870265067
rs6692427,0.0046170123024033005
rs6667956,0.004608149385386784
rs56770229,0.004718846625361706
rs41269929,0.004834715126766698
rs57778851,0.004718846625361706
rs756254,0.004525610129644808
rs10920090,0.008905007808165832
rs10920091,0.0057767831068407105
rs11583140,0.007921230414007496
rs6687260,0.008448001776284908
rs6663263,0.004508490073458216
rs10920094,0.008078307140082841
rs2221581,0.006064564485980584
rs6700264,0.010042261674725994
rs12122721,0.007828202355890213
rs957957,0.011874514508800393
rs61817964,0.004413938841485554
rs1934438,0.0045356636056066435
rs7526353,0.011271275809655479
rs10753887,0.005010610840571084
rs11804082,0.0045045298953486634
rs11805861,0.004466512177917603
rs6427870,0.01159335784909965
rs74138815,0.004476135155897953
rs6427871,0.015860337974183958
rs12140231,0.004524595429776568
rs12081096,0.004847618310320545
rs6701469,0.012452864127045715
rs57477179,0.004656912350210152
rs10800751,0.015329750967563727
rs11807626,0.03383835361084753
rs10800752,0.02496358441349933
rs12082403,0.004421446139593277
rs10920099,0.011366216395873985
rs906318,0.004698631930530772
rs965321,0.010328350571882527
rs1995681,0.024093571524798962
rs10753888,0.009768304957195162
rs6673267,0.008090111866629668
rs10920100,0.004465393421490993
rs12077786,0.004634940529619991
rs1546416,0.006642021798670017
rs6675915,0.006025165971598079
rs12566395,0.00521674923421922
rs1507147,0.005804150970393551
rs2279944,0.004526376586778569
rs55837027,0.004605301709979193
rs2297906,0.005549330787324003
rs55861132,0.00492150023997151
rs10494827,0.00586923026960362
rs60112590,0.004753097118456062
rs2297905,0.00465372077408166
rs12065493,0.004441769779618854
rs3767499,0.004622641491774493
rs56183942,0.004411305213659289
rs3767500,0.00521193333907799
rs3818873,0.00481667218086923
rs76439256,0.004420548920415435
rs12032370,0.005325925176938973
rs7556265,0.004437218698696621
rs4915475,0.004481081378495788
rs12046840,0.0044982908514300535
rs2297904,0.004511090790051853
rs61614423,0.004513565456920499
rs2297903,0.004511007497164488
rs12048771,0.004486885255028716
rs55922503,0.004486183622648299
rs12403523,0.004449122099192793
rs12406017,0.004452262408477514
rs10920103,0.004498501422754986
rs16847613,0.004479138519054016
rs12565866,0.004429057305237238
rs9427711,0.0067167470705664645
rs9427467,0.007420659631317661
rs2886329,0.007816162444095665
rs3767506,0.004443339802983504
rs3767507,0.004443438578569769
rs9427468,0.009320652804259644
rs9333652,0.005083219674294148
rs10920106,0.004415426552729751
rs3767508,0.0077896455640397155
rs3767510,0.006078742103918788
rs1998721,0.007118031920683721
rs10920107,0.0056999403885030775
rs6672094,0.00563131271581252
rs4915476,0.009179295336471105
rs4915477,0.006276736790494786
rs16847674,0.004471098439178589
rs4915213,0.010849391902908456
rs11811602,0.020096890518760846
rs6427877,0.009009032562442676
rs6667959,0.004428350563495886
rs942706,0.004439353241670441
rs734879,0.004424373486034083
rs942705,0.004581539654585742
rs734881,0.004450489017198578
rs734880,0.004455825856346185
rs7516825,0.004437745397781301
rs7539618,0.004411798939627176
rs6664806,0.004423523449927802
rs113743154,0.004420197162286921
rs56236174,0.005364554197385019
rs3767511,0.009231619595349572
rs3767512,0.005044914355355035
rs57511066,0.004742849349185452
rs41267505,0.009954963139248596
rs2296384,0.006822810151973502
rs3753960,0.004414016678703336
rs3767513,0.009958079018929533
rs10159219,0.010381305842524835
rs10159326,0.01778468599955696
rs2296383,0.00972252929313433
rs57397293,0.02924507608692084
rs6677721,0.03483714821835748
rs7534906,0.013380923353454532
rs12409138,0.011793305894421846
rs6699862,0.004451414934261377
rs12561765,0.004449705536539894
rs77337740,0.00441110426206448
rs1325313,0.005037161042138805
rs4915214,0.004983259328828149
rs12132807,0.004554292992247522
rs4915484,0.005150416817057413
rs4915215,0.005030726864756585
rs4915216,0.004657012965003426
rs4915217,0.004652779932149964
rs59735280,0.004414356800938268
rs57226052,0.004602146258344542
rs58364051,0.0046227206650268915
rs1325312,0.004722440771790737
rs1325311,0.004892666607619223
rs1325309,0.004624105371340281
rs7513829,0.004565098779249266
rs10920121,0.004476020483905163
rs7516898,0.0044984396121221515
rs10920122,0.005694935044742833
rs2281845,0.004739758405153061
rs111528248,0.006038444428053902
rs3738262,0.004455398730938587
rs3738263,0.004494230128883281
rs57062668,0.006715655705628931
rs2274236,0.004627239864539168
rs12079819,0.005020788439480506
rs7516023,0.004462291925391493
rs10494826,0.00454714827021474
rs1536127,0.004991008988649681
rs6667677,0.005384901956283383
rs7547762,0.005837835800948987
rs57307345,0.00502443152690224
rs942702,0.004534932296246574
rs12141852,0.004837226271687589
rs6413915,0.004411993578888329
rs61819463,0.005201402868295846
rs1547645,0.00539635592379073
rs10753889,0.004620557024435423
rs10753890,0.004620557024435423
rs942703,0.005226342720421773
rs10158720,0.005447751737442275
rs12060696,0.005571438342390933
rs10158900,0.005516258824710185
rs10920125,0.005387518098159072
rs11802084,0.0048071768268825865
rs6704363,0.0049848517575673545
rs11810613,0.005004801773090373
rs11808980,0.0050150086315277065
rs75036828,0.0058853824232015794
rs11810647,0.004597588344895209
rs77651231,0.004473473687274576
rs12029703,0.004907142005284304
rs77984935,0.005018474021266872
rs2057579,0.005812828234097789
rs74908803,0.0051530315089830525
rs80312974,0.005060017376152248
rs10800760,0.00615708326863007
rs10753891,0.00724234416897207
rs12025414,0.006268126403284002
rs11589642,0.006271541323593199
rs12058359,0.0048033444183527285
rs6427879,0.00543941241873247
rs6697717,0.005091430218753468
rs6662106,0.004983325347686529
rs12062423,0.004497148693634601
rs17455455,0.00441309044548821
rs61593404,0.004531272257739971
rs3087914,0.00461022263049693
rs1059625,0.004412325461453093
rs6693143,0.0044191373647380905
rs754924,0.004413427090129929
rs10920127,0.004593479650145449
rs6672399,0.004514500349261041
rs4915485,0.0044179566524971126
rs6703022,0.004527560663117214
rs16847826,1.0
rs6671071,0.004932545440103908
rs942708,0.0049098804974117005
rs10920129,0.0044733799941024666
rs1408869,0.0045250832945954444
rs12059503,0.005429382355652157
rs4915218,0.005460625363425953
rs4915486,0.004462801816846995
rs10753892,0.005282534413275752
rs7545363,0.005213653212008285
rs7535159,0.0052027278790371945
rs8158,0.005141542462574034
rs3738266,0.0045992641851314575
rs10920130,0.004560325663808262
rs7526291,0.004574936416519293
rs6427880,0.0051143559148205675
rs2365296,0.004962376909696697
rs3752975,0.004453788642687306
rs3752976,0.004489744530104867
rs56040932,0.004516589903864832
rs3752978,0.004596554077489046
rs3752979,0.004507208897444603
rs4915488,0.005221693915546943
rs4915489,0.0052521097241052805
rs10920133,0.004914632637970651
rs6664483,0.004507208897444603
rs6664337,0.0052521097241052805
rs12066395,0.004934270191244039
rs6664624,0.0045071852615651276
rs3767514,0.004905797812772228
rs3767515,0.005262192290778511
rs6427881,0.005182007880529582
rs6427882,0.005182007880529582
rs10920134,0.0044123483980237355
rs6427883,0.005002033677594886
rs6667912,0.0045874404357086895
rs3820425,0.005270442458723434
rs2147797,0.004804822179843571
rs3753962,0.00517851735976127
rs16847882,0.004658573387346321
rs72751129,0.004968946995847712
rs6427884,0.005220770083747328
rs58626409,0.004414536945826608
rs12027043,0.004941263510066851
rs10753893,0.004497303306797429
rs11587138,0.005274094060813694
rs2068152,0.004547145045985745
rs3818435,0.005285082705596911
rs6694122,0.005266504412667294
rs10920135,0.0051550140561507085
rs12089726,0.005259172126143685
rs7538073,0.005023876733772914
rs6684980,0.00489428175484885
rs16847895,0.004442184929182913
rs1925361,0.004458172370963243
rs1010502,0.0047202389947534895
rs1106729,0.004678711115129408
rs942709,0.004746067544400656
rs3753967,0.004746186361844318
rs7542768,0.004515605736265527
rs56284103,0.004840978690278663
rs2365297,0.0047210186106178
rs831744,0.004464219404420211
rs831745,0.004412512345908115
rs831746,0.004412651426470626
rs831747,0.0054975783618034235
rs12749395,0.006169614365894582
rs12749856,0.005875012441061478
rs61030164,0.007184201765705001
rs863826,0.0045175580041139085
rs831748,0.004413653968402542
rs1969874,0.0044114535483892325
rs10920136,0.00441235690748365
rs60406023,0.004459773973407355
rs875495,0.004537061741899384
rs6699983,0.0049933404805353465
rs28517289,0.004865405647459076
rs1829997,0.004432523456465942
rs1534053,0.004433010706878182
rs1122396,0.0044429676774681015
rs1722755,0.0044244138469123895
rs1534052,0.004451893634468518
rs6413916,0.004412063125142085
rs6413917,0.004419982742647766
rs1104223,0.004418084766016128
rs831749,0.004428919262959741
rs700465,0.004613112075448789
rs844252,0.004574335983286493
rs58566315,0.004833210545779232
rs1772825,0.0044220695880227145
rs1722763,0.004561580523548825
rs2066284,0.005478123140370883
rs116360498,0.004421957218858519
rs61819513,0.004895802654508397
rs11588758,0.005633256959497235
rs831773,0.004421049060229443
rs831772,0.004529771442952746
rs831771,0.0044422857537992355
rs831770,0.005536812423439175
rs831769,0.004576973094119419
rs4915492,0.006154369578140306
rs12035112,0.006116437790286922
rs12042026,0.006115237465728285
rs73084953,0.006116437790286922
rs1404402,0.006220464905655088
rs831767,0.0044329143633540236
rs16847944,0.004631972201882051
rs61197115,0.0076191384171003795
rs831765,0.004441658312698604
rs16847947,0.006210384925242951
rs831764,0.004428038634197162
rs831763,0.004422258268546364
rs12736248,0.005703566480303901
rs16847951,0.00458213277421482
rs61819516,0.004563028455457752
rs12046039,0.0062746545999834424
rs831762,0.004447111874309573
rs831761,0.004557963134580234
rs831760,0.004456674067786159
rs831759,0.004428711562856402
rs831758,0.004434398392467287
rs831757,0.004804667617185454
rs16847977,0.004625704391552743
rs831754,0.0046915864192978995
rs831753,0.004617267226997734
rs59483085,0.004418533586187157
rs831752,0.00491202864468665
rs831750,0.00520327811690946
rs1749543,0.0051890289639262566
rs6677048,0.005221729879286485
rs12137704,0.004438685201685999
rs6692833,0.004636119340388323
rs1107128,0.004451883615361307
rs1568809,0.004420295323706469
rs6703241,0.004765833529188801
rs4915221,0.0050222661211006825
rs11589317,0.004482329837876997
rs16848031,0.00442366968397967
rs2365298,0.004631197665208364
rs4638158,0.004570190799478291
rs10920142,0.004453199286022058
rs832156,0.005728265434855162
rs1341631,0.005672652911278386
rs10753895,0.005433001835142948
rs12094334,0.00480448762244301
rs12568690,0.00564228674888978
rs12063867,0.004830558241479155
rs72751165,0.0048044365189916505
rs7551098,0.004710698014086523
rs7551538,0.004778392749531513
rs12757706,0.0047697274040574555
rs61818163,0.005356771077348221
rs12070918,0.004727548193641851
rs12060924,0.004820031387335444
rs2282413,0.004948276093629911
rs2282414,0.0049222362475314085
rs2282415,0.004919599122977014
rs1568810,0.0047921727941728776
rs4915496,0.005857132067724313
rs2275673,0.0046525725089549
rs59498888,0.02105997740499843
rs138595154,0.013954356409213386
rs3738271,0.004411168661174414
rs16848109,0.008450336001958214
rs12138414,0.0045985649234912
rs6692583,0.005745174546912146
rs3753970,0.004588095584739604
rs3753971,0.005608649077672889
rs3753972,0.004582849958122526
rs3753973,0.00451703592035102
rs14061,0.004592665784185934
rs12466,0.005123770479518286
rs12566002,0.007883121151663564
rs1578531,0.008151253004569092
rs12125856,0.013417387139533554
rs10800763,0.004551419458236672
rs10920147,0.004551419458236672
rs10920148,0.004565146819664467
rs12126709,0.013283631419418906
rs1404403,0.004413052510483184
rs10920149,0.004656106346452749
rs192075754,0.00895264829821929
rs200654927,0.00895264829821929
rs202088093,0.00895264829821929
rs182362818,0.00895264829821929
rs149487251,0.007756464857778811
rs148613192,0.009072778872181386
rs144252900,0.009072778872181386
rs1917349,0.0058016704876151515
rs1917348,0.005922811160491426
rs35267610,0.004634682791562761
rs114992212,0.004761803533674613
rs35898911,0.004840041473102574
rs6703105,0.00454984609232445
rs200333986,0.009903161394096971
rs201522531,0.00474331118108362
rs149905136,0.004411079590278533
rs12129696,0.014597872353833363
rs11484867,0.00530396106555564
rs12095978,0.004924237334118287
rs12144537,0.0045158138165027895
rs12757105,0.004996095799818079
rs4019995,0.004522433567771156
rs61301758,0.00443010728410187
rs9662932,0.004945667503179374
rs55761029,0.004438832334058396
rs9658867,0.005411865869447863
rs6656974,0.004968844724303811
rs12745441,0.008208633486178618
rs12132736,0.00463181941364299
rs1010914,0.0044117441548578995
rs55817509,0.008208633486178618
rs1534055,0.004597921571208974
rs7541410,0.004611051778815489
rs1880448,0.004413390494421576
rs4915499,0.004412096372352181
rs4915226,0.004418987181183054
rs34197764,0.005692702157688467
rs72751185,0.005288072904175767
rs7515270,0.004956536016140101
rs7517633,0.005736868261718264
rs7517781,0.005708896257034413
rs10800765,0.005702118193956385
rs12091001,0.0055391397618143046
rs12137407,0.013675566890526625
rs10920153,0.005013583594953741
rs10920154,0.0056638432139892725
rs10800768,0.0056638432139892725
rs10920155,0.0050662183545368
rs17458744,0.013100141257135767
rs74461474,0.014277667393061577
rs10157947,0.004574479762033512
rs10920156,0.005291324692717314
rs9988601,0.00782481327902207
rs9988537,0.007935385307288989
rs6655968,0.005717865931003319
rs9988535,0.007951039746761812
rs1949833,0.007940986950321083
rs1954214,0.007864993387547758
rs6684262,0.007014315784023006
rs55927583,0.013115372294168481
rs6427895,0.004681416933771665
rs12732928,0.006283652587227406
rs76051740,0.018660066962446265
rs79147917,0.030426774929526723
rs202105833,0.013680226608670076
rs12139554,0.02143647324534559
rs16848172,0.004688676846165696
rs2078570,0.02486103618718316
rs55778383,0.023683948617974515
rs11801270,0.02495373508438814
rs4244148,0.0068936229502128965
rs57522319,0.020587989658867878
rs2365642,0.007270248442522442
rs12046907,0.007123358817699765
rs10920161,0.005475244058829376
rs12117501,0.025269974393738126
rs1997018,0.006298598684224999
rs10920162,0.02395256904898546
rs6427896,0.0045304985844057954
rs1880449,0.006421243014366085
rs1857488,0.026140059509023095
rs1880450,0.006650447872379006
rs12129670,0.017591211919176897
rs1857489,0.004642167815914533
rs56287879,0.004423595468432295
rs79676656,0.00450182234447305
rs77310189,0.004411810854523912
rs4915503,0.004461718118740188
rs12038867,0.006765770781672731
rs868381,0.004423358078970319
rs16848196,0.0068596266178577725
rs3753974,0.004722684891715456
rs56252940,0.00980120120968131
rs1257394,0.004425538334503432
rs67389644,0.004419814952567935
rs832165,0.005735529113688909
rs832166,0.006023480170880724
rs832167,0.004837776722841913
rs832169,0.0057924932398080164
rs832170,0.00558791932314151
rs2268150,0.004688906249101343
rs12025174,0.004889665199012017
rs832175,0.010208120578450885
rs700469,0.011045047952687903
rs832176,0.004411477988701784
rs2268152,0.005007342670231729
rs1779300,0.007347628207803991
rs2268153,0.006377643362220908
rs860554,0.007679275981260281
rs832144,0.011069213555915947
rs832143,0.007407143951456918
rs1779301,0.011324150616656703
rs832142,0.004433474067775278
rs866215,0.012476104617687334
rs861272,0.008393958374332766
rs832148,0.008445709720333316
rs80026113,0.007389523304181522
rs832147,0.00631472555641488
rs832146,0.0064742494535456885
rs832145,0.006538066736704984
rs2284438,0.00476448087068071
rs706494,0.010315696435872823
rs116380452,0.007383190312129306
rs1722765,0.01095082851043827
rs2268160,0.007411050366617156
rs2268161,0.006383021836070979
rs116379087,0.006919347910146367
rs1772847,0.008593015719901342
rs1772848,0.008429925922399661
rs832152,0.008527298102766978
rs832151,0.00826928178161479
rs832150,0.008588965330331266
rs832149,0.00834160738197165
rs1722764,0.008843610747537922
rs1534051,0.0089870376826926
rs80280493,0.0062434271308070555
rs1794867,0.008638697211160618
rs1722779,0.008614376593950368
rs60250966,0.004421326160063299
rs1794870,0.007926095322466797
rs2030721,0.0044621745113310185
rs1626370,0.008469692630493797
rs1628151,0.008709575616240639
rs1628556,0.008709575616240639
rs57503547,0.004471841594009929
rs1772828,0.005891484846909267
rs1779293,0.008678640386773573
rs2071960,0.006177564534967761
rs1772832,0.009180493085887864
rs61150106,0.004498898097792692
rs1779289,0.007462817364136676
rs2239845,0.005389446279376542
rs1543805,0.005360635895771182
rs1543806,0.005351604686708478
rs854505,0.007296272761455502
rs1722742,0.00674638046595577
rs3820427,0.004493184596601529
rs854509,0.005068475346898693
rs61818257,0.004799225317136502
rs1023486,0.0046355954871902805
rs1023487,0.004690885920609067
rs6685490,0.004692087634633135
rs6660897,0.0047497123739493885
rs61819984,0.0046253082445819604
rs79906867,0.004854433972798278
rs114649649,0.004775038329455472
rs7541805,0.0066604691825284945
rs3795628,0.004974254824316349
rs1104755,0.005752791592391504
rs61819986,0.005025937287038484
rs3795630,0.005063170655438709
rs10920175,0.005184758309759396
rs17425876,0.005378694829150321
rs12120834,0.005006384445081169
rs61819987,0.005232006329874306
rs1046962,0.005262209411338592
rs1046970,0.00539093999502549
rs947377,0.005219763076046213
rs10800773,0.005082391994723157
rs10753899,0.005505869157097054
rs17459837,0.005339778022735997
rs5020875,0.006848862201653483
rs1539692,0.005076628668262084
rs12120625,0.005665414217807974
rs12130329,0.004936342327066856
rs2886431,0.006545490748070537
rs4915516,0.006637074872773874
rs12117515,0.004976156944013321
rs2365649,0.006217312201173275
rs4915518,0.007207329951896657
rs1122481,0.006228564109249768
rs7526201,0.0057037114915667875
rs148872643,0.00617145809524744
rs1539694,0.004951114419677327
rs61819989,0.004849251923216613
rs12084456,0.004719830809903902
rs12074314,0.004644141149152348
rs61819990,0.00441981074043496
rs59855547,0.0046329864754734995
rs12564284,0.004450519337894865
rs12087692,0.004534217906443816
rs17426255,0.004573477789502234
rs12073852,0.004534217906443816
rs12068574,0.004564529918283933
rs12091888,0.004612540286817013
rs12141661,0.0058377856832508845
rs7540834,0.005086328918395
rs12076689,0.005014461382447433
rs7535327,0.005782459105323823
rs10920180,0.005730020313990392
rs7521796,0.004789302370000192
rs10920181,0.004753272474274262
rs2275861,0.0045270119865892244
rs11807637,0.004457641466362627
rs11806184,0.0044652308419877995
rs1104859,0.0051956835728740325
rs2365652,0.0046057800971148755
rs61819993,0.0044292510748178415
rs61819994,0.004431289011120221
rs1104858,0.005189060272722923
rs1892027,0.005353551518760713
rs61819996,0.004414398813693765
rs1892026,0.005180404479441014
rs1892025,0.00631577673931738
rs2001410,0.004716684984323871
rs2275860,0.004453679927422516
rs3767546,0.004728338469042304
rs3729547,0.00501462066864089
rs3767545,0.004428961323894254
rs7544061,0.0046186520273925336
rs10800775,0.006319943221673285
rs1892028,0.0046149252121586715
rs3729842,0.0069343375027655085
rs3753999,0.0045554836934302845
rs3753997,0.004679161193910986
rs79556064,0.004554409904053869
rs16848462,0.004634466865033993
rs10800776,0.005534005603589298
rs10920183,0.00473302297548206
rs10920184,0.004741203267182192
rs45584633,0.004440487359136713
rs1419276,0.00548642579540537
rs12567686,0.00462325531878971
rs4915240,0.004694895295507484
rs868407,0.005088640237634889
rs3020556,0.004758755607905285
rs75826050,0.004451843401762079
rs947486,0.00462613051013816
rs947485,0.004586710537295979
rs12564445,0.004792442026351318
rs2799686,0.0045887849611355724
rs2799690,0.004423830457726985
rs946638,0.004457275392508175
rs946639,0.004457275392508175
rs6679578,0.004691045863980392
rs2275866,0.004940869989290331
rs4128458,0.00456583389734333
rs2799677,0.00457426112439796
rs4915230,0.00500407805498182
rs61820018,0.004848481116252246
rs2799676,0.004821834802069436
rs2799675,0.004971837170443805
rs3738281,0.004729343717445378
rs2719183,0.004565345710673352
rs12085646,0.004845131305254435
rs2799685,0.004583814775971806
rs2719178,0.004668921918043134
rs2799684,0.0048223164407837915
rs2799683,0.0046046761482246845
rs2799682,0.004691455064734118
rs2799681,0.004984497080906425
rs1107256,0.0047452190760481905
rs1256944,0.00452065598159368
rs2799680,0.00540096444129623
rs1256945,0.0050027000294595725
rs1256947,0.005038190012326638
rs1256948,0.005506731955020827
rs41270949,0.005691430270733044
rs41270951,0.0059889553824516994
rs12048410,0.004470209371056799
rs1022972,0.0044176396224469006
rs1819291,0.004430267048866732
rs11807656,0.018075270682628264
rs11801332,0.008999103485034188
rs3767550,0.012105318586144276
rs12074582,0.0045805514791216195
rs200603824,0.004726945496394408
rs111247538,0.004633104596547422
rs112043288,0.004633104596547422
rs112848605,0.004633104596547422
rs12084362,0.004621428136500794
rs77054920,0.004633243302486378
rs12081682,0.004608930248126475
rs76565590,0.004608645311607984
rs77856365,0.004596922275286852
rs76621914,0.004608645311607984
rs75311622,0.004608645311607984
rs872830,0.004608412338675927
rs2002169,0.004582747006830923
rs2094319,0.0044173049640011675
rs2104554,0.004577748839332929
rs4575109,0.004577748839332929
rs79889756,0.00455763455050362
rs112748729,0.00455763455050362
rs74547189,0.004542633370602678
rs12094767,0.00455763455050362
rs12094867,0.00455763455050362
rs12094903,0.004523913902398813
rs11487579,0.004521258147995533
rs11484870,0.0045330801195937465
rs59261306,0.0044875675298982065
rs12057734,0.00451913606727139
rs10494830,0.004518153714901829
rs12088679,0.004492905492896271
rs12083923,0.0044581677127425445
rs12088759,0.004472252864804016
rs12059033,0.004497588158809962
rs112403624,0.004493365147861472
rs78922152,0.004416075006940523
rs10920203,0.004753842390707419
rs11809006,0.0045232138268834765
rs11803455,0.004439160703126888
rs6690563,0.004854660102056041
rs6690780,0.005344242793759224
rs6690874,0.006023761635987945
rs6669318,0.007285022673672037
rs6427909,0.007192100337489515
rs6701589,0.006025455234394794
rs1053582,0.01319412081423288
rs11590527,0.004547775499074924
rs12097997,0.004574239245219047
rs5009458,0.004503479390197795
rs10920212,0.004499510089533976
rs6702246,0.004433515077008621
rs12758212,0.0044691722206748885
rs495886,0.004902536314438377
rs641103,0.005127966804764239
rs641581,0.0052100062428346305
rs7538112,0.004730126628237019
rs544677,0.004723460362711651
rs682137,0.004746990009407148
rs34671394,0.005159314253532776
rs682542,0.005276770580568191
rs682600,0.004902570793710148
rs683027,0.004819683249314699
rs683467,0.004936934120554848
rs515384,0.00476133957410696
rs113326780,0.0048880458912037295
rs475416,0.004600310181428591
rs1256925,0.004500286426138089
rs673640,0.004547603210499518
rs685023,0.004460504618310046
rs485060,0.004486538390731654
rs12076215,0.004529016641124151
rs78433503,0.004419901759468048
rs610282,0.005027731591824236
rs3753982,0.0045854746025464355
rs3753981,0.004595518276008681
rs3767525,0.004755455689236521
rs12076873,0.004487565129331128
rs12134619,0.004527794999133472
rs10800786,0.0046200723633954555
rs12132910,0.004500090142377844
rs12135020,0.004477975007272428
rs78352541,0.004669638746915061
rs79178636,0.004725252014902037
rs141950379,0.004722399339815442
rs4310467,0.005539147846427617
rs11586495,0.005614412227200272
rs76498504,0.004670646122923228
rs56057735,0.005469675702374666
rs56019336,0.004704930748506642
rs56391813,0.00470939663626424
rs56082263,0.00470939663626424
rs6687159,0.004727466188574225
rs6663271,0.004721927910975698
rs11577226,0.004696081434326205
rs11581119,0.004696081434326205
rs55683002,0.00470425662439089
rs11586342,0.006203897054016694
rs11588293,0.004688443887801874
rs11586391,0.004725199083697618
rs11578749,0.004851710611708304
rs7552162,0.004759018015255134
rs2152107,0.0048188143091475455
rs2152106,0.004813840884873355
rs2184458,0.0048761200694196205
rs58909817,0.004827273219733086
rs17469153,0.004699731762391801
rs56162493,0.004519324163652305
rs55809634,0.004592682741493714
rs11579770,0.0045145901211379735
rs55817379,0.004555452913091007
rs56112738,0.00475887172992262
rs11587472,0.0048582014872944335
rs11589746,0.004835122909316758
rs12726208,0.004856032257888776
rs35578983,0.00554021635796631
rs12740361,0.005782668605342933
rs7536246,0.004833132702056764
rs654897,0.004476982025670706
rs1569406,0.0044265782102083095
rs12081043,0.004436458808183108
rs483763,0.00441794417182062
rs987319,0.004413363022019112
rs12087027,0.004440305293957336
rs79063362,0.004501690287931015
rs7555032,0.004474211489193247
rs11583984,0.00445020830364784
rs2205595,0.004443734425580326
rs7524811,0.004411907428807371
rs1555932,0.0044137043551607524
rs1555933,0.0044137043551607524
rs1555934,0.004415913338703503
rs1555935,0.0044191245282733105
rs58753953,0.0044119508722214595
rs6673530,0.0044116374923652835
rs11584560,0.004427133915812176
rs6660954,0.004419998346297138
rs877925,0.004430823261550532
rs61819722,0.004411789329667792
rs7518780,0.004438261469322247
rs7518886,0.00448015540649116
rs7519044,0.004411645412524368
rs7541636,0.004511750580389662
rs17469541,0.004416042432446976
rs61819723,0.004596731798626963
rs78663784,0.004491203791760157
rs11589790,0.004540484770107267
rs11583215,0.00443637127171681
rs633696,0.004894933729111761
rs503498,0.004697725229534044
rs1267131,0.004660714605187688
rs11585930,0.004511017375489423
rs561763,0.005221926012224931
rs617053,0.004564995195255883
rs661086,0.0051740829744152395
rs60958765,0.004412052286690726
rs511201,0.004492752675703482
rs11576059,0.0044236110047271016
rs12406329,0.004411499897994053
rs585041,0.004413468966683376
rs139778982,0.004433845621012122
rs677390,0.004411212040206114
rs730430,0.004412182562994804
rs613896,0.004410886040611128
rs614452,0.005293144751476131
rs4145538,0.004439125367982744
rs4915541,0.004410927792362851
rs4915542,0.004412182562994804
rs77304905,0.004458316889142666
rs57397582,0.004457664100796954
rs673550,0.00442119054721013
rs4406665,0.004477661848706682
rs11577082,0.004479540828184692
rs11585243,0.004456251740741268
rs2142498,0.0044245345612601295
rs608356,0.0044133645896065055
rs610983,0.006647663411912252
rs640668,0.0063257758101522565
rs11578716,0.004410851706418639
rs7529849,0.00446154347683525
rs548959,0.005748614552552489
rs7530401,0.004410854587425184
rs545372,0.005579599569790816
rs625436,0.005522993723199976
rs685982,0.004440293854946709
rs515034,0.004953449514767616
rs687653,0.004437242550832554
rs1076610,0.00441164177153075
rs484034,0.004429309459638819
rs609391,0.004486163026504286
rs590877,0.004422590737650944
rs7551120,0.004515002614157937
rs140382126,0.00657468502715064
rs56412756,0.0056451825184550275
rs10920222,0.004663804944449956
rs495198,0.007927546472624614
rs10800789,0.004607240509679422
rs34176293,0.00465111409797303
rs631225,0.007065865162479867
rs12240135,0.004664495334295138
rs10920223,0.004686590107799149
rs10920225,0.00482607949949565
rs7364578,0.00469170015867304
rs586688,0.004412771121507619
rs587180,0.004427452799053433
rs589855,0.004421728219712762
rs635979,0.00445920389504717
rs75782354,0.00456310941347482
rs12743006,0.005433495112682651
rs7365555,0.005195013093773793
rs10800790,0.0050314949703637035
rs61821682,0.006311419791047879
rs7523519,0.005777342468822666
rs1267123,0.00444370494613755
rs7366302,0.0044237998784998345
rs7532520,0.004500273044889536
rs12127487,0.00445467699313673
rs3000763,0.0044769176843409975
rs1256473,0.0047420954294035145
rs7415996,0.005054946127432847
rs624041,0.004943897020388444
rs567337,0.005007986352673743
rs688122,0.004943897020388444
rs55795872,0.004992401322433282
rs1267111,0.004893611311328594
rs594276,0.0045798120407108955
rs510576,0.004925232160203907
rs609396,0.004902005773349205
rs609480,0.004882241671147369
rs481966,0.004960716807967502
rs601757,0.005090119112134639
rs602668,0.004818896669504302
rs654631,0.005072548656423259
rs1256457,0.005056953798566521
rs11581804,0.0047462290557998
rs12750952,0.004543483880261379
rs606114,0.004898891573880126
rs6427917,0.0063617420183014195
rs550365,0.00512276810763268
rs12034680,0.005060136627686451
rs1270536,0.005176422671259839
rs662852,0.004890214546029781
rs11579268,0.006277204172805417
rs1267115,0.004714351300728059
rs2050555,0.0057486164620473845
rs672696,0.00595941597258165
rs12404359,0.004567523503772319
rs61821708,0.0044831542266660085
rs722807,0.004480159208443246
rs4146693,0.0045149749828347074
rs11587185,0.004543540749369135
rs11588142,0.0044449895341035495
rs9662744,0.004435280247772733
rs67974334,0.004412678380833368
rs67146338,0.004412832152262514
rs732813,0.004502144172287559
rs732814,0.004420083765355187
rs732815,0.004480013367523905
rs12058357,0.004411219584726123
rs12025572,0.0044375035100298055
rs239966,0.004423425142066062
rs239967,0.004435228099188837
rs10920239,0.004422553663878781
rs239968,0.0054078500934060525
rs239969,0.0053287771098339265
rs239970,0.0046483185532602
rs605895,0.004545597231024101
rs12036886,0.004417836241671025
rs239971,0.004513785303456697
rs84214,0.0056513659934339655
rs239973,0.005516288362507726
rs239974,0.005774149616106006
rs67232405,0.004460078803717127
rs239991,0.0056029624171271
rs72742008,0.0044784033888973784
rs239992,0.004480916840369442
rs171242,0.004986711570732716
rs12565521,0.0044156552293161955
rs61821710,0.004411149389166535
rs61821711,0.0044418914820346656
rs239994,0.004473306219890061
rs239995,0.005523122549999537
rs12058481,0.004410853986394736
rs733763,0.0044957092044255464
rs11584710,0.004516470210373935
rs10920243,0.004433571294914951
rs6689907,0.004433728452539087
rs6690010,0.004556997236750626
rs12061554,0.004417413867145448
rs6690325,0.004411319191564678
rs6666310,0.004428726443856612
rs111502193,0.00442651397137428
rs111473434,0.0044326201335272986
rs10920244,0.004411878474274933
rs7549336,0.0046383275783762334
rs77930428,0.004433802370575557
rs55950997,0.004415862307304841
rs55649131,0.0044265355793392525
rs239981,0.004465661598733628
rs4950838,0.004423639436941129
rs6667811,0.004437876381152894
rs61821715,0.004451672343439128
rs12026046,0.004482398456391312
rs239982,0.004490029072137913
rs12027202,0.004450965791794048
rs239984,0.004458672367285477
rs56115206,0.004427901008121515
rs4950846,0.0044738462966903425
rs239985,0.00507738269669511
rs11588214,0.004412908771555979
rs12089993,0.004656743295089583
rs1997626,0.004458870301406348
rs61821716,0.0044122977995016965
rs10920247,0.004483943262428847
rs12081246,0.004491223149455381
rs239986,0.004592294474171199
rs10920248,0.004434058424227616
rs10733066,0.0044704808217438385
rs10158381,0.004434138468621507
rs239987,0.00644930967861268
rs239988,0.006896791760962806
rs507068,0.004684225960505217
rs3127544,0.004822029552010609
rs3127545,0.004870552354955371
rs16849319,0.004487478000487655
rs506171,0.004813687461876159
rs488630,0.004776230771977197
rs480937,0.004489877651058682
rs633367,0.004887444572767019
rs631556,0.004572654070790105
rs547334,0.0048237715019532335
rs516705,0.004583943787956013
rs833866,0.004660715629094758
rs1256358,0.004689923425345355
rs682112,0.004565491947692846
rs665834,0.004550972957940047
rs665770,0.004546417332258135
rs511763,0.004528565729756684
rs536070,0.004583008423745816
rs650720,0.004536581919146743
rs650596,0.004671051811284244
rs529581,0.004538779501911172
rs552840,0.004738706208624377
rs16849352,0.004453003320611493
rs704633,0.004490201253200876
rs504988,0.0044803288939823105
rs564440,0.004452219411479219
rs12028333,0.004417818237200444
rs567185,0.0044314989399528715
rs481530,0.004430051041850014
rs651103,0.004557005377335166
rs74444237,0.0045752851559640595
rs10920254,0.004487918127338175
rs114369807,0.0045143456982355
rs114936082,0.004447677976934461
rs2644123,0.005010563238155852
rs76715026,0.004533464511765062
rs12401827,0.006108479093921315
rs72742041,0.004411081918648141
rs61821734,0.00576841774368364
rs61821748,0.005847183026539304
rs12126156,0.004458945961034577
rs12122186,0.0045018547098528705
rs61821749,0.006779752853751764
rs4379719,0.0044676553078892844
rs75832925,0.006147802137892566
rs56118392,0.005051022799025251
rs55835025,0.004880330600604776
rs2820290,0.00469104472804982
rs145470488,0.004940215571178186
rs2494116,0.005061937078685741
rs2820292,0.00463603069420615
rs12035507,0.004410942903354864
rs2494112,0.005104576667789296
rs2678210,0.007524385405813683
rs11803449,0.004900368836959879
rs2016475,0.0047648538808257035
rs1022361,0.0049592495269473735
rs1032524,0.005293261439011099
rs2271763,0.006015214654651269
rs10464,0.004721753502326065
rs41302537,0.005584342905683215
rs2644128,0.00519212515625167
rs55817137,0.007873407283811806
rs2644109,0.0074818817342892086
rs10920259,0.9999999999671978
rs4950794,0.005478656145197269
rs10800791,0.005251433138621198
rs2678204,0.007234465694850978
rs10920260,0.006053944024975388
rs2820295,0.0075906801053040596
rs2494114,0.0061783664667440785
rs2644111,0.007652575241593129
rs61821755,0.00532040108735532
rs145968853,0.007699726290164133
rs72742060,0.00795881941493215
rs2644112,0.006962174442683433
rs2644119,0.007139511268848708
rs79606698,0.005109640836357121
rs2459761,0.007015896031053459
rs77635059,0.0046398876789325305
rs903678,0.00739871335507325
rs2644122,0.006044027820917397
rs10800792,0.004464820484556875
rs7534838,0.0057186419571839675
rs2820316,0.00781725814295009
rs77131104,0.007412818639001673
rs16849387,0.005199074772420986
rs6701026,0.004436663586877221
rs12562614,0.004412227463217566
rs12127375,0.0053557878452060725
rs3951628,0.007255485395203487
rs12042456,0.004433555731033767
rs12722743,0.005121992955869015
rs2644107,0.007583382348038126
rs1400875,0.007762395414379841
rs10920265,0.007193448774512445
rs41300871,0.007627770094287167
rs11576508,0.004433863152133899
rs2678207,0.006282713559144226
rs10800793,0.004461114205484229
rs2172935,0.007617536223206156
rs2132363,0.007617536223206156
rs55725112,0.008127948623180892
rs72742073,0.008101694299649909
rs12119907,0.004469074152118835
rs12117921,0.005487721837881709
rs2254614,0.007252206658560079
rs2494115,0.007210770547114387
rs1495840,0.005222726274013434
rs72742077,0.007994259480464394
rs2820309,0.006762941690017232
rs4950796,0.004480214731890975
rs61475290,0.008122912962089557
rs59212970,0.008122912962089557
rs2820310,0.0076579105485689025
rs950114,0.004411279153469727
rs12756688,0.005393543080803753
rs12042551,0.004418888175226399
rs2820311,0.007301336322222629
rs34554059,0.005202943134194449
rs1043823,0.007508309672063285
rs8024,0.008355162348533285
rs12023470,0.004427370194074687
rs116072433,0.0077649451088813715
rs72742088,0.0077649451088813715
rs10920269,0.0053263117737426535
rs12030626,0.004414752918991738
rs59237903,0.007446621277420906
rs41304257,0.00498183851767009
rs1517810,0.007746706570117667
rs2644134,0.006980283258564479
rs41299585,0.004434508283830851
rs74985323,0.004438877917763873
rs59301778,0.00767000168673293
rs6427922,0.005435557585836581
rs2644135,0.006508995338099011
rs10920270,0.005076364793971444
rs72742095,0.007550110155314593
rs13374557,0.0051628513656049035
rs7539696,0.005188579288824768
rs61824384,0.004484852278754503
rs2250377,0.008072261240315792
rs2279681,0.004411516055010445
rs11589881,0.0044554105364172925
rs12410777,0.005150426816949438
rs8028,0.007302804648118055
rs3738289,0.007245210453325157
rs3738290,0.005392311554395901
rs2820312,0.00751446613163087
rs2820313,0.0072584662081089935
rs72742100,0.006581179794756142
rs4025034,0.0051794830463466335
rs2820314,0.00753849633549597
rs2820315,0.007084418467036002
rs11587511,0.005509937279040922
rs35349183,0.00570031274190308
rs12120991,0.0050261530712854
rs72744806,0.006839804491847512
rs7528681,0.0055599510504157346
rs72744807,0.0074606364573917006
rs67531894,0.005384051263184975
rs2820317,0.006223718515429022
rs2820318,0.006155180771885371
rs2820319,0.006271082283560991
rs11586433,0.005176542051977928
rs2820321,0.00631373294963089
rs2820322,0.006203310843814092
rs2644121,0.006179012900441316
rs2819346,0.006138212771937268
rs2644120,0.0049577784016087145
rs2820323,0.006340530664294741
rs11580908,0.005358095359754733
rs2453679,0.004550769440756386
rs2819347,0.00648231837598956
rs4309038,0.004821812306956774
rs4494199,0.004804675565293626
rs72744814,0.006568691163116314
rs2819348,0.006897401625578503
rs2819349,0.007286666187470203
rs2819351,0.007342040551068352
rs57746981,0.004416705596499537
rs80028083,0.004446182117050057
rs12137232,0.004840538402579031
rs12086240,0.004699913475731621
rs10800796,0.004441923135688586
rs2047264,0.004691125218060921
rs35515850,0.005434640029792659
rs2047263,0.004411336941022803
rs4950743,0.005826796778522492
rs17432675,0.006803004916561495
rs10753907,0.006827323182627687
rs2360546,0.007850895618014886
rs12046134,0.007362327166307137
rs2360545,0.004972272220226337
rs76709730,0.008439416785292253
rs55669491,0.005277355853269827
rs9787358,0.005166333612296237
rs60006856,0.006930575225282953
rs2644131,0.010715693638899793
rs12057367,0.005833935441875715
rs55820244,0.006498176929970567
rs11584296,0.007138824023927848
rs2819370,0.004774970529627498
rs2819372,0.004868471348706382
rs2820304,0.004817866947651295
rs2790898,0.004827237103695037
rs61821487,0.0044141856357069464
rs6697918,0.004420267690825597
rs6698097,0.004442359072473034
rs76092823,0.005032367245725311
rs6702239,0.004479921251355323
rs4950745,0.0044265990690649515
rs2819376,0.005323756577976568
rs2820308,0.005324983424601637
rs2486748,0.005169320108899922
rs41313890,0.004465653366841016
rs41299611,0.004478712874004476
rs6690948,0.004519615682359701
rs2790899,0.006147207482987693
rs6694080,0.004525583200180927
rs7528085,0.004656042517252823
rs4648,0.004454673354509442
rs4950801,0.004943184728832151
rs115467874,0.004426090486329026
rs547489546,0.004439204428293264
rs4950802,0.004946439674796355
rs12090635,0.004694515653324016
rs10800802,0.0049433948504942204
rs61821489,0.004530844726923444
