rs143135527,0.997647468243478
rs34071855,0.991116961922087
rs537002152,0.992281987643751
rs2811602,0.928485272591679
rs1434282,1.0
rs17640181,0.894398861629542
rs150974004,0.997830513173056
rs17625587,0.98483965607627
rs2982316,0.999429826824608
rs807265,0.984573403074174
rs188273166,0.80877613637293
rs11118607,0.832486493592448
rs676441,0.999474496781289
rs629301,0.869951347425098
rs646776,0.991929253050344
rs187607506,0.92163553323104
rs7523242,0.974760306951817
rs41294825,0.983796404877055
rs11582881,0.979221985039527
rs561018840,0.928274752814779
rs11576986,0.951386339954013
rs6586405,0.994095941692648
rs12739369,0.815691841677831
rs553427,0.953439976837595
rs10910521,0.997922101365769
rs7531062,0.992942575277149
rs28631087,0.96903936105324
rs116222448,0.991711729039779
rs115049444,0.922259253875684
rs115458560,0.999792163268767
rs149762771,0.999954133460613
rs115827280,0.902628048125502
rs528488765,1.0
rs12133898,0.990307735626039
rs11206788,0.903984059339221
rs61772751,0.990347222410669
rs783291,0.983056405811812
rs772075075,0.999567871810982
rs138527555,0.892118519527248
rs7568307,0.809638556699756
rs7608700,0.98641596749408
rs80261410,0.884289724692134
rs832655,0.988569239976282
rs12693971,0.812962192580583
rs7569317,0.973219237170987
rs532712948,0.998352879294371
rs11690927,0.99479045014263
rs112482388,0.999428387803501
rs140201293,0.833966318783487
rs2465520,1.0
rs28899468,0.999317682354906
rs150474434,0.998344658725034
rs10490625,0.898602154908126
rs12618255,0.893541001209756
rs6708363,0.875104383747989
rs13389219,0.917986583175341
rs6545910,0.999582514229791
rs145090082,0.998005400114951
rs76605442,0.998420601880928
rs150166040,0.967601428504173
rs360798,0.955748675119634
rs180935782,0.999673371534163
rs13400900,0.936941447125345
rs17027446,0.999823490680876
rs2160071,0.945625702655092
rs11679386,0.999948703945524
rs193195705,0.987638763753603
rs185930747,0.845964729304102
rs693,0.935063179899735
rs934197,0.999999453632874
rs4665972,0.996255406543434
rs35679500,0.989114784341902
rs111700498,0.998659246682322
rs75438569,0.999299961286504
rs62140395,0.991136096631667
rs75225803,0.814559605547015
rs17742402,0.997125737483779
rs535700310,0.990224193135276
rs145288624,0.999942874806568
rs74989476,1.0
rs3806471,0.984703824888952
rs11887534,0.951184199801186
rs6544718,0.992816379172282
rs11709868,0.999437178944643
rs3732356,0.996445071216599
rs334558,0.996829349351278
rs141961166,0.995799889170046
rs9841897,0.876709466432036
rs79804472,0.98619449477442
rs111833688,0.999691310340963
rs5746255,0.884037692229527
rs62620196,0.999297667247297
rs113177823,0.968002679495804
rs150401797,0.999920692469862
rs4519721,0.998297967159138
rs149158239,0.998860451201492
rs6445998,0.893992557142175
rs181937236,0.997811721151541
rs9834932,0.997480679635166
rs55921103,0.999984292034878
rs1203118,0.990523945361647
rs2498328,0.967459441247492
rs115243714,0.989442212745533
rs17595102,0.991917808519783
rs144930207,0.995282606499324
rs113337987,0.976223095120516
rs150021439,0.908189510960539
rs576737004,0.998508996398295
rs185107280,0.996940643090164
rs147986005,1.0
rs1458038,0.999883816127988
rs71628040,0.999053094281134
rs39897,0.998663290415178
rs272838,0.999894710102433
rs3846662,0.97755389545232
rs12916,0.999912323102274
rs542528532,0.996499024057126
rs7734476,1.0
rs116734477,0.926973389730956
rs2936574,0.986279006436912
rs10075464,0.99557659736765
rs25759,0.930741008415397
rs6882076,1.0
rs17054136,1.0
rs76802183,0.999770556604188
rs753289092,0.99954423750957
rs17672542,1.0
rs74343614,1.0
rs114887634,1.0
rs144185762,0.983127648323292
6:100034811_A_G,0.997003431104738
rs17185536,1.0
rs1799945,1.0
rs1800562,0.999918900421131
rs198845,0.9476172478372
rs2498381,0.915080668713685
rs2235215,0.899795611448781
rs184846507,0.999695084803126
rs6932207,0.999945890020553
rs3756772,0.874651185243709
rs117848147,0.997789748566575
rs76967117,0.914896999261562
rs2258604,0.996841034019931
rs13208098,0.998407661856744
rs7752351,0.999744725686668
rs3800406,0.996776704649322
rs1053049,0.999453982915962
rs12210988,0.988017219309338
rs8191890,0.983718039051183
rs628031,0.999894135552857
rs6938647,0.999007310895541
rs140570886,0.935901270605001
rs12174589,0.99979964002103
rs12204899,0.998982325156438
rs184379833,0.996071384451586
rs5743329,1.0
rs1859840,0.989728784705419
rs1612623,0.910974457782862
rs6968130,0.999553299893589
rs13235339,0.991153728626199
rs2302429,1.0
rs16880934,0.988136074195686
rs7350054,0.957508420974862
rs6461567,0.945585981704963
rs56130071,0.990172913210852
rs62445897,0.948565421242983
rs3197597,1.0
rs531092089,0.999637744881411
rs77450727,0.901885193168305
rs13222935,0.99920752169323
rs60689900,0.941318167076033
rs896311,0.999957444716607
rs79484250,0.9998491465425
rs76746389,0.986634502640839
rs41493047,0.995516710744637
rs745580,0.977772700743781
rs4722555,0.997916452690573
rs118159602,0.997858896008005
rs2698712,0.995010568687995
rs116847959,0.998789335664713
rs836550,0.998825970707314
rs139659653,0.999781033284682
rs17725246,1.0
rs217385,0.999812224271277
rs548021416,0.998356941401169
rs139244173,0.998858827909702
rs11775193,0.835221739492527
rs72662491,0.996019191619804
rs4738684,0.820046565256428
rs10097153,0.999304723545586
rs149561242,0.994121738587715
rs115643651,0.999651928960461
rs61749465,0.99577103647985
rs9298506,0.989640048329103
rs116901869,0.901903534037657
rs111607120,0.999147309614903
rs2737225,0.847543471973502
rs2223053,0.990808842286261
rs4457349,0.987090834772713
rs117253366,0.988432191056988
rs189953608,0.844579501262212
rs45607939,0.994890781264974
rs146455279,0.908869409269268
rs189349063,0.930820261126535
rs199604236,0.997011190239589
rs201641573,0.969786475422286
rs13278459,0.966455910596842
rs61736899,0.999246001164195
rs79891431,0.998890630829416
rs56018935,0.999583954922718
rs6475606,0.810936331540477
rs13301187,0.965899648930985
rs10869597,0.99008103460927
rs1571791,0.993912918743855
rs3739728,0.999643407766004
rs1883023,0.969697943499227
rs4149307,0.973323237392863
rs4149295,0.998540219850493
rs13289095,0.803570791242951
rs571780,0.98875696859987
rs76324624,0.999348401095629
rs115478735,0.997331735841116
rs532436,0.992132098761046
rs72773771,0.927926511089058
rs3780190,0.997435991333918
rs10448340,0.999072513448057
rs777202020,0.997903293518205
rs55843714,1.0
rs2068888,0.955276104827497
rs491995,0.997621997852394
rs11014204,0.879027544556193
rs17580483,0.980796040300959
rs187354277,0.998991295415856
rs603424,0.999390757478224
rs117005510,0.99962264665135
rs12355141,0.847945955795509
rs16926246,0.916457596076437
rs5024318,0.97716285998496
rs141253953,0.981077410195038
rs7094020,0.995567612629991
rs1106056,0.998862188945849
rs2524296,0.937654566758992
rs174576,0.997643095534942
rs654226,0.999725206792477
rs28381981,0.999069584749897
rs11038628,0.999529067077141
rs10838525,0.987717379922708
rs11604424,0.99193934682482
rs2239013,1.0
rs373874867,0.997750447427803
rs536869583,0.99971117021544
rs11216288,0.920784867947036
rs145384144,0.996854326239226
rs147611518,0.999911825577426
rs41302381,0.995615589377466
rs4647594,0.998715665547086
rs2306363,0.999886790048029
rs190628862,0.999768281254821
rs117873455,0.996763002320689
rs59421767,0.961114417563173
rs116232231,0.988650275449747
rs74660379,0.99978450719539
rs685903,0.819794488508721
rs1893351,0.995783750592237
rs181897168,0.999977337324831
rs4937122,0.895696837173123
rs74612335,0.984377179799139
rs6487460,0.995279691724198
rs10743549,0.999946396308481
rs1805248,0.829841294181844
rs117621957,0.999739488314438
rs151040589,0.999488113877006
rs597808,0.991851987774524
rs61942275,0.836552169080394
rs11614358,0.938621847532841
rs551623873,0.996629547281798
rs2160994,0.97083239725074
rs73405628,0.945342730999028
rs117990192,0.999931479443674
rs78382530,0.999731114582458
rs10876169,0.999921813172648
rs3024984,0.999811865669163
rs3825080,0.999723966705546
rs572457745,0.999700990289409
rs3752448,0.989689854411845
rs206333,0.987109638558048
rs6602911,0.999589723548099
rs571777071,0.991801533297907
rs118178236,0.999494325559863
rs4982900,0.864906340772776
rs11621792,0.998749881280374
rs2332094,0.999066427631965
rs7156815,0.999910230150138
rs77866553,0.999724548417167
rs6574112,0.991581502535737
rs61988556,0.979942410053019
rs7178040,0.941339973746108
rs62012951,0.893169400552272
rs1663240,0.804490432790875
rs139823028,1.0
rs35782593,0.9201534883049
rs117702162,0.996769311577361
rs189225514,0.99901860042843
rs11149612,0.991818859051428
rs11558903,0.996315648215761
rs3752786,0.819131727673432
rs4396539,1.0
rs2502671,0.831247524962665
rs8061409,0.9976774541741
rs534698345,0.881778534737703
rs3812990,0.984306502963702
rs146497333,0.973594695489604
rs79258602,0.997538150061384
rs3790113,0.919504519932067
rs550183772,0.999988557174811
rs247617,0.984637923708254
rs12149380,0.899568297459129
rs12924886,0.945580927022754
rs251032,0.99996374615192
rs763665,0.96150182872781
rs3794695,0.96437209827036
rs56030533,0.991148733720606
rs7205804,0.932335367213849
rs1532624,0.845644188772366
rs12708974,1.0
rs7499892,0.992483309653643
rs5883,0.998891906046638
rs5880,0.999141606771684
rs1672867,0.996917122827881
rs1801689,0.993361115985292
rs545779157,0.99964892479364
rs9906835,0.993572596215459
rs142179566,0.99927037411757
rs191135734,0.994399791729558
rs7217274,0.997920084173166
rs116925844,0.99987599990018
rs11653826,0.999945601942321
rs2428362,0.998897926972159
rs142972972,0.999906254217979
rs12949541,0.999498895871332
rs71377306,0.997950594234435
rs2611867,0.897521122933083
rs34931250,0.999954657616756
rs4366775,0.856993538007656
rs74587498,0.998402992205251
rs12935900,0.997840027152593
rs528367913,0.898501809005645
rs117791959,0.872019059483577
rs117623631,0.998252346902107
rs6507943,0.82240277638269
rs111843047,0.971063811443808
rs56113850,0.992776202906383
rs56267346,0.998466918899241
rs143393511,0.999706554857429
rs13345456,0.983388877033032
rs2304242,0.852097623122106
rs28669060,0.944520428480948
rs139661349,0.999788684051337
rs568695831,0.997797810199571
rs2617802,0.999888050702708
rs973579,0.998500935307934
rs10415811,0.999989480413171
rs17248720,0.910140989137499
rs2738464,1.0
rs141226346,0.997831459009626
rs148174657,0.97642237762443
rs17001002,1.0
rs190671143,0.989220366089785
rs117590032,1.0
rs117779019,1.0
rs57295859,0.999875001533816
rs77420750,0.816618406547935
rs35081008,0.828705336374136
rs34003091,0.827527348994564
rs769446,0.98427326695635
rs483082,0.913543008750097
rs62120394,0.982216883325634
rs117699414,0.997058455387929
rs555887376,0.994941907797362
rs8112973,0.987179712072199
rs143392466,0.837269065161839
rs35318830,0.99915332557345
rs224418,0.928585593118097
rs959878,0.99548777134592
rs2745833,0.8471087863925
rs78348000,0.999582142026026
rs2618566,0.936035435736419
rs6068586,0.872403340964785
rs6127099,0.999155214872643
rs793048,0.943247778711106
rs793045,0.979492756404334
rs3848713,0.998896690228145
rs6065904,0.960504080654421
rs6073958,0.811687754549588
rs1537028,0.879498508549758
rs6029132,0.877703123898034
rs73124945,1.0
rs6011922,0.933707405421654
rs6090101,0.983270191405375
rs4810316,1.0
rs141220678,0.999674055708864
rs76186568,0.995034314762757
rs138381633,0.83563790580138
rs2179050,0.967611420078365
rs76529637,0.99668652207272
