rs143135527,0.998764607096288
rs628462,0.999353878529946
rs34071855,0.998491319133585
rs11164807,0.992788761228554
rs2391256,0.993238417175341
rs1434282,1.0
rs12057656,0.93077909559362
rs12117480,1.0
rs140397035,0.99938527029865
rs6667939,0.999307725319005
rs676441,0.994236423482458
rs7528419,0.998339963037384
rs629301,0.883468487200697
rs646776,0.983335154581154
rs188273166,0.999987004025951
rs850295,0.986374228773081
rs6586405,0.999327605604055
rs12739369,0.999085803847776
rs553427,0.991282941863194
rs556107,0.857852471661836
rs17008917,0.961322031260502
rs2807849,0.999681985588342
rs1335920,0.865483736412554
rs61820077,0.997592829982294
rs10910521,0.99732751788549
rs28631087,0.833787517080171
rs28424234,0.9944463195988
rs12117661,0.815492931907439
rs55862049,0.818487344142238
rs11582881,0.960357398877083
rs12402346,0.999023082152676
rs115458560,0.933907631430779
rs541070421,0.997187223589122
rs149762771,0.972572256359015
rs529738415,0.990197774552645
rs2994564,0.947885541010068
rs10889332,0.940190158047432
rs6587980,0.959978241668922
rs549777175,0.990831336654522
rs74652737,0.991376586719803
rs10874637,0.907059152607714
rs11127427,0.997740355155724
rs34305730,0.992024257646803
rs3791298,0.996425999639874
rs4954192,0.995737423723347
rs193242330,0.98757248929246
rs61750436,0.991460784727967
rs138527555,0.984713453069868
rs7568307,0.999478182471471
rs2110684,0.858536591659828
rs12991429,0.95084036040176
rs13410775,0.979679738356346
rs2177087,0.984755547085151
rs832655,0.984428877661813
rs7572443,0.812204604333366
rs7569317,0.964940666379845
rs2465520,1.0
rs2469961,0.824207156125921
rs140521075,0.995750372293432
rs6431625,0.982118798633015
rs28899468,0.993571221521786
rs17868341,0.939100345130693
rs695873,0.993618662435147
rs2255586,0.856671306365312
rs7567612,0.910132919121711
rs138192199,0.999738089319819
rs143954229,0.999896170068974
rs55938402,1.0
rs889903,0.993836310115194
rs17050267,0.970942299569913
rs6545910,0.999610485562823
rs145090082,0.999040242301229
rs76605442,0.998188595517403
rs534454355,0.999376256161821
rs4671050,0.997155547396784
rs17027446,0.998427570310769
rs2710644,0.974607655832282
rs77140823,0.996560731642255
rs1861399,0.805535586072718
rs34287081,0.998047032366821
rs180935782,0.999874196623012
rs1107851,0.981283540959692
rs1042023,0.866375223811272
rs72653083,0.998872955051068
rs1800481,0.999957637390451
rs934197,0.845891025574534
rs548145,0.968609963096737
rs142787485,0.998294770591375
rs10175960,0.967363962732202
rs112421794,0.99963632192205
rs1731247,0.933421895919819
rs75291407,0.861153288483233
rs35270436,0.996785375735073
rs4665972,0.999755933818728
rs4665973,0.976485390937468
rs3792253,0.997249037250864
rs115093996,0.974566387114371
rs111700498,0.998418738541922
rs541967471,0.981104326425591
rs74989476,1.0
rs145164937,0.955725464978891
rs11887534,0.974629801356793
rs4148217,0.997020442708133
rs6544718,0.999659778474274
rs145039966,0.998831064525501
rs2624847,0.98240685202178
rs2526385,0.9752812084451
rs114490720,0.998941724240068
rs11709868,0.999981677300606
rs9844683,0.99967870394658
rs72998463,0.977865159153744
rs17753641,0.935422339791019
rs6441306,0.999503698160506
rs4679885,0.968170495341326
rs1920650,0.950820365004049
rs543519752,0.99988851818864
rs79804472,0.987942204348707
rs2290159,0.995598107300272
rs62620196,0.999150123776335
rs113177823,0.995288873695834
rs145708952,0.962368550170615
rs181937236,0.999436871879574
rs9834932,0.999862377223474
rs57815548,0.983446576781652
rs150401797,0.999807630921296
rs138508610,0.942540693208311
rs9811074,0.99980271587471
rs145501308,0.96438843381877
rs55921103,0.99995351659876
rs3748034,0.882476505545251
rs16844401,0.999729716836495
rs114303452,0.99340103614479
rs2498323,0.986700101993075
rs2498328,0.995010648420814
rs1281150,0.961887213674687
rs111285143,0.99272794800976
rs41280463,0.9999966171084
rs148685782,0.94604276691438
rs144930207,0.813341546923527
rs150208378,0.999733443537254
rs576737004,0.999962297150976
rs151477,0.854349807216744
rs11097773,0.837941665802909
rs12513257,0.968317951575248
rs4698861,0.929216437193811
rs1902023,0.961625864548797
rs147986005,0.943671060743043
rs1458038,0.999965958522715
rs12916,0.99951738958184
rs10057967,0.945869743157377
rs256845,0.85691746343584
rs17053585,0.999756608655367
rs17053595,1.0
rs542528532,0.997935166125323
rs7734476,0.999983491721484
rs10075464,0.986461779466245
rs570651698,0.979418115395715
rs6882076,0.994401769579069
rs76802183,0.957845591698451
rs753289092,0.999958392809079
rs17672542,1.0
rs74343614,1.0
rs114887634,1.0
rs144185762,0.999826457656413
rs17059990,0.967411820723309
rs17185536,1.0
rs240766,0.980790775241053
rs1799945,1.0
rs1800562,1.0
rs198845,0.951844274257689
rs139332558,0.998973631753452
rs3756772,0.842367758497425
rs562249261,0.990163403215615
rs7746081,0.800920434746405
rs184846507,1.0
rs864938,0.977556883851054
rs575521931,1.0
rs7750236,0.991516580284571
rs9376090,0.810434184270542
rs9461964,0.994973321340514
rs76967117,0.996352558444586
rs1880090,0.955892814841849
rs3800406,0.999965894248158
rs6937088,0.995853127022042
rs16883819,0.891095719424017
rs2744227,0.909617409807217
rs17526722,0.895770335060395
rs7752351,0.999944774704943
rs628031,0.999955597397168
rs3927200,0.973046958168437
rs186696265,0.998039324729513
rs62436736,0.921433543102815
rs192965253,0.954401172413859
rs794361,0.976154283188732
rs1186222,0.938445707406346
rs2302429,0.999950199792861
rs150335300,0.994298088805282
rs6461567,0.989346595300526
rs56130071,0.99403416734038
rs62445897,0.996148935844109
rs869412,1.0
rs566502095,0.997703427664676
rs79197902,1.0
rs896311,0.999686670521995
rs150480674,0.887463467448952
rs10953298,0.999117842157351
rs12705082,0.997918703266632
rs13222935,0.999813973351631
rs836550,0.99468895756792
rs12537483,0.846573970949597
rs145491977,0.997528611104174
rs372453671,0.9968540753858
rs35803101,0.999921490657755
rs139659653,0.946484931908242
rs217385,0.900836345166999
rs4738684,0.873394043929152
rs10097153,0.999328387751924
rs528588067,0.992775449497209
rs149561242,0.989725606148814
rs7846503,0.999335574749795
rs148408496,0.99885868304685
rs111901300,0.997942655985027
rs9298506,0.98045596724272
rs111607120,0.800421168962527
rs2737265,0.876623030682287
rs181248645,0.997902649946393
rs139997332,0.916861737840724
rs75164422,0.995906623243242
rs6993155,0.98798274361854
rs117253366,0.946081526020714
rs189953608,0.901576545640328
rs62521592,0.851737782278866
rs45607939,0.999759928511821
rs1495741,0.852685614897536
rs78839949,0.995995807295018
rs146455279,0.967127255151068
rs189349063,0.999773527588843
rs55831924,0.999575487300212
rs61743013,0.995894436734671
rs115894989,0.999918300186152
rs4977174,1.0
rs11780874,0.863055179142633
rs11136256,1.0
rs61736899,0.997551598635418
rs10967118,0.998755012813995
rs12347336,0.99912331302674
rs686030,0.999961983462832
rs10810374,1.0
rs10738422,0.895139966258989
rs36178701,0.999333933328449
rs2026626,0.998634582044634
rs575476335,0.961752766193534
rs79891431,0.814229246096764
rs559869036,0.997999797675946
rs56018935,0.984515859776439
rs117368182,0.921360242758047
rs2230808,0.999975655093715
rs9282543,0.997981250225588
rs145183203,0.998309197296632
rs1800977,0.999820531076458
rs13283282,0.92314330254685
rs76324624,0.999086559556075
rs115478735,0.997347179358552
rs532436,0.992605186496388
rs71505203,0.95352948467527
rs10887589,0.994439896957879
rs565239711,0.993061943022107
rs12259370,0.998608403909623
rs165531,0.998624751076703
rs545850876,0.992053236805836
rs55843714,1.0
rs2068888,0.922001742941585
rs10882179,0.970869204859869
rs3750717,0.999287880002928
rs61733668,0.979898371654306
rs71494753,0.970210467910713
rs139429646,0.995009673059322
rs149756228,0.978791004011331
rs11239528,0.807504018108886
rs12573609,0.867024883402519
rs190536463,0.995965925227543
rs12784396,0.966719933310318
rs603424,0.994909035929372
rs117005510,0.999833593065144
rs16926246,0.950835828682901
rs5024318,0.965399353592002
rs12413488,0.873103363185426
rs4918752,0.996067341575763
rs7094020,0.995156754804231
rs1106056,0.998930467881524
rs34614231,0.810316016546638
rs59185955,0.997737724867534
rs572872157,0.997258577339178
rs74047564,0.998718824839355
rs72846765,0.997765640403271
rs2839703,0.93904497348863
rs4930119,0.986130422642802
rs12282937,0.999556243795958
rs560014658,0.999398838656843
rs1661052,0.999536997600014
rs559111332,0.996176426739048
rs174564,0.96935635667012
rs174576,0.966132791944342
rs2727265,0.842173540176597
rs12577276,0.974450040231085
rs6591179,0.985547681601981
rs536869583,0.998768691156553
rs526602,0.999232243719834
rs530248369,0.995487093294359
rs41302381,0.999214800871639
rs79062509,0.990402664365277
rs1893316,0.994439535214046
rs576740,0.97513138742414
rs41302425,0.99974833459234
rs11821276,0.999706801111442
rs72997616,0.973545479886554
rs58553661,0.962347016187863
rs8177399,0.999980238025163
rs181897168,0.999558252557906
rs3967200,0.819720385533562
rs4766602,0.943326379144771
rs73191804,0.994503692190839
rs1805741,0.998458309210841
rs10129061,0.919690158319365
rs775894036,0.974659071667144
rs540639423,0.99927469037854
rs3184504,0.997898809265882
rs72650673,0.999828019638096
rs563051017,0.926888675344359
rs233716,0.998568016099092
rs145187850,0.999154128439036
rs35800593,0.889111662334509
rs182250480,0.999641124464818
rs7134738,0.997250026924005
rs6487543,0.999640897638636
rs7969023,0.995195512464748
rs551623873,0.99145614377886
rs9669354,0.848477228659891
rs2280168,0.992672512480612
rs117990192,0.999890095516391
rs2649995,0.997824914038649
rs1169289,0.999463507299339
rs2684900,0.981451192673375
rs78382530,1.0
rs10506301,0.946537703150092
rs10876169,0.846941782281648
rs907348,0.937751634222247
rs921919,0.979040012203755
rs5891,1.0
rs10846744,0.996513958020856
rs11057888,0.993853971366123
rs756911,0.958057130002328
rs3752448,0.866804025677375
rs206324,0.989738895182987
rs181432822,0.998613089281085
rs4982900,0.896877932848595
rs11621792,0.99780971336626
rs565244324,0.861145005106595
rs876403,0.997830291147532
rs11852443,0.999948103235192
rs7178040,0.999925663680488
rs12899671,0.995906483190051
rs111819443,0.999384775137697
rs28690720,0.989161227769507
rs1532085,0.977936612317007
rs16940233,0.99849477019658
rs139823028,0.999509018498673
rs2070895,0.991478476793619
rs261334,0.97579250255353
rs115599330,0.973258110983232
rs139722729,0.995525769544612
rs76689712,0.997906250169695
rs117702162,0.995858789212673
rs112618630,0.950863182723486
rs141904578,0.850092540315948
rs189225514,0.864087764260059
rs4782568,0.957364097883053
rs116922791,0.999217126486706
rs3827951,0.965585854068537
rs9989419,0.896229546908545
rs17231506,0.999971034053221
rs534698345,0.997290482376409
rs3812990,0.996293807913521
rs74803415,0.998658819062164
rs34042070,0.998064004643403
rs117689220,0.942410256789707
rs12720922,0.829423877878424
rs1532624,0.988578432253005
rs12708974,0.999960343725075
rs9930761,0.99889434417912
rs289714,0.996848013980604
rs117427818,0.99750269475534
rs223896,0.998302360224991
rs1801689,1.0
rs74498987,0.996043686649812
rs144169073,0.980679640184182
rs545779157,0.999361583166304
rs56158954,0.998006141371345
rs145945524,0.99737305113357
rs12943633,0.999192056700348
rs6505092,0.941889319569605
rs192362805,0.998972557944647
rs531250057,0.973745413413242
rs7220401,0.980725231187362
rs55714927,1.0
rs200489612,0.999953979349801
rs12939472,0.971670091004437
rs28539246,0.829419439657027
rs144456948,0.999324034795903
rs2905880,0.872732883091298
rs71377306,0.999198679735172
rs2611867,0.961720979112038
rs76321556,0.856490276199263
rs74587498,0.998834355037078
rs2376583,0.963141439673055
rs12935900,0.99644448671866
rs74558535,0.999282746667058
rs9958734,0.960777103816542
rs17656948,0.954999871959116
rs192658182,0.995322119053667
rs2074552,0.994899236174704
rs7254775,0.989250504037235
rs1640275,0.9797763331059
rs28669060,0.847684670863959
rs139661349,0.998552105057193
rs568695831,0.985249416597066
rs149973567,0.918899869455816
rs2617802,1.0
rs838144,0.958746000263998
rs144759061,0.992619321671801
rs59774409,0.978987239160503
rs10419198,0.88819238042059
rs11670916,0.911400480048662
rs12978895,0.817710601337412
rs190464050,0.868527720864995
rs117880925,0.902336416744119
rs184092908,0.999667636081173
rs78110932,0.928880130030971
rs3547,0.999906912585283
rs10500290,0.985235404507316
rs78688793,0.836426910330046
rs17001002,1.0
rs10415811,0.941285895582568
rs12151108,0.974770564331824
rs28493980,0.999993418731776
rs2915966,0.98869795094825
rs184187776,0.964940521196614
rs17678521,0.963049212232784
rs746502682,0.945470030710499
rs11668189,0.99970937301286
rs7247025,0.977123839854119
rs73055442,0.989793621082849
rs148884509,0.991889042796234
rs77420750,0.990145694254749
rs34003091,0.848428152277587
rs3794971,0.932782862718047
rs10421727,0.999864156964367
rs202200760,0.82057071176768
rs3745193,0.999919019530169
rs10421557,1.0
rs7259703,1.0
rs74180829,0.999942049321053
rs62120394,0.801552921371765
rs11670024,0.987608714052651
rs117699414,0.999789302923817
rs112525753,0.978860917221334
rs190712692,0.92407176222077
rs157595,0.965142203738439
rs1132899,0.992954120324575
rs556584398,0.952973986719616
rs224418,0.952085352520091
rs565827817,0.996166867410543
rs959878,0.990252899109765
rs78348000,0.999766135810485
rs2618566,0.878544555039078
rs6031590,0.977861276948886
rs140089638,0.997228899610731
rs6068586,0.971245207639882
rs6127099,0.995571623989592
rs793045,0.897233333584333
rs73097054,0.997632987509426
rs141828786,0.970946459619701
rs139772539,0.991152111740811
rs6011922,0.925603161034804
rs816956,0.999635211050602
rs6090101,0.991650444193154
rs6016363,0.963319806068647
rs1883712,0.998330128086925
rs4810295,0.99014233583613
rs6029552,0.86872137623332
rs76710286,0.994763165375156
rs141220678,0.999013651007295
rs2425463,0.90759540282574
rs6073261,0.998600648395909
rs199565056,0.9995915219782
rs761518243,0.817410145411843
rs111266603,0.999976670224393
rs5754508,0.99954340794876
rs2179050,0.966152847761823
rs13057370,0.978297381135764
rs76529637,0.996733368932776
