rs536118533,0.999419173795392
rs2298632,0.999043942160583
rs1198433,0.989898476386601
rs138452477,0.993545994238731
rs213641,0.957784239511158
rs4443935,0.951904320698743
rs7528685,0.86702489857696
rs60069508,0.995432225243814
rs2068663,0.999943686745026
rs2131311,0.999766463164102
rs60976597,0.955713065031445
rs12037288,0.99641974044565
rs1073926,0.837589975491654
rs115532063,0.998606894735856
rs79451801,0.999021596908687
rs213479,0.908750657369645
rs547487442,0.999965989159045
rs112744470,0.99928451416355
rs9970076,0.892008305073237
rs1474872,0.992232150237446
rs624698,0.89123875292235
rs626787,0.98832087586527
rs631106,0.992780230508529
rs11207997,0.951650872202188
rs10789117,0.966046818057767
rs6587980,0.933597014588234
rs550196958,0.895594791783986
rs3767962,1.0
rs182240690,1.0
rs12138136,0.940921336903181
rs146356417,0.997432769943144
rs72692832,0.840775587985421
rs12749691,0.997499937264716
rs116793609,0.994819110102914
rs75421411,0.822429900402316
rs112745976,0.998439296630838
rs71637436,0.999101012189448
rs4141906,0.999476069073266
rs61747502,0.998979455879178
rs543014441,0.995912724699602
rs6540819,0.899438509706451
rs17788255,0.998672166537687
rs2791552,0.96126979316938
rs6683926,0.996422409400973
rs185200875,0.99920877863387
rs537760188,0.995036566674822
rs72470569,0.997773413492346
rs11118610,0.924078755582855
rs2642427,0.911003817254434
rs185512011,0.997809459384079
rs6690181,0.904516175123378
rs140535064,0.998193610247282
rs56387359,0.945689207403969
rs4846914,0.961424466357646
rs10127775,0.982713639471536
rs4846841,0.90737107135926
rs1471915,0.998516180520012
rs7529464,0.991796467246081
rs2493141,0.993156244402822
rs556202633,0.988246140707515
rs2090032,1.0
rs140210234,1.0
rs1042034,1.0
rs1801699,1.0
rs12471982,1.0
rs138852725,0.993935369595025
rs9941516,0.992384957697212
rs56347462,0.980517105814514
rs71441041,0.923995543287374
rs780093,0.991811106873976
rs142349448,0.950336610648484
rs75225803,0.999978168432377
rs10209055,0.945830895501876
rs1861435,0.994736679900354
rs35647053,0.972502110199142
rs140104441,0.999923297759691
rs563021710,0.99828701452242
rs537988409,0.999577880300913
rs6708682,0.99894690387129
rs17608467,0.996725784312102
rs574015799,0.997725816994908
rs2540951,0.997257646293547
rs7575614,0.899959836364055
rs3761706,0.988903193688496
rs77631110,0.999654687864562
rs954244,0.999971889064576
rs58132852,0.995898127079382
rs141118878,0.99993063362634
rs1128249,0.998981044343705
rs79953491,0.996514740777801
rs3769874,0.999938741801923
rs72880651,0.98395198567373
rs2390159,0.999641845188691
rs6716011,0.92732275169857
rs12472667,1.0
rs3731696,0.999914072361321
rs185956760,0.985399874172434
rs146775047,0.92357101066166
rs79047930,0.999808491314112
rs2943648,0.951675073164119
rs111583409,0.999774032734284
rs950670,0.992746749195762
rs10201609,0.999949162657366
rs2396327,0.998752072117581
rs140789776,0.88273010746765
rs59916403,0.848130959758304
rs34106717,0.980561205131184
rs7639927,0.999766015585669
rs2053500,0.999010612661112
rs9867361,0.984447537724994
rs1899951,0.954921992742819
rs141049332,0.997542172535127
rs75134207,0.987805982398585
rs1008070,0.999648314299843
rs12497643,1.0
rs6550489,0.943821394336739
rs4678582,0.932745203661179
rs11542804,0.991577095518902
rs143804589,0.957715859794189
rs62264113,0.971865867306514
rs79983121,0.999349332929129
rs814130,0.999625591477881
rs684773,0.997949228245833
rs1279840,0.847292696925367
rs73238159,0.928705166110631
rs6440125,0.977839700217485
rs62271373,0.968145450419503
rs9844972,0.99252575285308
rs150180653,0.999699045875606
rs9817452,0.904409123493821
rs116835737,0.962606723160812
rs5402,0.884071959307082
rs6764884,0.998070460667418
rs7631606,0.950434565901243
rs560341323,0.999653231291995
rs6793337,0.973325186748757
rs1894425,0.999883033076836
rs534570913,0.97905621332449
rs17697570,0.999389560976205
rs438524,0.999346645953301
rs191872071,0.955605011881444
rs148160856,0.989577844718825
rs1263315,0.998651352378479
rs17835422,1.0
rs112882118,0.819493264385157
rs10024987,0.998893765739176
rs3748034,0.899696540079999
rs142153439,0.976333911810065
rs73243877,0.997094953335892
rs77345082,0.999226246857617
rs77849807,0.999496648356284
rs79733014,0.997171073683799
rs2855778,0.890931914624155
rs6810872,0.920922492237315
rs141162700,0.999943052065073
rs35084682,0.829028471206022
rs34707604,0.9864438265166
rs189289979,1.0
rs7439366,0.84819882361049
rs61755875,0.835221921659293
rs187939547,0.999124504677804
rs527527309,0.99963550711818
rs13146355,0.984954446442947
rs62300881,0.988128739280013
rs1135642,0.998387700146176
rs2125787,0.998964263797963
rs2035403,0.999878372872398
rs78194430,0.960614224289768
rs79431234,0.969041875977711
rs113239639,0.999224048768813
rs186745467,0.975074512393274
rs150110762,0.996119728661983
rs189023393,0.988435972498542
rs116564150,0.99904248391878
rs2602116,0.945579417974164
rs3822072,0.994068467387106
rs10024506,0.99676692060903
rs1154410,0.997247520024937
rs10516441,0.995006090059114
rs3805336,0.996717041788368
rs2035816,0.999928344550919
rs223340,0.999966985921209
rs114816312,1.0
rs11555260,0.820125276015529
rs142917841,0.942562733382893
rs567763065,0.980809091092056
rs11100060,0.996124433619643
rs10012484,0.9846327998591
rs2305123,1.0
rs114056582,0.956283899378708
rs9292116,0.998000982037941
rs392794,0.994575594622291
rs3936511,0.999370479430891
rs34196215,0.897921172871306
rs142047875,0.994712622203692
rs1387643,0.887299647656446
rs35272273,0.994676789242152
rs76858771,0.996846037559052
rs189988417,0.99085819244263
rs115912456,0.996068992304773
rs371613940,0.998476650270098
rs7704653,0.999305820738082
rs189472269,0.848604851420781
rs35456942,0.995390279784479
rs10519336,0.992881304368093
rs116665871,0.950762594695786
rs1045241,0.835735704486082
rs32649,0.84089956699578
rs244737,0.942367307459191
rs154735,1.0
rs191860149,0.999430879722686
rs115064122,0.999301804625636
rs10064506,0.97584539100404
rs143375028,0.999561159985059
rs12188417,0.991353647613339
rs112424890,0.994579406236005
rs244960,0.916933176643596
rs1504934,0.977204641904552
rs74511043,0.999151836051101
rs114236371,0.982077274864871
rs17053595,0.994957694072455
rs17053602,0.989005289039599
rs7706946,0.992911935926484
rs111353048,0.935136265149399
rs6882076,0.996822103372515
rs62387667,0.970565121194831
rs138735323,0.995514136316293
rs1316379,0.974792343988164
rs1122080,0.99825916030429
rs244644,0.980402057154446
rs17056109,0.999640184865839
rs4704956,0.900705082740218
rs62377655,0.892235005590162
rs9465729,0.999663171888108
rs55790406,0.940435698165417
rs4710938,0.927912397680796
rs775179965,0.999106284741356
rs75499503,0.996276803848919
rs544319061,0.999632366203606
rs187680829,0.952663797041911
rs6907924,1.0
rs6930195,0.999815153051935
rs185139895,0.955090091634853
rs184160790,0.945900972471697
rs146469661,0.818036390969198
rs139376737,0.9790488429886
rs113715383,0.999730730880238
rs9394965,0.999122516139836
rs729761,0.996951765234902
rs553872915,0.983696427155644
rs7754194,0.862739941746172
rs77513338,0.996436862892126
rs571491640,0.998181703009313
rs6913325,0.890203029606584
rs12207629,0.891521551504351
rs2806360,0.817105250043291
rs11966104,0.897438213550063
rs351727,0.979242570208117
rs142880798,0.999256442911942
rs10457478,0.998572575798231
rs143474978,0.961492054321571
rs186873441,0.929200977789337
rs9398816,0.956178636029713
rs6916318,0.997900707214636
rs577721086,1.0
rs550350818,0.999455935965093
rs565258250,0.988876896685662
rs111761261,0.997445165666468
rs143590987,0.987977605626254
rs9376398,0.997989925193126
rs113967227,0.997128582964969
rs189268436,0.998730849645058
rs639286,0.997410828909505
rs315428,1.0
rs112201728,1.0
rs34130495,1.0
rs662138,1.0
rs9295128,1.0
rs551032,1.0
rs5014650,0.939394264749248
rs143048975,0.999401079139496
rs4709746,0.839780388143026
rs9355462,0.922106462069667
rs74472609,0.880761730489418
rs187303104,0.998133909319299
rs62441954,0.999807253170977
rs852392,0.972837845599706
rs2237492,0.884994754110084
rs10226819,0.923356164327722
rs38205,0.999014696099558
rs6461315,0.951704173781276
rs78815765,0.982061185078331
rs6956984,0.995401236394008
rs10278449,0.998811922788707
rs929255,0.990158557464052
rs6953596,0.950273826865308
rs9639523,0.995930201974469
rs2076881,0.999946281112747
rs2391211,1.0
rs530313024,0.867721800452384
rs111907229,0.999647657170519
rs2960785,0.849503284685489
rs147008596,0.998617139385317
rs917195,0.993997528750049
rs28362692,0.989205489275067
rs12702070,0.950713957269691
rs73109403,0.999616942634706
rs574567126,0.999373157649054
rs13233571,0.984929503960938
rs7793710,0.997824076004079
rs2286276,0.920657487918317
rs13246490,0.99993561102884
rs189272627,0.997536162593952
rs146487355,0.998063017044878
rs3812316,0.966670306074384
rs12539160,1.0
rs55747707,0.997112327231418
rs35493868,0.989553134623311
rs112289437,0.977836292810276
rs58862095,0.864951488041972
rs10954750,0.998366448118915
rs75852138,0.996283916075634
rs41749,0.872223958278201
rs553798443,0.9978025070086
rs12706938,0.829424216409088
rs4731701,0.906750182752968
rs10260148,0.99032153581603
rs6467365,0.991945398676162
rs55700285,0.994629423808607
rs62492368,0.998726695211752
rs6995407,0.80068990494912
rs4418341,0.998147404732456
rs13277113,0.991958635492448
rs73201442,0.999953477939872
rs1004712,0.999917938661851
rs2517261,0.997413758662594
rs142361431,0.999941415940188
rs113141061,0.940459788017112
rs75025429,0.930268969542172
rs2632842,0.996590524406221
rs12542494,1.0
rs1801177,0.999417569020008
rs80026582,0.910992063079905
rs186859575,0.992989489987264
rs189035044,0.99450957717152
rs73221948,0.951403739692488
rs79231491,0.999470347159583
rs79665026,0.909327955260444
rs10107182,0.992450125631961
rs28708563,0.891581342965251
rs1149475,0.837429678742712
rs1549442,0.947379974201688
rs13251367,0.937182300776546
rs76900072,0.947733112512742
rs13269725,0.839181052100315
rs4738141,0.999391979634838
rs9297539,0.987530169200228
rs13265978,0.863392446011327
rs3808477,0.999945620829337
rs3802177,0.891413684011451
rs3886841,0.994299293762167
rs2980888,0.976760529343502
rs13275656,0.999774710668193
rs60183493,0.928111781941724
rs756145,0.999915496435291
rs1509202,0.993518076996606
rs1853413,0.978140329480277
rs10811257,0.971048117430458
rs113812836,0.999767771043168
rs2027071,0.989089550533417
rs7847285,0.966549575573127
rs296884,0.997086208073043
rs78682152,0.998079355160486
rs34397956,0.999268110346837
rs12236183,0.99414623006557
rs12686780,0.969575995876828
rs539849558,0.997016534984956
rs1883023,0.816721258781768
rs1800978,1.0
rs188540808,0.999034170304582
rs7020604,1.0
rs3025425,0.87917538401132
rs189235331,0.997151423494678
rs57994353,0.997891957113163
rs3736461,0.999964322984676
rs419515,0.949321664134133
rs1171617,0.999646458165742
rs1183347,0.849406543641597
rs148896216,0.961075268972378
rs117142812,0.997678132890437
rs12761779,0.999405709644783
rs550151798,0.999260041651469
rs6479797,0.999785073068674
rs61850862,0.963330625768774
rs13095,0.98254868176859
rs10761731,0.963567489906597
rs3829126,0.999800483099404
rs544313132,0.814348175628491
rs141439413,0.986658449341279
rs4746298,0.803553115445784
rs112778806,0.800435835821655
rs61860539,1.0
rs3781229,1.0
rs10882101,0.995429109626814
rs66468832,0.848736273952863
rs8211,0.997310886191234
rs2068888,0.966831265700608
rs3758537,0.865369923563307
rs7071043,0.993498842571175
rs117495829,0.995953612860072
rs563296,0.998282302667358
rs142389020,0.860570112872562
rs75398587,0.994951335666992
rs545684162,0.996476094684586
rs142055827,0.993107103083828
rs2792751,0.999237617684256
rs7898213,0.958859598967551
rs4285809,0.999573092263824
rs72821844,0.996710033782169
rs9421143,0.999722736762884
rs7094463,0.998547827928649
rs117992756,0.999804411507345
rs11575645,0.998984475537235
rs144875747,0.99695790889419
rs2484294,0.99774072491784
rs10787517,0.84294878093839
rs541852281,0.987345232573421
rs11600948,0.991050327601276
rs6486122,0.995538211744022
rs545250637,0.991469168722548
rs547923129,0.993132075128225
rs77408231,0.895260241561532
rs75461927,0.996917756139082
rs143247260,0.999908597119037
rs79229167,0.987567473147227
rs11605191,0.983939516429978
rs58678374,0.970564231432353
rs4603265,0.999044343809366
rs61884328,0.999954346281148
rs99780,0.979041304560034
rs2524299,0.955873479010519
rs2302364,0.989697227935793
rs148064439,0.882121659485015
rs10896076,0.987649304501551
rs801738,0.907442857464749
rs57893926,1.0
rs146937207,0.818196156815625
rs4930352,0.99853309374607
rs12419205,0.985266323607776
rs144718240,0.99942645115803
rs71457711,0.925877705454142
rs72938941,0.858349139864263
rs11228377,0.999969822479588
rs35337391,0.882552166743131
rs2450128,0.886867536749203
rs4945274,0.881727482195919
rs149119675,0.998895905081809
rs486058,0.999942165453131
rs74665267,0.996429569707312
rs3135507,1.0
rs181009570,0.825152418750051
rs534244812,0.99976942035849
rs111763202,0.886256806259969
rs138526953,0.999473202883069
rs12793214,0.991369785070594
rs1003081,0.99480777354154
rs2578475,0.968847026278079
rs80348882,0.993617647625511
rs4238013,0.999551674903407
rs11063343,0.999915660563296
rs148574276,0.999293898017957
rs111283292,0.941560567376598
rs11045171,0.943780922992751
rs4762753,0.938562228828628
rs11045247,0.960262895711677
rs112963925,0.998368736082773
rs76522875,0.994414715710787
rs10841679,0.972534980633553
rs7310939,0.912797641937913
rs35763453,0.97167285718222
rs183247999,0.9988381774907
rs7305461,0.998723300045865
rs565353773,0.999615436454072
rs2694912,0.923472153815786
rs35493121,0.934536765897663
rs11172124,0.997816773523067
rs7966846,0.999668628516409
rs2122982,0.985805199228275
rs56099423,0.998459637992493
rs76392986,0.985448793262661
rs184299046,0.926833734784942
rs189262745,0.999681261571575
rs138671583,0.995699072064577
rs73139054,0.978434304980923
rs189339,0.997079258242398
rs8756,0.992778980663802
rs1177578,0.949685399882742
rs181580501,0.998801477470104
rs7979683,0.991955812970579
rs317688,0.994009988061203
rs4761234,0.998723728145632
rs55941206,0.972851383826749
rs10861574,0.999911838254645
rs11615982,0.972145666890477
rs3782707,0.917960018105005
rs76687510,1.0
rs11113341,0.985465378266843
rs16940029,1.0
rs9788220,0.974370678488359
rs73227958,0.955260425098318
rs2017594,0.964762160513457
rs138555178,0.997069896933716
rs12369179,0.986430958929146
rs35483694,1.0
rs10773000,0.871861420204693
rs117209788,0.941478333256424
rs7133378,0.88587447744931
rs863750,0.99992244431921
rs61932248,0.992715087186205
rs4765167,0.999011051976359
rs11057837,1.0
rs56345834,0.960873891054246
rs1340819,0.999612484773447
rs9314912,0.987898757695654
rs61999321,0.99964098047893
rs4769027,0.939935508580371
rs55938666,0.996981806942685
rs2094711,0.99940825330602
rs1141362,0.975901737511679
rs1928496,0.941017110832457
rs55721043,0.999411210411411
rs1327645,0.999297912461112
rs797475,0.982217159061871
rs78054414,1.0
rs3861169,0.999587708744255
rs12868517,0.999521325077962
rs9556404,0.96997341712616
rs11848728,0.957873506652609
rs12880341,0.936545788666283
rs74346261,0.899911517909345
rs17225801,0.835603578936768
rs12892887,0.992634990645463
rs7142209,0.935678401945982
rs35477346,0.999963260354218
rs28453785,0.99992361010418
rs4924471,0.97288670598972
rs72735627,0.928845532746945
rs3189773,0.999731417579572
rs7175318,0.842161105196837
rs11634804,1.0
rs12917178,0.979953694874635
rs139974673,0.999707062132548
rs145940861,0.998836447334673
rs147233090,0.998697900870313
rs557886,0.998230922986681
rs184927591,0.997970805272585
rs143046400,0.95218767901401
rs117765456,0.96646020193805
rs72749499,0.997993887564783
rs8036945,0.998454781496093
rs12900038,0.899597681153963
rs531483282,0.997786459718812
rs28690720,0.94505613122075
rs1532085,0.993279421337125
rs12905732,0.930099532011018
rs2070895,0.997593513484832
rs121912502,1.0
rs150952015,0.916723086505272
rs541901190,0.999943279431859
rs187508828,0.916886740162831
rs146710168,0.999116664270665
rs8038648,1.0
rs17184382,0.990299007563118
rs11635675,0.998768254458778
rs138382933,0.927167498641996
rs138903638,0.998752519596013
rs1549854,0.999903899151763
rs4776793,0.916871219980434
rs3826043,0.998949725055122
rs478438,0.990284518091618
rs7175207,0.990749385951693
rs6598539,0.960528528352885
rs45562338,0.998079503391921
rs4965391,0.977109812095804
rs8025505,0.998999392040563
rs2050114,0.998908124506301
rs139629562,0.999402197039631
rs1637584,0.996806942173164
rs200841050,0.956949799951811
rs140421601,0.999964764604512
rs117133016,0.997632087131221
rs9302805,0.984264789121774
rs2072151,0.997706907663712
rs1684608,0.981736308139432
rs8059652,0.916241466398596
rs16963748,0.911015999880107
rs553416816,1.0
rs62038474,0.960972698727171
rs532717157,0.999690011724477
rs12928099,0.99845897050927
rs8052695,0.933480543899392
rs555164926,0.997391535989845
rs11860782,0.937904805853488
rs3814883,0.999622257828766
rs12928610,0.997307782737672
rs4889603,0.99961203516685
rs45471995,0.999994772390768
rs4783955,0.991579661883834
rs12448528,0.997145458511472
rs56156922,0.940243249732865
rs1864163,0.956090462223581
rs12720922,0.917148427852806
rs4784741,0.84116089717595
rs7405284,0.987462990076737
rs12444012,0.897779642423822
rs1801706,0.965268903157499
rs76894559,0.998090121691395
rs16958777,0.995446749008589
rs1437134,0.997560127283275
rs138061146,0.999159587593004
rs71398001,0.943312119296698
rs62055046,0.981708578593632
rs185449462,0.985785029307995
rs61733123,0.999447634360571
rs72801778,0.957553678361058
rs16973520,0.804033207128667
rs2000999,0.995998869497525
rs61483465,0.869142680294918
rs9923575,0.994931947078492
rs4788681,0.997934455736428
rs7185774,0.961887136760908
rs8061297,0.874945405991359
rs4471666,0.841835738717132
rs4843284,0.804503771658222
rs551915694,1.0
rs4782302,0.970435421552247
rs13336346,1.0
rs565211,0.958313474071927
rs764748110,0.974074779488052
rs28397577,0.813548254656116
rs9674799,0.967132226503427
rs34009049,0.986986040908843
rs536055318,0.999966996735548
rs2585278,0.998900464198897
rs7503142,0.997923757629206
rs146341032,0.999670297036615
rs36112254,0.960932914410242
rs373796125,0.999338698089273
rs12952846,0.99418847670474
rs186021206,0.996704154368828
rs55714927,1.0
rs200489612,0.999207297620104
rs2075230,0.99131012049023
rs62062618,0.863493744015254
rs552547627,0.999844833896706
rs712269,0.988260524626983
rs71372276,0.993429152402868
rs9902016,0.997287631658324
rs138749087,0.910336541259323
rs704,0.999812048826483
rs76250655,0.995888381539968
rs12945575,0.999514979099052
rs9892728,0.997457075132856
rs141488195,0.973819455007439
rs56400600,0.997702627462185
rs8067341,0.905189991397908
rs113905686,0.998425001467874
rs34814687,0.999934068582268
rs116910882,0.999285038280756
rs147596228,0.999687869157288
rs151019121,0.905286259082408
rs572619355,0.900449575480303
rs1010230,0.995937209590199
rs12603827,0.993441981676014
rs181416311,0.995805366478782
rs318093,0.959494056210567
rs2270574,0.82501210759721
rs112502960,1.0
rs138044030,0.99970089540015
rs184892430,0.999763359203431
rs1801689,0.999515147462471
rs8866,0.944557452647186
rs62084237,0.998404402964957
rs80200164,0.979396960219919
rs820235,0.828974319873576
rs3760128,0.962479224411154
rs6501872,0.887061751335006
rs347676,0.921627920569492
rs539293720,0.989887544347199
rs543450475,0.999742840754282
rs148944176,0.997956651845663
rs1057040,0.995582383809465
rs184742269,0.999498144368086
rs548071654,0.99007545434449
rs867939,0.998481074089264
rs28591408,0.985640985270541
rs1140458,0.91837709699586
rs68033110,1.0
rs10426930,0.981231840093979
rs2620849,0.80899407548345
rs78313261,0.977222200633353
rs10425626,0.988750319838424
rs12986323,0.99340741318776
rs111500536,0.990103570125705
rs140744493,0.999691489987496
rs754671,0.863562062733506
rs12976821,0.800954315937239
rs56322906,0.98835965083431
rs167479,0.999913400228769
rs160913,0.916784471139371
rs187429064,0.990300456525599
rs17751061,0.999801969915243
rs75916629,0.856779473441132
rs73024215,1.0
rs4805881,0.900004500914242
rs3786920,0.994291191066413
rs73041147,0.986347182275195
rs2081964,0.995861467895515
rs55654579,0.990004354455318
rs4805059,0.946153845032705
rs551810,0.914942112878493
rs12973037,0.997465513250792
rs561772033,1.0
rs41523449,0.996191722397829
rs58895965,0.99193357585308
rs17705291,0.999732488471277
rs141521140,0.958219167489099
rs139829805,0.999099822447537
rs67568271,0.999924066530476
rs6508974,0.999964790857075
rs10402946,0.993874577481101
rs769446,0.995070427145852
rs7412,0.906052894457909
rs5117,0.987888047358302
rs11879392,0.992427449783276
rs2238689,1.0
rs7257625,0.988133250247601
rs41275764,0.999877006869959
rs2075144,0.872439827531187
rs59774409,0.993359690441568
rs74408320,0.828616301018259
rs1545474,0.994771143613743
rs73070934,0.998839630261996
rs12151142,0.999968320976662
rs12610709,0.998301588606672
rs116951440,0.998136044313753
rs57830114,0.998645519018964
rs2870132,0.999762152718375
rs6029032,0.963456972347278
rs56298400,0.996025956557708
rs11574732,0.998494863147156
rs117728211,0.999974805384998
rs4812975,0.802354577887782
rs6065906,0.984814356189175
rs73128563,0.99872820008868
rs62215622,0.999107155829732
rs141140319,0.999974129286259
rs1412957,0.851123464650375
rs6066138,0.982866328481749
rs1206811,0.979392298744616
rs17733118,0.992464199906206
rs6068280,0.995345262803162
rs2741363,0.990505405471201
rs56905979,0.932295414514572
rs7274718,0.980681157589243
rs41302559,0.999920397157116
rs185782620,0.999817495778948
rs4810131,0.998104301664311
rs1139147,0.913886610728966
rs2427535,0.995734205125889
rs817331,1.0
rs76917639,0.996448891302402
rs144544179,0.998819601080274
rs56031603,0.990744245033922
rs186876183,0.995614205165493
rs2071887,0.992425135428613
rs5757251,0.867533014132137
rs5757318,0.999892759761374
rs150296091,0.999714114172355
rs4253674,0.956396790965715
rs113658408,0.938709717395404
