rs114165349,1.0
rs34928032,1.0
rs76207570,1.0
rs182799,1.0
rs138044070,1.0
rs12124281,0.999999764368921
rs10889357,1.0
rs2802470,0.9999999999999865
rs375061957,0.9999957680139682
rs79191723,1.0
rs237439,0.9999999999804072
rs12740374,0.9999999999617576
rs532770806,1.0
rs12138136,0.9996955740911972
rs267738,1.0
rs12074309,1.0
rs6425470,1.0
rs4132813,1.0
rs142638840,1.0
rs2014202,1.0
rs4951587,1.0
rs10863469,1.0
rs1335920,0.813106544975924
rs371497698,1.0
rs12065546,0.9999999999999964
rs10127775,0.9999957715464114
rs16851339,0.9424512293327288
rs558971,1.0
rs2802929,0.9999999018349126
rs3820897,1.0
rs2090032,1.0
rs77198935,1.0
rs676210,1.0
rs533617,1.0
rs57415181,1.0
rs11689222,1.0
rs116224672,1.0
rs11883967,1.0
rs6737853,1.0
rs564689693,1.0
rs7562358,1.0
rs6730157,1.0
rs374762834,0.9999995852090344
rs2111485,0.9999999999797704
rs1128249,0.9998124747820306
rs7607980,1.0
rs36120543,0.9985910990359048
rs1971739,1.0
rs143429805,1.0
rs2943648,1.0
rs62188790,1.0
rs12479355,1.0
rs59916403,1.0
rs552236311,0.9999999999999858
rs79187649,1.0
rs12485478,1.0
rs11719186,1.0
rs144473262,1.0
rs114933663,1.0
rs11926707,1.0
rs535620250,1.0
rs115787626,1.0
rs558765724,1.0
rs7609971,1.0
rs199956414,1.0
rs113582976,1.0
rs62253653,1.0
rs11710394,1.0
rs79983121,1.0
rs199976281,1.0
rs9647335,1.0
rs3821445,1.0
rs9844972,1.0
rs355781,1.0
rs355784,1.0
rs1086056,1.0
rs900399,1.0
rs10513801,1.0
rs9826842,1.0
rs67059110,1.0
rs260961,1.0
rs13140674,1.0
rs11727127,1.0
rs182987926,1.0
rs188349355,0.8491838137469738
rs1902023,1.0
rs2175766,1.0
rs2705616,1.0
rs13120301,1.0
rs2035403,1.0
rs768878914,1.0
rs28470922,1.0
rs6836299,1.0
rs2711896,0.9999999998366418
rs1045242,0.9999999999979334
rs7725218,1.0
rs9762928,0.9999999999999856
rs35673135,1.0
rs34265887,1.0
rs78246536,1.0
rs112604483,1.0
rs40270,1.0
rs464605,1.0
rs456605,0.9999999997456605
rs3936511,0.9999999996746188
rs890793,1.0
rs4958745,1.0
rs10057967,1.0
rs28872818,1.0
rs6556405,1.0
rs55834535,1.0
rs137861360,1.0
rs79997868,1.0
rs185477566,1.0
rs325481,1.0
rs12516065,1.0
rs17528178,1.0
rs60197479,0.9999999992603082
rs114760566,1.0
rs6900188,0.9999999999999982
rs3800406,0.9999960446870472
rs9394287,1.0
rs62406510,1.0
rs12175469,1.0
rs117960583,1.0
rs9472125,0.9996434350276876
rs553066521,1.0
rs572660446,1.0
rs149424314,1.0
rs2104032,1.0
rs1967685,1.0
rs6924387,1.0
rs12205687,1.0
rs11155116,0.9634085612577922
rs62428831,1.0
rs9371709,1.0
rs9456508,1.0
rs2457548,1.0
rs9365172,1.0
rs571848809,0.999986406516806
rs117174672,0.8232849945950896
rs111657849,1.0
rs9306,1.0
rs10233430,0.9999999084103316
rs4917014,1.0
rs12538084,1.0
rs6960460,1.0
rs799157,1.0
rs35493868,0.9999999093201004
rs374074576,0.9962048405335372
rs2190716,1.0
rs909152,1.0
rs112000879,1.0
rs2106727,1.0
rs17138358,1.0
rs13224298,1.0
rs257372,1.0
rs36153397,1.0
rs36177883,1.0
rs2700892,1.0
rs62486442,1.0
rs1470186,1.0
rs264,1.0
rs28597716,1.0
rs79821925,0.9976758413083686
rs531154338,0.8757484185005551
rs144376667,0.999999989842268
rs5017033,1.0
rs13269725,1.0
rs143939515,1.0
rs76801993,1.0
rs2103481,1.0
rs722740,1.0
rs13278395,0.9999999999996612
rs1586789,0.9999995090527894
rs72700426,1.0
rs10992376,1.0
rs117388901,1.0
rs2777802,1.0
rs17459044,1.0
rs532436,1.0
rs3094324,0.9339710006146084
rs691831,1.0
rs7894790,1.0
rs2804894,1.0
rs7076198,1.0
rs11239588,1.0
rs7895610,1.0
rs9787438,1.0
rs11002626,1.0
rs1250603,1.0
rs2475014,1.0
rs55843714,1.0
rs1223494,1.0
rs475890,1.0
rs2862954,1.0
rs12784396,1.0
rs2792751,1.0
rs4573621,0.957235080697335
rs55875049,1.0
rs7095402,1.0
rs72823040,1.0
rs4450131,1.0
rs10840496,1.0
rs16928809,1.0
rs10840518,1.0
rs7121538,1.0
rs559413579,1.0
rs12273363,1.0
rs77756595,1.0
rs562763773,0.978976951344193
rs55971594,0.9860369812138986
rs58561056,0.9997847656132371
rs572916401,1.0
rs115465236,1.0
rs12798346,1.0
rs12418150,0.9949455222881703
rs370582456,1.0
rs112910373,1.0
rs174567,1.0
rs3802932,1.0
rs1195968,1.0
rs6591179,1.0
rs2306363,1.0
rs1203747,1.0
rs801738,1.0
rs56147726,0.9999984443307196
rs34469991,1.0
rs11607368,1.0
rs190524847,1.0
rs1219550,1.0
rs11226002,0.9999999999997748
rs4356188,1.0
rs78153411,1.0
rs3135506,0.9999999999999996
rs61907566,1.0
rs10790250,1.0
rs79047914,1.0
rs1622638,0.9999916773804212
rs58473820,1.0
rs112771035,1.0
rs10774439,1.0
rs60749113,1.0
rs11045172,0.9993506382890652
rs7488780,1.0
rs7134150,1.0
rs7970141,1.0
rs4332553,1.0
rs113397893,1.0
rs191923869,0.9999822644732284
rs2229357,1.0
rs710629,1.0
rs10861661,1.0
rs7308864,1.0
rs7296044,1.0
rs72650673,1.0
rs7313892,1.0
rs182350076,1.0
rs535267270,1.0
rs61942275,1.0
rs556699210,0.9020079975566476
rs10849891,1.0
rs35892692,1.0
rs551168298,1.0
rs116896792,1.0
rs10847446,1.0
rs488635,1.0
rs11060725,1.0
rs191684799,1.0
rs10773000,1.0
rs117209788,1.0
rs863750,1.0
rs865716,1.0
rs5891,0.9999999999999978
rs61941677,1.0
rs11615630,0.9999999999919308
rs7978985,1.0
rs7298751,0.9992715593134762
rs9554263,1.0
rs693856,1.0
rs4556695,0.9999999999999992
rs9596267,1.0
rs243286,1.0
rs35205467,1.0
rs4899534,1.0
rs9646167,1.0
rs2494748,1.0
rs10144641,1.0
rs28624578,0.9999999999998596
rs11630209,1.0
rs17677757,1.0
rs547575932,1.0
rs12914570,1.0
rs578216046,1.0
rs147233090,1.0
rs3751542,1.0
rs12915952,1.0
rs145829831,1.0
rs146159842,1.0
rs34675318,1.0
rs3853789,0.9999999999998976
rs11075253,0.9999999999999988
rs201149124,1.0
rs566987771,1.0
rs55905085,1.0
rs141646804,0.9999166406408444
rs144292093,0.8554981631478177
rs74518630,0.9020764774021228
rs708273,0.999995681979974
rs554834059,1.0
rs61749484,1.0
rs8059990,1.0
rs113563886,1.0
rs8057577,0.9999999914573884
rs141537522,1.0
rs77631377,1.0
rs55862211,1.0
rs6499459,1.0
rs7203896,1.0
rs2925994,1.0
rs4843746,1.0
rs11640494,1.0
rs56044345,1.0
rs241776,1.0
rs2011614,1.0
rs1877031,1.0
rs34073687,1.0
rs11655655,1.0
rs74322397,1.0
rs567378197,1.0
rs139009564,1.0
rs150055076,1.0
rs117499775,0.9999999999884116
rs12941262,1.0
rs34931250,1.0
rs8074332,1.0
rs57453217,1.0
rs8094772,1.0
rs181402341,1.0
rs150237291,1.0
rs74558535,0.999994691980279
rs78349695,1.0
rs2187375,1.0
rs56207265,0.9956709131211156
rs28778033,1.0
rs1617958,1.0
rs66723169,1.0
rs76124029,1.0
rs4337394,1.0
rs12978130,1.0
rs4804833,0.9999999999999818
rs62117488,1.0
rs35137994,1.0
rs140744493,0.9064859493121424
rs4804572,1.0
rs12974711,0.9998323031832927
rs3810308,1.0
rs2278426,0.9999999999999956
rs707656,1.0
rs4805881,0.999999999998654
rs430752,1.0
rs2431413,1.0
rs4802113,1.0
rs7412,0.9994190969536594
rs4802271,1.0
rs34514836,1.0
rs35605694,1.0
rs8100486,1.0
rs416867,1.0
rs1132274,1.0
rs6047725,1.0
rs12624640,1.0
rs146006879,1.0
rs2069940,1.0
rs2743402,1.0
rs2261138,1.0
rs56202576,0.9223342785285652
rs2281279,1.0
rs4239651,0.8195202659287034
rs111783138,0.9993813425446514
rs4811334,1.0
rs185799410,1.0
rs8126001,1.0
rs532530638,1.0
rs7281200,0.9999999999998718
rs235314,1.0
rs693101,1.0
rs193474,1.0
rs4820324,0.9999999999999984
rs5757126,1.0
rs4821850,1.0
