rs34071855,1.0
rs61778886,0.9999999999999982
rs1293267,1.0
rs75460349,1.0
rs138483078,0.9999998384741448
rs17111503,1.0
rs150119739,0.8635789620361176
rs472495,0.999999999976626
rs562394753,0.8609125134569159
rs565120608,0.982063409170621
rs12124281,0.999999998708118
rs11208004,1.0
rs6661966,1.0
rs2391177,1.0
rs2692707,0.999674294445833
rs115049444,1.0
rs115823613,0.999953449627888
rs12402346,1.0
rs149762771,1.0
rs17625587,1.0
rs1434282,1.0
rs2642438,1.0
rs11118648,1.0
rs6586405,0.9999995174292312
rs496800,1.0
rs10910521,0.9996653868370544
rs28631087,1.0
rs1107851,1.0
rs2058553,1.0
rs139095428,0.8966651236093959
rs11679423,0.9999998443157626
rs140210234,0.8848184710003824
rs536353669,1.0
rs140943736,1.0
rs72653083,0.9999735280091876
rs1367117,0.9992405228705472
rs581411,0.9999999999982948
rs144545816,0.995097141302192
rs13030345,0.8616475681418905
rs4616436,1.0
rs62140395,1.0
rs13414390,0.9879839970363228
rs111559090,0.9990128492098042
rs141828689,1.0
rs6544713,1.0
rs4148217,1.0
rs189671,1.0
rs2710644,1.0
rs11694709,1.0
rs7572443,1.0
rs826522,1.0
rs148739467,0.9999999999999882
rs6728095,1.0
rs80261410,1.0
rs10195252,1.0
rs2389606,1.0
rs7569317,1.0
rs140201293,1.0
rs78198652,1.0
rs147667955,0.9999999999997006
rs9834932,1.0
rs371239130,1.0
rs71311898,1.0
rs334558,1.0
rs9867075,1.0
rs112880875,1.0
rs113177823,1.0
rs11709868,1.0
rs13108218,1.0
rs1458038,1.0
rs148151569,1.0
rs183128788,1.0
rs7734476,1.0
rs115018790,1.0
rs78097695,1.0
rs6882076,1.0
rs2235215,0.9999999551144142
rs7752351,1.0
rs1799945,1.0
rs1800562,1.0
rs76967117,1.0
rs3800406,0.9999999998964658
rs17185536,1.0
rs4946132,1.0
rs9376091,0.991751573700876
rs594709,0.9999999999999708
rs549975194,1.0
rs7452960,1.0
rs6938647,0.994317654508596
rs186696265,1.0
rs191108153,1.0
rs3846778,1.0
rs2527797,0.9999999999998797
rs17725246,1.0
rs372127147,1.0
rs117601013,1.0
rs6461567,1.0
rs55696093,1.0
rs5743329,1.0
rs9638924,1.0
rs370876503,0.9433098828224346
rs1495741,1.0
rs4599828,1.0
rs10105267,1.0
rs113407467,0.9999999999630056
rs4738684,1.0
rs76026936,1.0
rs7832326,1.0
rs2737265,1.0
rs4457349,1.0
rs1140522,1.0
rs55831924,1.0
rs10811653,1.0
rs3780538,1.0
rs2740488,1.0
rs13289095,0.9999991857022212
rs115478735,1.0
rs2811767,1.0
rs41274050,0.8537747468306198
rs16926246,0.9819461543581378
rs61875241,1.0
rs55843714,1.0
rs11596950,1.0
rs2039015,1.0
rs6585139,1.0
rs72823040,1.0
rs12792460,1.0
rs174554,1.0
rs7104378,1.0
rs115739682,0.9977966981727924
rs2239013,0.9998196994934888
rs11216288,1.0
rs530885291,1.0
rs4307732,1.0
rs755295110,1.0
rs4768951,0.9999999931109342
rs148198170,1.0
rs12313306,1.0
rs597808,1.0
rs233716,1.0
rs11065385,1.0
rs9534270,1.0
rs206324,1.0
rs6602911,1.0
rs11621792,1.0
rs141901429,1.0
rs192511506,1.0
rs261291,0.9999999999999764
rs2168519,1.0
rs201806387,1.0
rs62048481,1.0
rs11649088,1.0
rs7205804,1.0
rs12708974,1.0
rs7499892,1.0
rs145090930,1.0
rs149573971,0.9599877890034186
rs141818649,0.999762950098057
rs113178775,1.0
rs3213419,0.9999999999998064
rs251032,1.0
rs77303550,1.0
rs3794695,1.0
rs11149612,1.0
rs545779157,1.0
rs55714927,1.0
rs2908806,0.8249852389752493
rs704,1.0
rs58744622,0.9999857322786356
rs3890414,1.0
rs7209010,1.0
rs1801689,0.9999999999999512
rs76321556,1.0
rs57453217,1.0
rs145068490,1.0
rs62100213,1.0
rs571724206,0.9999999999999988
rs17001002,0.9417033500547602
rs10415811,1.0
rs12151108,0.9999995728777824
rs8110695,0.9999999858810088
rs3745677,1.0
rs2738464,0.9999999985765028
rs117590032,1.0
rs145788754,1.0
rs12461072,1.0
rs58542926,1.0
rs187429064,1.0
rs59997068,1.0
rs191145503,0.9999998708865228
rs144814951,1.0
rs139898443,1.0
rs182536799,1.0
rs12975162,1.0
rs11666505,0.9503425557973962
rs2239378,0.9999999999724268
rs556584398,1.0
rs34851490,1.0
rs376524,1.0
rs681343,1.0
rs12327578,1.0
rs35081008,1.0
rs6088880,1.0
rs34570172,1.0
rs6016363,1.0
rs6029568,1.0
rs59596298,1.0
rs6072358,1.0
rs6073958,1.0
rs140775622,1.0
rs738146,1.0
rs9611440,1.0
