rs646776,0.9945
rs6671289,0.99998
rs143135527,0.969104
rs192322708,0.944736
rs554286521,0.863236
rs628462,0.923812
rs606240,0.918884
rs776907,0.861016
rs11121641,0.928232
rs79231841,0.89802
rs12066671,0.926136
rs77162488,0.99998
rs76065586,0.846024
rs1738468,0.986624
rs16828576,0.949296
rs9424389,0.946376
rs537002152,0.951208
rs140397035,0.99614
rs6667939,0.940084
rs1434282,0.945324
rs150974004,0.874312
rs12057656,0.85096
rs138483078,0.981788
rs4500361,0.847032
rs7523242,0.971232
rs17111503,0.987168
rs45613943,0.908772
rs553682442,0.963884
rs505151,0.938612
rs116643062,0.890352
rs570635280,0.934588
rs561018840,0.964668
rs564113895,0.860176
rs139228546,0.902912
rs183219154,0.99144
rs562394753,0.887012
rs192377745,0.851432
rs146750879,0.972716
rs138574111,0.934464
rs11580560,0.93306
rs111325573,0.986988
rs529738415,0.979952
rs181491842,0.967432
rs138573453,0.898488
rs565120608,0.985068
rs12133898,0.92066
rs2994564,0.903268
rs34667518,0.85282
rs186595931,0.937176
rs61772751,0.998488
rs61772578,0.996
rs190901731,0.817244
rs188273166,0.987728
rs551459670,0.99998
rs2642438,0.931236
rs17850677,0.988844
rs11118607,0.990156
rs143030586,0.99998
rs190406186,0.875812
rs11118618,0.987988
rs144046623,0.932332
rs17597619,0.95088
rs184156815,0.907432
rs7532154,0.885708
rs61820077,0.974204
rs549777175,0.84552
rs199958231,0.97932
rs150328508,0.966816
rs12117480,0.974568
rs11803414,0.95626
rs74652737,0.984088
rs4970713,0.856084
rs141343784,0.998808
rs145741908,0.979824
rs10874778,0.857404
rs11581076,0.976272
rs11577992,0.930288
rs7543281,0.891032
rs72749998,0.949932
rs556107,0.912336
rs2582655,0.919212
rs115004614,0.884212
rs10910521,0.932188
rs3738622,0.952024
rs3924208,0.904844
rs547953779,0.99998
rs182298482,0.99998
rs4970764,0.99998
rs2272272,0.934876
rs545483260,0.979032
rs6695879,0.864748
rs184274669,0.982688
rs115823613,0.980848
rs12402346,0.917172
rs14184,0.97418
rs563159931,0.976556
rs61797155,0.93372
rs892511,0.9616
rs541070421,0.990756
rs12023950,0.849776
rs61681146,0.941456
rs115827280,0.97392
rs115113608,0.822704
rs143373095,0.914736
rs114804066,0.96934
rs150732584,0.953448
rs77755233,0.943056
rs555735132,0.911012
rs72941196,0.847608
rs13390694,0.90364
rs2090034,0.86448
rs3771255,0.908864
rs3771241,0.877788
rs112607834,0.814416
rs142647522,0.893864
rs111769638,0.972752
rs62122117,0.981528
rs9679195,0.898312
rs111938177,0.927172
rs145760237,0.957768
rs151159031,0.986608
rs193290186,0.888588
rs184924640,0.946836
rs76893106,0.98422
rs634177,0.962292
rs55828515,0.999452
rs72784371,0.99998
rs11679386,0.948856
rs188968722,0.972352
rs145342997,0.83748
rs193195705,0.881516
rs185930747,0.995028
rs116707622,0.950936
rs17050272,0.99998
rs6716887,0.894044
rs752684074,0.990412
rs150846673,0.887732
rs193055334,0.988476
rs1042023,0.81524
rs533617,0.950092
rs1801699,0.841704
rs184507838,0.994808
rs1367117,0.853272
rs934197,0.876016
rs563222733,0.942388
rs138158572,0.97234
rs191341651,0.983768
rs138520520,0.971992
rs2460383,0.819092
rs139862947,0.944352
rs3791298,0.99998
rs181194366,0.965596
rs186276928,0.989628
rs62170258,0.973476
rs1375131,0.9759
rs567461635,0.898028
rs116082976,0.982304
rs142787485,0.993048
rs150700942,0.984992
rs551248763,0.99998
rs112421794,0.977752
rs11126666,0.88318
rs1662989,0.816592
rs62129551,0.938412
rs529223935,0.959876
rs145169631,0.99998
rs35270436,0.975452
rs187661622,0.908964
rs530414062,0.809084
rs116561716,0.979236
rs193242330,0.957168
rs4988235,0.884296
rs6714750,0.99998
rs16832624,0.883564
rs542374805,0.99998
rs4665972,0.955636
rs1647281,0.99058
rs13030345,0.971236
rs111700498,0.99998
rs115682245,0.830472
rs186145178,0.968108
rs541967471,0.991852
rs112748756,0.8992
rs115788671,0.958188
rs12990177,0.940964
rs150893163,0.82648
rs116668437,0.837108
rs190866081,0.975808
rs114455853,0.883376
rs145437024,0.883792
rs13414390,0.902512
rs79720706,0.898388
rs76859622,0.907308
rs10203287,0.986948
rs74989476,0.90072
rs10495907,0.975408
rs111559090,0.958468
rs141828689,0.994008
rs75331444,0.904596
rs76866386,0.95032
rs6544718,0.835424
rs140320454,0.931232
rs563289130,0.96434
rs150892246,0.98626
rs180935782,0.986096
rs73026592,0.976528
rs3770588,0.885972
rs12692889,0.902076
rs149297721,0.9842
rs182752720,0.944828
rs186734158,0.99998
rs138527555,0.811196
rs7568307,0.888264
rs11687854,0.899964
rs576426825,0.99998
rs12991429,0.989484
rs13410775,0.924572
rs55647232,0.828392
rs62193906,0.916868
rs77319662,0.959432
rs145327575,0.896736
rs10208580,0.800908
rs72928906,0.952784
rs6712108,0.815124
rs532712948,0.960268
rs183112082,0.988876
rs62183744,0.91794
rs542990238,0.99998
rs112165044,0.904448
rs531115349,0.946984
rs56236752,0.887636
rs184888785,0.931692
rs185609316,0.951124
rs76605442,0.99998
rs534454355,0.992412
rs78725257,0.921072
rs140201293,0.982592
rs2465520,0.999808
rs74267888,0.877268
rs181280254,0.927544
rs78769094,0.859288
rs17027446,0.994388
rs142652801,0.902444
rs77140823,0.955196
rs189275745,0.930852
rs191693836,0.95022
rs34287081,0.920004
rs4674271,0.902384
rs776918326,0.99998
rs115997322,0.980872
rs13391398,0.811012
rs690877,0.853756
rs71425241,0.940276
rs147940023,0.944064
rs34515783,0.988296
rs115611858,0.929872
rs182495762,0.91842
rs17868320,0.830904
rs138192199,0.882236
rs143954229,0.981916
rs150474434,0.953924
rs72952729,0.905064
rs540634087,0.932236
rs531684870,0.957536
rs144509455,0.983936
rs562672432,0.8228
rs111833688,0.903676
rs62620196,0.957512
rs151128348,0.959948
rs434072,0.99998
rs12632224,0.827212
rs762125286,0.970968
rs1920650,0.97262
rs116466111,0.986416
rs543519752,0.99998
rs9834932,0.839944
rs57815548,0.95512
rs533879410,0.944808
rs149256259,0.994864
rs2624847,0.99886
rs2526385,0.959176
rs75987913,0.977432
rs150401797,0.9137
rs35975336,0.94306
rs149158239,0.99816
rs139176825,0.995352
rs6786207,0.99032
rs76692308,0.94204
rs114747919,0.98222
rs72548714,0.931588
rs528551681,0.98678
rs113177823,0.85774
rs80120242,0.964604
rs561691839,0.948588
rs114490720,0.928996
rs192881033,0.99998
rs181713899,0.830016
rs11709868,0.962752
rs9844683,0.964316
rs544490874,0.965228
rs11711618,0.91778
rs148073117,0.929608
rs143687711,0.99998
rs77754271,0.854068
rs1203118,0.83842
rs150750289,0.942156
rs13108218,0.991836
rs75501914,0.9763
rs10002108,0.860076
rs2498328,0.801448
rs77010415,0.883632
rs1281150,0.95428
rs111285143,0.955748
rs73225289,0.97586
rs12499267,0.957236
rs75859889,0.928116
rs4860948,0.912348
rs142285000,0.94154
rs565090043,0.99998
rs989075,0.97006
rs185620092,0.872952
rs111617320,0.91134
rs538587975,0.83014
rs1458038,0.98058
rs112644297,0.86376
rs4699730,0.922648
rs1229984,0.982608
rs1229849,0.962244
rs528791157,0.888596
rs150208378,0.886596
rs140534653,0.995532
rs182789399,0.96476
rs80293734,0.97686
rs576642415,0.98454
rs7674411,0.978008
rs34592089,0.94086
rs137909890,0.941976
rs151477,0.945224
rs13107325,0.982472
rs62327953,0.832008
rs12513257,0.815916
rs73837224,0.99998
rs575480729,0.929756
rs41280463,0.964064
rs6054,0.937744
rs144930207,0.980248
rs185240714,0.888672
rs2936574,0.863856
rs76772826,0.98038
rs1379263,0.809232
rs10051260,0.925696
rs3846662,0.93666
rs12916,0.969712
rs542268295,0.984928
rs140798829,0.968532
rs888789,0.988052
rs3797580,0.967528
rs2307111,0.946804
rs74343614,0.946404
rs116541114,0.99998
rs116176469,0.904492
rs144185762,0.99998
rs116178369,0.866608
rs140955898,0.96514
rs190384097,0.81276
rs1002541,0.805324
rs13164755,0.994292
rs6896075,0.949936
rs2407858,0.87582
rs139712821,0.997752
rs80084217,0.901196
rs570651698,0.92738
rs32385,0.983864
rs72799001,0.98634
rs79004990,0.972968
rs191412437,0.89762
rs75359579,0.847904
rs256845,0.9929
rs17053595,0.929812
rs4704727,0.85688
rs4704825,0.844508
rs1393206,0.866468
rs17054136,0.863128
rs7726556,0.97294
rs146902872,0.854736
rs753289092,0.99998
rs149236204,0.971496
rs235146,0.962536
rs146716937,0.952216
rs184846507,0.99998
rs6931223,0.943992
rs116042783,0.884444
rs80215559,0.910968
rs7752351,0.936524
rs112555759,0.827288
rs575711612,0.9539
rs79577746,0.80864
rs12208357,0.987252
rs4646272,0.946172
rs614890,0.86524
rs73025562,0.971384
rs662138,0.97954
rs185297860,0.936816
rs549975194,0.94894
rs114067707,0.9602
rs7452960,0.898748
rs112842440,0.99666
rs12194138,0.941968
rs760823135,0.987572
rs548743813,0.972936
rs118039278,0.949944
rs62441903,0.958956
rs12525447,0.91818
rs74617384,0.902312
rs1799945,0.870328
rs1800562,0.917888
rs198851,0.856984
rs9467715,0.951788
rs55730499,0.880852
rs140570886,0.975124
rs2315065,0.883248
rs186696265,0.952552
rs73015965,0.861356
rs28871637,0.9521
rs4252191,0.923056
rs551938102,0.936592
rs184379833,0.927192
rs192965253,0.961852
rs112540634,0.93674
rs13207848,0.99998
rs3800406,0.959924
rs4713841,0.866704
rs139130987,0.99854
rs9368897,0.834392
rs7750614,0.950832
rs184588623,0.99998
rs78437964,0.950204
rs72940315,0.92766
rs78677597,0.85736
rs187854920,0.859684
rs145539158,0.974108
rs4946132,0.827636
rs575521931,0.998948
rs7751754,0.8856
rs569086022,0.982564
rs7741021,0.85484
rs188373739,0.89082
rs534804093,0.922104
rs13218247,0.90392
rs9399136,0.807948
rs79197902,0.850516
rs138291764,0.974964
rs533024227,0.909336
rs189943778,0.957524
rs144787122,0.944732
rs62444161,0.899
rs76746389,0.953864
rs1183079,0.965428
rs141286514,0.934428
rs117903679,0.95282
rs376622893,0.96938
rs150931657,0.922848
rs531092089,0.972808
rs484199,0.825224
rs314294,0.975004
rs13222935,0.907368
rs547772172,0.884924
rs6978922,0.893824
rs56099083,0.865888
rs73066466,0.992456
rs62445900,0.894916
rs35803101,0.968864
rs17725246,0.854384
rs10260606,0.969504
rs56190306,0.877896
rs56258112,0.952252
rs118151630,0.985036
rs6968130,0.991988
rs2302429,0.979676
rs2059536,0.803044
rs10095172,0.918864
rs55831924,0.99998
rs12334749,0.86096
rs67714660,0.970868
rs11985815,0.80458
rs116857678,0.97642
rs45607939,0.961496
rs59425734,0.838696
rs145918548,0.90594
rs189349063,0.921536
rs148408496,0.99998
rs117139027,0.99998
rs79050694,0.90434
rs55870437,0.94698
rs116740377,0.999916
rs67474730,0.99998
rs9297994,0.923284
rs10097153,0.901628
rs149561242,0.955956
rs7845446,0.979088
rs4375041,0.951952
rs2737245,0.866288
rs2737252,0.933476
rs181248645,0.99998
rs150460783,0.966372
rs4870941,0.837476
rs13271368,0.918728
rs2980888,0.8732
rs2954038,0.997948
rs62521592,0.884948
rs35393571,0.94326
rs3780181,0.928672
rs113908700,0.817484
rs12347336,0.992844
rs686030,0.974616
rs10810374,0.973732
rs2798745,0.9601
rs555716270,0.97972
rs189196523,0.90142
rs188432581,0.843904
rs118133275,0.90624
rs2026626,0.976236
rs10811483,0.81458
rs78743126,0.970124
rs532637241,0.95008
rs117201519,0.973056
rs149489747,0.934112
rs559869036,0.995316
rs3218009,0.948992
rs6475606,0.973584
rs147637919,0.931884
rs117368182,0.987724
rs555228476,0.95998
rs4149307,0.958356
rs9282543,0.961036
rs145183203,0.945184
rs73664375,0.888808
rs12336266,0.949352
rs9697210,0.86468
rs189899420,0.969372
rs578197468,0.958428
rs145010004,0.974684
rs62585605,0.976876
rs7022841,0.93912
rs76324624,0.990176
rs532436,0.958328
rs28497215,0.950316
rs71505203,0.810384
rs116807965,0.81486
rs182832205,0.99998
rs2211630,0.992256
rs573426595,0.909528
rs12259370,0.974644
rs188558427,0.896688
rs550524603,0.825232
rs10904968,0.987308
rs145654632,0.99998
rs543113556,0.976736
rs77550209,0.918516
rs12573609,0.890196
rs149318936,0.922712
rs10900224,0.886152
rs190536463,0.929084
rs56231310,0.966448
rs80276949,0.8843
rs11006369,0.854876
rs56390945,0.84876
rs41274050,0.962636
rs182170161,0.883436
rs16926246,0.94576
rs17476364,0.978664
rs10887589,0.882304
rs10444050,0.802796
rs11202167,0.832212
rs150703460,0.878184
rs3793899,0.990884
rs565239711,0.99998
rs76146433,0.8324
rs4418728,0.935248
rs181328485,0.948612
rs80160751,0.99998
rs17580483,0.99998
rs112527609,0.967156
rs3750717,0.951564
rs4919431,0.942476
rs188488369,0.896324
rs17668255,0.863856
rs146867461,0.990636
rs11190494,0.94568
rs117005510,0.987456
rs2792744,0.965828
rs12571496,0.902544
rs12416473,0.993484
rs138929350,0.994472
rs11195909,0.98784
rs74563318,0.937752
rs72821850,0.97978
rs2306158,0.961812
rs11195960,0.96036
rs572647541,0.969376
rs290476,0.909792
rs4917645,0.959648
rs11599737,0.99998
rs142828623,0.904296
rs1106056,0.958184
rs185880608,0.977572
rs56010007,0.99998
rs595629,0.99998
rs695112,0.810636
rs11236519,0.818992
rs137920626,0.922596
rs190139540,0.810776
rs58703603,0.883744
rs72846765,0.891016
rs2839703,0.96984
rs140017308,0.905652
rs12099223,0.966496
rs12282937,0.99172
rs118075011,0.997008
rs163182,0.9428
rs560014658,0.888672
rs183243313,0.970012
rs390266,0.883264
rs1661052,0.987672
rs7124487,0.985692
rs4757628,0.924624
rs112194672,0.976668
rs573772547,0.931492
rs1055447,0.959836
rs564825831,0.950052
rs75958295,0.807416
rs182103465,0.985788
rs149157691,0.924672
rs147983324,0.988936
rs555275314,0.99998
rs1227995,0.851648
rs174564,0.883792
rs174576,0.974364
rs2727265,0.938548
rs11605884,0.995756
rs2524287,0.950684
rs149515523,0.987176
rs563551786,0.992296
rs147058959,0.996204
rs144589593,0.963396
rs772825584,0.961904
rs148176735,0.994604
rs6591179,0.990848
rs4647594,0.97436
rs112217205,0.997612
rs10750766,0.993652
rs190628862,0.99998
rs79062509,0.99998
rs56223081,0.997672
rs78907441,0.989724
rs41302425,0.99716
rs34419890,0.99998
rs2266788,0.936612
rs2072560,0.921232
rs3135506,0.9237
rs45611741,0.92188
rs75542613,0.812964
rs73006507,0.979624
rs73008513,0.996904
rs11216288,0.887212
rs504068,0.979756
rs2735181,0.970512
rs112111936,0.975968
rs2269398,0.972136
rs1263499,0.9692
rs530248369,0.964192
rs536339974,0.947392
rs182455300,0.997852
rs147611518,0.980848
rs3889572,0.8659
rs11821276,0.957504
rs6589939,0.969476
rs73020255,0.890968
rs58553661,0.975004
rs8177399,0.962956
rs181897168,0.949068
rs59379014,0.842148
rs74612335,0.928744
rs4307732,0.95668
rs569405279,0.993756
rs10743549,0.939848
rs11048241,0.939092
rs117621957,0.94694
rs151106540,0.970556
rs184267792,0.963268
rs7134738,0.99998
rs6487543,0.962284
rs2170640,0.943752
rs73119686,0.86962
rs141728916,0.973512
rs78382530,0.952236
rs10161277,0.959112
rs143151449,0.99998
rs55944529,0.962588
rs118014788,0.993792
rs4766602,0.979932
rs11067376,0.99998
rs543309016,0.949468
rs73191804,0.958176
rs79682148,0.99998
rs540639423,0.95732
rs3184504,0.810004
rs551014092,0.947228
rs597808,0.960476
rs2013002,0.959592
rs542271818,0.945056
rs769623925,0.970628
rs552431601,0.991256
rs4767908,0.97964
rs233701,0.959316
rs233716,0.931956
rs145187850,0.999616
rs76036736,0.99998
rs68176148,0.974672
rs529685726,0.925204
rs117990192,0.993852
rs2649995,0.933688
rs1169292,0.957856
rs148503788,0.95178
rs147014194,0.900608
rs117119322,0.9396
rs143865800,0.978588
rs181173064,0.99998
rs837500,0.99998
rs921919,0.935656
rs5891,0.99998
rs10773112,0.947516
rs12822440,0.902584
rs4592506,0.98006
rs150152903,0.963992
rs539505783,0.839524
rs1286886,0.978892
rs113112184,0.916768
rs555662582,0.92556
rs181795648,0.941688
rs799524,0.872392
rs59214163,0.96694
rs17636116,0.834528
rs206322,0.827668
rs9604496,0.980548
rs6602911,0.969528
rs35468211,0.9329
rs541539365,0.96616
rs8000665,0.832184
rs558310706,0.99998
rs192932387,0.95518
rs181432822,0.992672
rs4982900,0.83108
rs72694391,0.987956
rs560821486,0.96418
rs10144845,0.975524
rs876403,0.99998
rs185125726,0.92948
rs184122461,0.958856
rs148514240,0.91374
rs28690720,0.918628
rs10468017,0.939696
rs2043085,0.964888
rs12905732,0.974192
rs28451440,0.922272
rs16940233,0.974364
rs1077834,0.8026
rs261334,0.881624
rs8027151,0.99998
rs147036878,0.975316
rs11852443,0.953956
rs7165016,0.89364
rs17828874,0.80338
rs186115179,0.865112
rs72750932,0.99208
rs139217717,0.96616
rs138766754,0.990796
rs111819443,0.99998
rs11852760,0.99998
rs4646425,0.821876
rs936226,0.978736
rs571435931,0.909128
rs117702162,0.988804
rs2550299,0.803368
rs2010012,0.894052
rs193695,0.997404
rs72786786,0.877868
rs12448528,0.987396
rs3764261,0.992196
rs7194225,0.953044
rs7405284,0.979956
rs1532625,0.975664
rs5883,0.940408
rs11076176,0.963012
rs117427818,0.968776
rs140247233,0.926724
rs223827,0.972812
rs115599330,0.99998
rs528342375,0.951008
rs139722729,0.990728
rs4986970,0.983504
rs534922658,0.834292
rs112618630,0.97146
rs112549497,0.990928
rs76116020,0.909048
rs548369313,0.9825
rs75884342,0.950348
rs62052828,0.857824
rs56259873,0.910864
rs374464308,0.99998
rs56313425,0.904436
rs76697004,0.96918
rs116922791,0.949228
rs34827999,0.967456
rs3785417,0.984224
rs184938696,0.99998
rs1798439,0.998548
rs145090930,0.99998
rs181282611,0.973084
rs112608192,0.929492
rs76211100,0.814308
rs181855427,0.901476
rs149573971,0.970368
rs139945319,0.977652
rs4788561,0.976104
rs141818649,0.993836
rs17285421,0.95258
rs534698345,0.99998
rs9934992,0.8076
rs74803415,0.823732
rs763665,0.896124
rs77303550,0.99998
rs34042070,0.984684
rs56030533,0.95912
rs191909702,0.987844
rs541342576,0.9626
rs4782568,0.848608
rs7210498,0.9359
rs7214022,0.970528
rs76984538,0.985196
rs113897544,0.99464
rs78196338,0.96818
rs76321556,0.827524
rs186285970,0.980992
rs78897022,0.965368
rs557065729,0.959252
rs62064962,0.8502
rs79202680,0.99998
rs111716551,0.99998
rs573587014,0.922504
rs376516,0.898856
rs545779157,0.93508
rs3744489,0.939272
rs72853625,0.957892
rs542201954,0.946512
rs541842222,0.940516
rs117838797,0.907116
rs55714927,0.992908
rs200489612,0.990572
rs12939472,0.950244
rs142972972,0.995476
rs6258,0.815928
rs2908806,0.943272
rs57727356,0.97844
rs74587498,0.944956
rs12935900,0.923176
rs72847554,0.998232
rs78126981,0.941484
rs72815782,0.954512
rs2530391,0.84956
rs11653826,0.906972
rs538728506,0.987416
rs192362805,0.993176
rs531250057,0.99998
rs7220401,0.93056
rs144456948,0.982444
rs148630051,0.997552
rs180914029,0.986116
rs7225682,0.892128
rs192062221,0.99998
rs148239153,0.975224
rs78192709,0.936116
rs181814857,0.991972
rs12943633,0.989228
rs76790404,0.99998
rs8067341,0.965512
rs577199673,0.803488
rs139650569,0.950516
rs11869741,0.996216
rs189853441,0.927392
rs185016277,0.843964
rs182862263,0.99998
rs71377306,0.98002
rs116931725,0.8265
rs138583617,0.992416
rs139066750,0.972616
rs544244370,0.999488
rs145118608,0.968484
rs117209419,0.981576
rs149018490,0.981016
rs34438598,0.994472
rs192763807,0.888976
rs11654007,0.982712
rs3107293,0.802916
rs138012830,0.951548
rs1801689,0.91838
rs71379964,0.95448
rs118057319,0.91442
rs79120103,0.97838
rs548619069,0.991816
rs3764504,0.942452
rs9949157,0.96854
rs4939811,0.99998
rs116970090,0.99998
rs144922159,0.940768
rs74489351,0.88446
rs143015228,0.990692
rs833500,0.959324
rs550326937,0.955884
rs77757914,0.904836
rs188574990,0.994136
rs181402341,0.874756
rs77697900,0.970636
rs4939883,0.952532
rs11660468,0.914244
rs17657001,0.9837
rs2919800,0.995672
rs112434507,0.948812
rs2074552,0.888288
rs551167575,0.959804
rs34162949,0.976416
rs9160,0.98972
rs11084962,0.92272
rs59774409,0.99998
rs142385484,0.990144
rs150420714,0.970564
rs10469298,0.885612
rs4802615,0.951668
rs62128087,0.92906
rs192196172,0.9863
rs11670916,0.978828
rs76246107,0.9525
rs185682514,0.871184
rs148637562,0.958636
rs557241320,0.887876
rs45557835,0.970852
rs77312432,0.976844
rs62117513,0.80372
rs184092908,0.94962
rs144396997,0.9533
rs35081008,0.987784
rs34003091,0.932808
rs3794971,0.97092
rs7260443,0.950944
rs201140747,0.979388
rs540130149,0.970792
rs187996885,0.967804
rs189643809,0.89714
rs573629010,0.899324
rs8102099,0.994732
rs118021075,0.9624
rs575594578,0.91676
rs188295495,0.972152
rs534059112,0.935556
rs79430416,0.999544
rs77455257,0.99998
rs8111962,0.981044
rs146646495,0.99322
rs117911564,0.99998
rs182473249,0.915056
rs148174657,0.898068
rs12710258,0.974816
rs192212946,0.974964
rs74751897,0.843028
rs12151108,0.825632
rs17249120,0.997808
rs6511720,0.944168
rs17248748,0.99778
rs10422256,0.953388
rs116886614,0.913312
rs74179968,0.97498
rs72658879,0.859112
rs17678521,0.823228
rs8101801,0.866948
rs146850032,0.988112
rs766636316,0.80764
rs12608834,0.961636
rs12986015,0.951264
rs8101673,0.950368
rs116986825,0.946636
rs202200760,0.978476
rs3745193,0.9382
rs10421557,0.961564
rs144548081,0.982184
rs74180829,0.949188
rs147140555,0.959428
rs62120394,0.951688
rs141048177,0.997724
rs117699414,0.976664
rs555887376,0.99998
rs72999395,0.951968
rs58542926,0.979584
rs8107974,0.99004
rs10420120,0.993516
rs79391487,0.993704
rs6511059,0.84158
rs10401345,0.949864
rs139661349,0.99998
rs6511065,0.91876
rs75916629,0.875884
rs568695831,0.96254
rs111633710,0.865452
rs149973567,0.933784
rs78110932,0.984572
rs563511193,0.946296
rs117203056,0.952908
rs74796695,0.992792
rs537018592,0.951388
rs184691269,0.852792
rs111744324,0.925036
rs11879778,0.97776
rs55812288,0.866124
rs139898443,0.942904
rs10500290,0.997236
rs75627662,0.952844
rs2288912,0.9678
rs8112973,0.9842
rs2239378,0.8647
rs12971437,0.877524
rs527221,0.938824
rs556584398,0.9769
rs61612552,0.987484
rs8112559,0.882904
rs56957633,0.841944
rs147607088,0.93822
rs546424021,0.9673
rs3795043,0.94898
rs1024782,0.84882
rs433852,0.878824
rs681343,0.867904
rs144844138,0.97264
rs838147,0.849312
rs144759061,0.85026
rs111569789,0.99624
rs1716268,0.917128
rs61732834,0.924152
rs139252609,0.923052
rs12985239,0.936212
rs34750569,0.99998
rs959878,0.8887
rs55844288,0.810788
rs2618566,0.86244
rs35233368,0.941164
rs73097054,0.964908
rs60866116,0.81344
rs2069945,0.99556
rs118059606,0.99998
rs17092784,0.80902
rs6071988,0.99998
rs56327176,0.99628
rs117113213,0.972852
rs1883711,0.926572
rs1883712,0.9986
rs4810296,0.940368
rs6102287,0.97442
rs4810316,0.930488
rs76710286,0.981548
rs141220678,0.99998
rs113321122,0.989616
rs2425463,0.86508
rs2866986,0.954876
rs536703658,0.946796
rs534801957,0.95516
rs73105323,0.952792
rs4812765,0.901904
rs6065689,0.807784
rs199565056,0.926944
rs368380604,0.927
rs187497509,0.839912
rs761518243,0.84534
rs376313255,0.962892
rs6031590,0.99998
rs140089638,0.99998
rs66678311,0.973696
rs204763,0.906504
rs185918358,0.984868
rs6013783,0.991536
rs6127030,0.997392
rs1841850,0.811056
rs6127099,0.985816
rs148266048,0.978612
rs6011922,0.99994
rs80178319,0.941764
rs816956,0.9824
rs79064515,0.997416
rs111266603,0.858792
rs5754508,0.99998
rs13057370,0.814224
rs117035776,0.99998
rs138352,0.874304
rs145678077,0.984132
rs34659985,0.960956
