rs75340861,0.984172
rs139372021,0.94546
rs151275647,0.971636
rs112750178,0.916832
rs146756882,0.999168
rs74655068,0.99998
rs76665242,0.99998
rs554350454,0.99998
rs77760919,0.96054
rs114165349,0.979124
rs563427459,0.968688
rs139494900,0.92482
rs75448730,0.998772
rs12757772,0.99998
rs151131576,0.99342
rs188120633,0.916088
rs1292089,0.974788
rs150114269,0.93468
rs186628103,0.985136
rs138801706,0.9156
rs60069508,0.926036
rs143907997,0.96528
rs61781641,0.94144
rs710237,0.98582
rs1877454,0.827868
rs562724931,0.873508
rs115154906,0.99998
rs112664721,0.979624
rs59029934,0.881556
rs77701130,0.821436
rs75237729,0.803412
rs115532063,0.924572
rs12738941,0.981052
rs213484,0.97436
rs112941414,0.972456
rs547487442,0.887868
rs138731974,0.99998
rs112744470,0.972632
rs192988263,0.993476
rs9970076,0.988904
rs2474388,0.886604
rs75713973,0.979436
rs565906371,0.972788
rs143246625,0.936128
rs12140153,0.979576
rs631106,0.901172
rs141556251,0.950228
rs189235045,0.954116
rs11207981,0.964588
rs72649573,0.991304
rs149742619,0.964904
rs772075075,0.93138
rs550196958,0.982052
rs12757002,0.923448
rs547786900,0.99844
rs113207321,0.919704
rs114564514,0.890972
rs2749732,0.945612
rs182240690,0.991508
rs574631789,0.962832
rs12117012,0.940368
rs4950125,0.888456
rs11166011,0.90244
rs143086420,0.968708
rs12138136,0.99998
rs146356417,0.99998
rs6700818,0.891952
rs141281255,0.99766
rs72692832,0.979624
rs61805542,0.913636
rs12749691,0.99998
rs74859699,0.849536
rs75421411,0.905656
rs60445215,0.821816
rs71637436,0.983704
rs4141906,0.978576
rs182957448,0.838672
rs116177552,0.920224
rs147547233,0.88056
rs61756244,0.978072
rs142463787,0.950024
rs543014441,0.981208
rs7529073,0.916744
rs17712208,0.963176
rs538827916,0.885224
rs2289002,0.906472
rs111404125,0.972648
rs17788255,0.96644
1:219548438_C_T,0.869328
rs2605110,0.83546
rs2785962,0.90276
rs145681554,0.9587
rs61836039,0.94988
rs537760188,0.960828
rs17552600,0.805024
rs191297408,0.97834
rs75688476,0.893564
rs555388181,0.82354
rs72470569,0.912376
rs2642438,0.893824
rs7514450,0.921772
rs72736909,0.99998
rs61830291,0.989948
rs1335920,0.999
rs185512011,0.981164
rs2484697,0.865564
rs10495159,0.956748
rs61819230,0.99998
rs116542672,0.99998
rs7531435,0.988888
rs763743633,0.960128
rs188754854,0.951404
rs140535064,0.99998
rs77743839,0.969668
rs6678475,0.992168
rs556202633,0.9386
rs377405203,0.972076
rs870526,0.817588
rs543845819,0.9617
rs111769638,0.980052
rs2028143,0.99998
rs114796412,0.975784
rs114273039,0.956584
rs79800183,0.992836
rs140210234,0.937272
rs77198935,0.939012
rs72784376,0.941468
rs116537336,0.849524
rs62122482,0.958488
rs2678379,0.892092
rs1801701,0.920084
rs676210,0.986524
rs533617,0.99414
rs17395484,0.93166
rs62127684,0.9986
rs3731638,0.893464
rs13002752,0.858972
rs185077285,0.82512
rs148662764,0.988012
rs147662350,0.911088
rs4665866,0.87382
rs75930789,0.995888
rs12613651,0.894912
rs146172671,0.956452
rs147825317,0.961392
rs141188079,0.937768
rs115939675,0.95
rs67575134,0.992732
rs758086286,0.99998
rs116121475,0.99902
rs138852725,0.952064
rs147501158,0.996016
rs552591143,0.957996
rs144293694,0.876156
rs77121011,0.96708
rs56347462,0.960508
rs71441041,0.99998
rs140874872,0.980268
rs530414062,0.908196
rs181356092,0.806048
rs57372210,0.979
rs112215800,0.906012
rs828263,0.958868
rs76508715,0.974768
rs6737100,0.92362
rs33994928,0.898892
rs3792253,0.917628
rs13030345,0.866744
rs140492848,0.904852
rs775434184,0.99998
rs74446114,0.997564
rs77353560,0.9366
rs534192443,0.94522
rs111700498,0.8696
rs75438569,0.882132
rs139098834,0.975124
rs189812683,0.990324
rs187193501,0.87552
rs13414801,0.961572
rs115641909,0.99998
rs4666042,0.998764
rs55807911,0.873572
rs532844445,0.89574
rs114269061,0.994572
rs554591499,0.99302
rs13015562,0.957012
rs10210970,0.938296
rs115240682,0.933472
rs4670627,0.8355
rs1861435,0.93174
rs55759835,0.940236
rs35647053,0.903016
rs79592437,0.837388
rs114837885,0.80268
rs4131886,0.965816
rs4566412,0.98944
rs72832904,0.835732
rs146796000,0.819884
rs2139628,0.829396
rs10490225,0.807684
rs10205006,0.984508
rs180971781,0.996912
rs2863301,0.897676
rs2192463,0.974432
rs563021710,0.981752
rs17050238,0.925436
rs537988409,0.991392
rs34287081,0.994444
rs2663903,0.824956
rs62137331,0.844784
rs2111602,0.908388
rs114154216,0.989292
rs2540951,0.972556
rs377146074,0.906444
rs11895955,0.852036
rs10184779,0.965792
rs189931348,0.92512
rs572258401,0.980232
rs6541721,0.981248
rs7578604,0.9733
rs35524571,0.953144
rs10179548,0.898768
rs58132852,0.921904
rs141118878,0.99998
rs1128249,0.842816
rs7607980,0.81644
rs72880651,0.883824
rs10197544,0.942004
rs2390159,0.998128
rs2118673,0.80202
rs186976302,0.960968
rs2083212,0.881084
rs185956760,0.94816
rs6757983,0.862524
rs79400169,0.99998
rs141910246,0.812508
rs10193725,0.879392
rs148224341,0.99114
rs146775047,0.99998
rs61733623,0.962036
rs75473965,0.98868
rs79047930,0.973592
rs77136365,0.970132
rs112756920,0.960412
rs116116588,0.990168
2:226851951_C_T,0.953088
rs140930223,0.853016
rs142625526,0.92902
rs145242113,0.995348
rs115958863,0.955204
rs72977753,0.99998
rs13388153,0.878816
rs193234645,0.975548
rs72979751,0.989344
rs2943655,0.841468
rs10201609,0.920096
rs13398058,0.81334
rs6712174,0.874256
rs140301176,0.934604
rs6713206,0.921852
rs15129,0.916672
rs62186418,0.944732
rs145068921,0.99998
rs4675939,0.927316
rs114487021,0.863464
rs77438956,0.946992
rs573074396,0.962516
rs7616447,0.896476
rs9812100,0.88798
rs2053500,0.9739
rs9867361,0.954896
rs144924612,0.977676
rs7640648,0.938744
rs73041659,0.845172
rs17620579,0.99998
rs550074415,0.930296
rs4521164,0.938076
rs75134207,0.999536
rs17029006,0.945432
rs12485478,0.879164
rs4684848,0.916504
rs145700410,0.999604
rs3105363,0.837372
rs2249407,0.9827
rs113350314,0.949768
rs56163223,0.863456
rs17035576,0.959908
rs1008070,0.9366
rs74783063,0.924692
rs12497643,0.95134
rs6776697,0.944492
rs9852378,0.832968
rs13064488,0.997212
rs11542804,0.943512
rs1010553,0.972232
rs116061365,0.838936
rs78892252,0.80786
rs2239699,0.992804
rs184871021,0.882844
rs116780938,0.956844
rs146496530,0.879776
rs62255926,0.952728
rs2242305,0.95638
rs192798416,0.99998
rs576260355,0.837888
rs2680652,0.941884
rs151087484,0.96878
rs72624839,0.992052
rs1898275,0.983216
rs73130900,0.96496
rs560809835,0.988216
rs62264113,0.939524
rs41266485,0.82678
rs814130,0.9991
rs145354781,0.95386
rs824279,0.845492
rs115403563,0.99998
rs684773,0.987268
rs1279840,0.8224
rs1279425,0.812156
rs181493584,0.981068
rs138434471,0.996696
rs6440123,0.805684
rs770287774,0.981464
rs62271373,0.990532
rs9844972,0.99618
rs114871519,0.891996
rs564964211,0.980888
rs683725,0.839492
rs550781126,0.953568
rs1027529,0.835628
rs12629802,0.976056
rs145959774,0.991908
rs544429072,0.968756
rs150180653,0.991536
rs56406311,0.98468
rs9817452,0.886528
rs6771044,0.950088
rs2650220,0.967916
rs9870414,0.901716
rs77161061,0.973036
rs149233706,0.985272
rs75918861,0.9413
rs6787205,0.925416
rs576825786,0.860284
rs3821821,0.896524
rs75278014,0.97184
rs13101221,0.98732
rs189012529,0.991336
rs141524315,0.803876
rs564157759,0.949404
rs7631606,0.9267
rs78018877,0.855924
rs560341323,0.975672
rs6793337,0.808872
rs1894425,0.888544
rs9986056,0.87144
rs4974691,0.894008
rs1203812,0.809704
rs61790230,0.902472
rs17697570,0.99998
rs79280082,0.939304
rs183569196,0.840848
rs75599997,0.93716
rs148160856,0.857344
rs1263315,0.994616
rs17835422,0.984536
rs78293808,0.90552
rs148195450,0.974828
rs76875989,0.800504
rs13108218,0.987732
rs3748034,0.915728
rs6813378,0.846404
rs16844401,0.992692
rs2498323,0.990808
rs190097989,0.979804
rs78323380,0.918596
rs2515967,0.9829
rs377098106,0.996616
rs12513202,0.958656
rs9884390,0.832492
rs189289979,0.857876
rs527527309,0.93448
rs62300881,0.997764
rs531550402,0.944324
rs1135642,0.96528
rs187459700,0.99998
rs184245122,0.99026
rs192110503,0.997052
rs346488,0.878332
rs114808255,0.99998
rs181543560,0.981156
rs17604937,0.977832
rs2125787,0.927748
rs35849753,0.884316
rs577144058,0.975292
rs116635382,0.901468
rs78194430,0.8481
rs79431234,0.816028
rs9992651,0.979668
rs4610302,0.956644
rs186745467,0.942252
rs189860469,0.989356
rs115298753,0.87218
rs116564150,0.976492
rs3822072,0.987056
rs10024506,0.934216
rs3018048,0.85118
rs10516441,0.882732
rs35225200,0.908564
rs13107325,0.93068
rs181802191,0.838208
rs76132779,0.97134
rs223340,0.977836
rs55810387,0.845844
rs547113723,0.997848
rs189866430,0.976956
rs11555260,0.942148
rs138998466,0.979312
rs138462942,0.866432
rs142917841,0.992216
rs11100060,0.997288
rs1996771,0.847876
rs10027881,0.91214
rs61746992,0.966672
rs190868010,0.992004
rs184971087,0.856128
rs114075775,0.959648
rs182142335,0.99998
rs73243877,0.99998
rs77345082,0.936872
rs77849807,0.99998
rs79733014,0.83086
rs34869653,0.920552
rs114461321,0.981056
rs13147585,0.966656
rs2237029,0.955636
rs6810872,0.977412
rs149496729,0.9368
rs78253998,0.912068
rs17084666,0.99524
rs6821967,0.996076
rs552366140,0.967028
rs141162700,0.994856
rs6830376,0.888452
rs1380057,0.887332
rs183815912,0.95556
rs6889157,0.88822
rs4976033,0.940016
rs1844438,0.82194
rs185704005,0.959104
rs12186959,0.951244
rs147262785,0.986436
rs187241242,0.980504
rs33606,0.901788
rs34580448,0.905184
rs371613940,0.998576
rs7704653,0.964784
rs189472269,0.98424
rs150515724,0.984884
rs183589751,0.962716
rs140578542,0.977228
rs150557848,0.88038
rs35456942,0.99998
rs10519336,0.830048
rs11743052,0.819548
rs116665871,0.937176
rs541709179,0.99998
rs244737,0.89658
rs140103119,0.99998
rs154735,0.99938
rs543014649,0.960892
rs191860149,0.99998
rs567367880,0.953452
rs10064506,0.926388
rs142540797,0.933112
rs72801474,0.994256
rs10067413,0.978768
rs556753346,0.985076
rs6862159,0.950316
rs11743754,0.9773
rs256772,0.8911
rs1504934,0.879416
rs17053595,0.985992
rs114538134,0.8982
rs75180367,0.965876
rs17053602,0.83414
rs7706946,0.92308
rs116226146,0.866004
rs71591078,0.914564
rs10039074,0.996984
rs6874202,0.895816
rs72811395,0.885048
rs187828339,0.943676
rs138735323,0.97318
rs141377601,0.974732
rs1826665,0.931216
rs187980735,0.92054
rs10074759,0.874528
rs10054487,0.840148
rs824851,0.989564
rs80162618,0.95512
rs115252698,0.82492
rs4704956,0.917104
rs72812369,0.972744
rs62377655,0.973692
rs569653275,0.985868
rs187719260,0.954916
rs545464504,0.897664
rs1345815,0.850972
rs146027761,0.957868
rs2161585,0.90494
rs188817838,0.969928
rs11740966,0.82416
rs184805611,0.947952
rs118129899,0.943908
rs464605,0.982432
rs392794,0.891592
rs39836,0.891428
rs28650790,0.929364
rs112890899,0.875116
rs142047875,0.97652
rs889311,0.945996
rs775179965,0.970068
rs569085592,0.985932
rs544319061,0.903836
rs6907924,0.984156
rs35869525,0.953796
rs1004255,0.945304
rs188023684,0.977572
rs874449,0.992484
rs6456354,0.996772
rs11751916,0.9592
rs6930195,0.988268
rs185139895,0.874828
rs190910122,0.993728
rs111254761,0.950032
rs148297753,0.967236
rs372605344,0.98564
rs554379627,0.943236
rs113715383,0.993096
rs368269819,0.980376
rs3025051,0.98992
rs998584,0.94074
rs11967262,0.9125
rs1885659,0.853524
rs12528941,0.995296
rs9394965,0.984888
rs767142599,0.914524
rs16882128,0.93048
rs553872915,0.981628
rs75858515,0.9546
rs571491640,0.939728
rs536798171,0.999832
rs72934249,0.92088
rs2749013,0.89114
rs6917193,0.983848
rs6913325,0.871852
rs2211447,0.900236
rs2768566,0.846076
rs570176287,0.938104
rs142880798,0.80608
rs116986682,0.912684
rs143474978,0.996416
rs186873441,0.957492
rs142252069,0.883708
rs139717191,0.971364
rs138382087,0.882192
rs117345930,0.99998
rs141783576,0.871676
rs577721086,0.977416
rs13214415,0.822384
rs550350818,0.970248
rs9321191,0.882416
rs148669364,0.969108
rs143590987,0.986908
rs182901219,0.893008
rs271130,0.985888
rs212772,0.955172
rs181481725,0.987836
rs9385849,0.981896
rs113967227,0.947288
rs115145548,0.890676
rs10457688,0.960872
rs17585887,0.964332
rs315428,0.964328
rs73020432,0.970392
rs34130495,0.993736
rs662138,0.956724
rs2450975,0.95154
rs3798158,0.977004
rs3123631,0.84658
rs118039278,0.900136
rs77009508,0.994804
rs55730499,0.952112
rs117174672,0.97716
rs56393506,0.99256
rs7758766,0.846264
rs74855749,0.959716
rs75053429,0.906944
rs4709746,0.903288
rs7449496,0.981896
rs13216350,0.878272
rs62441954,0.978984
rs852392,0.85926
rs12374822,0.949376
rs6946189,0.982948
rs2391211,0.974156
rs530313024,0.97148
rs4585645,0.816504
rs118159602,0.907016
rs2698716,0.889344
rs74471327,0.900796
rs117522957,0.99794
rs147008596,0.99998
rs41353344,0.884644
rs28362692,0.999388
rs117678382,0.940992
rs2070971,0.9849
rs1799831,0.816316
rs2971669,0.970128
rs878521,0.813196
rs117498306,0.930144
rs12530587,0.984828
rs73181491,0.833308
rs10242189,0.807452
rs147488439,0.872948
rs144774550,0.943648
rs536077818,0.950424
rs574567126,0.963872
rs75998851,0.802624
rs148843907,0.942088
rs565796738,0.91002
rs149910005,0.934908
rs73133170,0.921736
rs191402437,0.925744
rs112314670,0.958656
rs148612750,0.99998
rs183115140,0.999792
rs137909720,0.9917
rs142166738,0.99998
rs7793710,0.877028
rs17341242,0.998448
rs14415,0.844704
rs35624969,0.99434
rs13246490,0.99998
rs190831196,0.992724
rs189272627,0.974408
rs799157,0.988156
rs13234131,0.913916
rs13234378,0.89764
rs72649044,0.8024
rs532640095,0.945572
rs55747707,0.983628
rs4262227,0.83602
rs56161252,0.896692
rs1091815,0.962736
rs116879765,0.966224
rs34200032,0.954724
rs112289437,0.97626
rs587764867,0.99998
rs375494684,0.92204
rs62477735,0.806908
rs118150334,0.928612
rs41301433,0.959272
rs10954750,0.99028
rs13236526,0.960876
rs76814244,0.99998
rs6465120,0.921572
rs184801392,0.991584
rs529552382,0.99998
rs138953832,0.968016
rs148657658,0.982436
rs6465530,0.84684
rs75852138,0.980776
rs41748,0.91932
rs569772597,0.980864
rs553798443,0.975112
rs6977665,0.99998
rs13234351,0.82902
rs3996350,0.961404
rs60440344,0.83172
rs112151469,0.963348
rs34211697,0.963056
rs157933,0.964072
rs188173991,0.964264
rs55700285,0.87188
rs139936170,0.9729
rs188083845,0.995184
rs143062463,0.96392
rs10226819,0.995788
rs706081,0.911784
rs4410790,0.816788
rs72552769,0.977528
rs6461315,0.864888
rs78815765,0.975444
rs17138358,0.858028
rs34058374,0.905576
rs55685381,0.819584
rs6956984,0.993992
rs302189,0.860012
rs10278449,0.993116
rs545670830,0.971428
rs929255,0.913332
rs916844,0.931564
rs115172423,0.944724
rs12537422,0.910732
rs17319425,0.993164
rs10280475,0.827156
rs79209503,0.95014
rs56001710,0.903708
rs11985475,0.818944
rs73221948,0.995496
rs117256300,0.977456
rs7002865,0.800596
rs193099354,0.85082
rs113658248,0.902056
rs545500987,0.923312
rs11774649,0.96008
rs189934875,0.932656
rs145793431,0.90322
rs10093929,0.814968
rs73669751,0.830668
rs540384609,0.902084
rs11992628,0.913744
rs182708644,0.866544
rs113103762,0.983008
rs79665026,0.969496
rs10107182,0.957172
rs141968639,0.99998
rs181612123,0.977916
rs10112440,0.992016
rs189906455,0.999128
rs13251367,0.90566
rs76900072,0.975492
rs4406432,0.97354
rs142709889,0.977196
rs10094733,0.843448
rs13265978,0.99998
rs3808477,0.993108
rs192522820,0.873388
rs3802177,0.824712
rs71516780,0.905204
rs55709232,0.867392
rs2001845,0.939908
rs4336630,0.934716
rs35309034,0.977684
rs112875651,0.894292
rs2980888,0.97912
rs2954038,0.862656
rs78152104,0.975272
rs969674,0.979436
rs897161,0.810744
rs3860846,0.980036
rs28560332,0.971796
rs118014685,0.999864
rs13275656,0.99998
rs759590441,0.954828
rs72691637,0.874852
rs570109814,0.94298
rs922483,0.936296
rs145601727,0.956296
rs13280055,0.8485
rs117165277,0.861688
rs1004712,0.99998
rs8191515,0.800584
rs185932801,0.957496
rs77137477,0.975804
rs2588163,0.839876
rs146652849,0.877376
rs399485,0.903424
rs4921913,0.837552
rs113141061,0.963132
rs191061484,0.87982
rs12542494,0.9672
rs149177475,0.937852
rs190118115,0.837124
rs328,0.99998
rs3289,0.91908
rs3200218,0.944972
rs4637851,0.896636
rs80026582,0.850376
rs117174179,0.995172
rs13251145,0.813948
rs188432707,0.803152
rs7027951,0.897456
rs113812836,0.938572
rs79628861,0.885904
rs574831970,0.927012
rs140937605,0.981472
rs872611,0.99998
rs546320972,0.96098
rs34016503,0.99998
rs80266031,0.991004
rs12686780,0.905168
rs117020684,0.93856
rs116877428,0.899856
rs2777784,0.92128
rs73664375,0.99846
rs1800978,0.947756
rs1962883,0.966716
rs10759352,0.99998
rs10979995,0.99998
rs573117743,0.977664
rs188540808,0.998116
rs7020604,0.99998
rs550057,0.943884
rs3094324,0.99062
rs62576042,0.99998
rs145719391,0.977564
rs702168,0.908444
rs543555438,0.960984
rs528784802,0.864052
rs7860677,0.964448
rs143103931,0.99526
rs537621177,0.997884
rs296884,0.99998
rs78682152,0.938356
rs34397956,0.997484
rs577895536,0.980652
rs189235331,0.948388
rs149102065,0.851436
rs143341441,0.8765
9:139834515_G_A,0.992948
9:139964450_C_T,0.906476
rs10825563,0.896924
rs188558098,0.938356
rs117134723,0.83246
rs7893884,0.95464
rs17500776,0.977916
rs71508066,0.942256
rs2275928,0.922552
rs12569494,0.933956
rs11257228,0.950168
rs3736461,0.969152
rs41293995,0.95748
rs10826276,0.953192
rs188032366,0.943548
rs1171647,0.977172
rs1171616,0.942568
rs191069445,0.990532
rs148896216,0.947872
rs57265548,0.9285
rs189535974,0.99998
rs117142812,0.995432
rs550151798,0.99998
rs6479797,0.993876
rs35419901,0.941324
rs75293822,0.909984
rs142382892,0.99998
rs10761727,0.87382
rs10761729,0.867984
rs147927490,0.952612
rs76353327,0.928124
rs113203370,0.97646
rs34072881,0.996908
rs11000468,0.99998
rs3829126,0.906748
rs544313132,0.99998
rs4746298,0.940936
rs184351807,0.970868
rs112778806,0.963704
rs61860539,0.959984
rs11599323,0.990836
rs185268677,0.915368
rs11187158,0.99998
rs9919491,0.913056
rs4405247,0.944416
rs2068888,0.99754
rs4418728,0.952188
rs117195454,0.96558
rs143282550,0.819484
rs187716249,0.956876
rs138461387,0.963228
rs11187429,0.99998
rs113344423,0.874344
rs3758537,0.968792
rs7071043,0.904052
rs151247534,0.938192
rs117495829,0.898
rs563296,0.89154
rs138886660,0.973588
rs149084128,0.965044
rs191397012,0.996024
rs569383681,0.82222
rs552982806,0.99998
rs529389062,0.952244
rs188492207,0.938948
rs17779355,0.99758
rs190620767,0.927292
rs9664049,0.858804
rs76633616,0.957124
rs143928707,0.987876
rs545684162,0.952188
rs142055827,0.94182
rs118075221,0.903696
rs2792759,0.811036
rs10787432,0.985864
rs11195857,0.826288
rs72821844,0.9894
rs111823427,0.930264
rs115417057,0.99998
rs117337517,0.893968
rs7094463,0.997948
rs2296782,0.987684
rs183037379,0.99998
rs117992756,0.978372
rs7079711,0.980176
rs147167113,0.974732
rs1338423,0.981052
rs539327903,0.903908
rs11575645,0.985712
rs141152961,0.908752
rs11196592,0.922776
rs1801253,0.964136
rs2303974,0.800064
rs79634051,0.976672
rs540979371,0.962156
rs112253282,0.894424
rs61885960,0.981864
rs547923129,0.808524
rs546615978,0.87234
rs11600948,0.99998
rs146359606,0.914032
rs1037169,0.84074
rs6486122,0.854608
rs76437650,0.955744
rs545250637,0.886708
rs116897738,0.915032
rs139279999,0.977724
rs111642454,0.93206
rs77408231,0.989836
rs533655014,0.99998
rs140450503,0.983168
rs117287238,0.95942
rs200070683,0.99998
rs143247260,0.979916
rs78047984,0.959796
rs558537682,0.917504
rs12362658,0.879284
rs116983349,0.984192
rs545509054,0.893532
rs77756595,0.999768
rs142183201,0.954988
rs80078546,0.899596
rs151304308,0.993008
rs77817298,0.909224
rs4603265,0.83574
rs2070850,0.85326
rs61884327,0.859132
rs146399108,0.99998
rs957602,0.976376
rs189409870,0.827764
rs145758003,0.992792
rs76570755,0.981248
rs190545556,0.971072
rs11039325,0.990028
rs34242224,0.825444
rs148971029,0.999644
rs102275,0.820108
rs72643557,0.99998
rs174569,0.998684
rs99780,0.921136
rs174574,0.993908
rs2727270,0.939992
rs174594,0.980692
rs2524291,0.99998
rs141071579,0.883684
rs1801327,0.983744
rs187526149,0.8713
rs3927343,0.991236
rs185305338,0.987764
rs41479246,0.977376
rs2302364,0.908136
rs4084164,0.98456
rs185263347,0.99998
rs139170615,0.981008
rs12808829,0.887964
rs143391661,0.973576
rs144493094,0.968192
rs191366643,0.972316
rs185178640,0.99998
rs35927325,0.933776
rs3751121,0.980348
rs560368569,0.996684
rs3802932,0.99998
rs35169799,0.999428
rs547958238,0.99868
rs73490300,0.963684
rs114138772,0.981248
rs3759041,0.842196
rs9333581,0.803724
rs648101,0.99998
rs11551353,0.993224
rs183308828,0.94616
rs150599115,0.967988
rs4645917,0.993576
rs527737,0.882724
rs56147726,0.995096
rs141477998,0.978724
rs144718240,0.99998
rs72940579,0.99998
rs529508982,0.875712
rs150715352,0.997724
rs201237063,0.99788
rs554436591,0.917076
rs147303320,0.99998
rs112894576,0.976064
rs74576288,0.974856
rs138663341,0.999716
rs55827701,0.998772
rs141220605,0.991456
rs2229738,0.976452
rs7943745,0.975452
rs483148,0.963148
rs11237182,0.824596
rs186917036,0.99436
rs534787840,0.971564
rs1981405,0.951248
rs149119675,0.98008
rs486058,0.99998
rs34472659,0.9497
rs118140314,0.99998
rs74665267,0.975348
rs615642,0.863756
rs74777919,0.94578
rs559220724,0.92692
rs2075290,0.986672
rs3135507,0.995632
rs651821,0.954324
rs662799,0.955832
rs12721043,0.95046
rs143953890,0.938184
rs148473539,0.849884
rs73006507,0.966472
rs148474531,0.953488
rs556815825,0.915488
rs547191044,0.97286
rs117454342,0.965228
rs11216288,0.926908
rs539030095,0.995264
rs186226535,0.921392
rs183920583,0.91884
rs2127905,0.835848
rs112111936,0.99998
rs530885291,0.99998
rs567689836,0.9843
rs1784041,0.960196
rs1242127,0.957596
rs560198295,0.943292
rs530248369,0.990012
rs185092021,0.943996
rs73008592,0.959632
rs139503238,0.846704
rs187929675,0.90328
rs117117915,0.847596
rs760392617,0.978588
rs77262524,0.943408
rs138580164,0.99998
rs73010424,0.922964
rs9971587,0.914024
rs533203,0.8966
rs138098858,0.994036
rs694574,0.871416
rs1047964,0.99998
rs638405,0.850244
rs187182376,0.817596
rs555338665,0.980148
rs530313552,0.99998
rs117666845,0.975648
rs534244812,0.907432
rs182696916,0.99998
rs1064939,0.996616
rs572469265,0.99822
rs538645,0.830028
rs138526953,0.990936
rs11217096,0.868032
rs4938626,0.889896
rs540064996,0.986384
rs34470607,0.947076
rs11054397,0.813136
rs2578475,0.971692
rs7978496,0.947996
rs12310339,0.989704
rs4766214,0.813172
rs4238013,0.90268
rs574710323,0.977648
rs11063343,0.926712
rs148574276,0.970852
rs10846332,0.964512
rs10846378,0.942356
rs11045171,0.92256
rs11045172,0.883536
rs7134150,0.896328
rs6487099,0.91794
rs2067526,0.878648
rs73085062,0.945928
rs76522875,0.904796
rs138472200,0.928964
rs117005939,0.979536
rs111289824,0.863028
rs117177355,0.917228
rs577081028,0.99998
rs10770763,0.90816
rs11045856,0.994544
rs11568557,0.926424
rs61364007,0.954412
rs186673859,0.963116
rs10841837,0.976348
rs142629194,0.934836
rs3782667,0.964344
rs2712604,0.858872
rs35763453,0.964564
rs183247999,0.990636
rs76385089,0.997544
rs530986865,0.99998
rs1131017,0.867364
rs79642227,0.830188
rs565353773,0.99998
rs12300570,0.836536
rs4759206,0.980568
rs2463181,0.979488
rs117041792,0.99998
rs541623940,0.999016
rs145303173,0.967024
rs11172124,0.954044
rs10876968,0.998572
rs11172147,0.86866
rs56099423,0.966308
rs150672943,0.9484
rs74328595,0.99998
rs117432567,0.957944
rs189067708,0.96366
rs111263678,0.960452
rs189262745,0.91344
rs1174595,0.973948
rs1795704,0.907432
rs73139054,0.988476
rs540196242,0.97362
rs73123449,0.994944
rs1185888,0.85258
rs12829886,0.991296
rs7967269,0.920264
rs181580501,0.966232
rs1316484,0.968264
rs7979683,0.86864
rs142063414,0.992212
rs547318282,0.96022
rs317688,0.899616
rs143093210,0.958316
rs12318540,0.999672
rs75939816,0.861584
rs10861574,0.981108
rs11113024,0.86032
rs117470581,0.98094
rs11113147,0.9908
rs77500168,0.91216
rs112174428,0.932732
rs568857033,0.83448
rs117102653,0.948596
rs181218583,0.954108
rs2017594,0.937088
rs1043771,0.991028
rs562669611,0.97254
rs191776585,0.99998
rs116896792,0.97512
rs35483694,0.996096
rs6489201,0.992024
rs149451449,0.936816
rs61957464,0.939764
rs149003910,0.995048
rs12317176,0.806684
rs882882,0.993876
rs12230286,0.97556
rs921919,0.997232
rs11057837,0.83778
rs56345834,0.91724
rs73229541,0.816808
rs143970127,0.960012
rs60214595,0.99854
rs9579179,0.989872
rs9508061,0.91164
rs1340819,0.892908
rs9508085,0.831856
rs527725755,0.964704
rs112996350,0.810924
rs111770384,0.937108
rs9551700,0.954876
rs586392,0.904216
rs61946920,0.926832
rs11618584,0.921176
rs9579564,0.801904
rs2094711,0.977148
rs1928496,0.965076
rs117112912,0.99998
rs7330512,0.822976
rs7336058,0.883748
rs2812208,0.97028
rs146620149,0.996592
rs189153794,0.95546
rs1327645,0.990352
rs797482,0.97858
rs139259867,0.965216
rs7323665,0.94206
rs3861169,0.993728
rs694554,0.890288
rs12868517,0.97794
rs7327906,0.9442
rs6492720,0.879036
rs9302003,0.872504
rs12860920,0.880796
rs7990475,0.978916
rs571587431,0.982136
rs7400003,0.98736
rs7140110,0.98046
rs112740904,0.943464
rs9604570,0.946084
rs8011792,0.851628
rs12880341,0.825488
rs376513514,0.939024
rs61993685,0.98262
rs8028620,0.824364
rs45562338,0.918472
rs1815009,0.971212
rs202111743,0.99998
rs12909626,0.989432
rs769258841,0.939392
rs186816609,0.907392
rs545846547,0.999172
rs1878940,0.959312
rs513042,0.943456
rs7175207,0.96426
rs146870182,0.982328
rs187166835,0.81464
rs8025505,0.99998
rs1037117,0.975632
rs28600362,0.857192
rs118087577,0.939588
rs184315768,0.937744
rs34245505,0.951024
rs35477346,0.980068
rs28453785,0.956488
rs12081,0.824748
rs141814476,0.96692
rs3803357,0.956612
rs143209386,0.989736
rs3189773,0.960412
rs11629485,0.941664
rs12902047,0.83226
rs12906666,0.98168
rs149437164,0.803316
rs1349425,0.909896
rs78231863,0.99078
rs151306052,0.962548
rs184334219,0.952776
rs202077402,0.99998
rs149363406,0.806896
rs150844304,0.955704
rs2444030,0.99998
rs186525017,0.95892
rs55707100,0.93498
rs139097404,0.99998
rs117888823,0.951432
rs139974673,0.99998
rs145940861,0.979388
rs147233090,0.99998
rs184927591,0.99998
rs190156998,0.99374
rs78752679,0.836708
rs5005389,0.944904
rs140156394,0.901924
rs143046400,0.997516
rs74715206,0.968572
rs8036945,0.964228
rs2703624,0.91128
rs72731954,0.982456
rs2251762,0.906584
rs145913518,0.936316
rs1532085,0.985088
rs12905732,0.976248
rs2070895,0.863488
rs415208,0.879192
rs116896522,0.937684
rs261342,0.919928
rs121912502,0.968788
rs536590575,0.975272
rs62004988,0.997508
rs150952015,0.97318
rs12591786,0.996896
rs151196081,0.93906
rs74584658,0.975304
rs541901190,0.98678
rs7177878,0.91628
rs144102337,0.840644
rs72743679,0.974952
rs12905642,0.985744
rs147156601,0.985288
rs2245477,0.885136
rs182809543,0.986612
rs2030040,0.988888
rs8026446,0.834316
rs146710168,0.95354
rs12440146,0.8886
rs8038648,0.981644
rs181709165,0.854944
rs148270894,0.962464
rs72750990,0.95914
rs539924034,0.98018
rs150619629,0.964836
rs147053242,0.983932
rs150645473,0.99836
rs143016368,0.979352
rs62024246,0.940396
rs148050267,0.981492
rs138382933,0.999728
rs150411859,0.962256
rs10162671,0.992916
rs148731425,0.883524
rs147323357,0.882352
rs138549007,0.99998
rs138903638,0.980408
rs4776277,0.923316
rs55781516,0.99998
rs185263686,0.918952
rs35951728,0.824
rs4776793,0.832896
rs146717588,0.84574
rs2531998,0.989448
rs72766563,0.9275
rs2289303,0.916368
rs1291696,0.99998
rs1619528,0.906052
rs4786537,0.968368
rs117064643,0.957688
rs62038782,0.980268
rs41292293,0.984396
rs114251396,0.963616
rs150312875,0.94386
rs62040664,0.933656
rs1637584,0.993744
rs77844870,0.96104
rs140421601,0.998012
rs117133016,0.960396
rs10153146,0.98316
rs8056497,0.990036
rs8059260,0.863548
rs539086726,0.933944
rs528519627,0.843864
rs77181127,0.96822
rs933574,0.99262
rs143623668,0.807896
rs16963748,0.866816
rs111618101,0.99998
rs577916360,0.829548
rs62038474,0.9916
rs12720922,0.806264
rs1532625,0.9418
rs12708974,0.856692
rs5880,0.956584
rs187230719,0.970156
rs146525478,0.907288
rs150770367,0.992328
rs76894559,0.934912
rs539786819,0.994012
rs552522982,0.956448
rs4784657,0.99998
rs12444798,0.91216
rs11644159,0.961052
rs78950101,0.938972
rs12720918,0.989056
rs3816117,0.919184
rs1864163,0.990668
rs7203984,0.881184
rs8061543,0.823128
rs4783712,0.835864
rs7499710,0.970564
rs244420,0.928296
rs138061146,0.963648
rs572738340,0.929316
rs199732245,0.99998
rs35332782,0.999344
rs62049432,0.99816
rs3931036,0.96752
rs558981823,0.99998
rs12921898,0.99998
rs75634237,0.91564
rs1798357,0.9553
rs73579054,0.969532
rs185449462,0.956472
rs55697235,0.913492
rs113580328,0.994396
rs35046828,0.941772
rs17285421,0.99998
rs186095970,0.864756
rs185531270,0.985684
rs12919947,0.99998
rs3794695,0.967864
rs7185448,0.867228
rs117285855,0.995628
rs148882070,0.986936
rs71386977,0.98796
rs35760208,0.969028
rs7185774,0.92946
rs72829008,0.95052
rs4889341,0.809056
rs8061297,0.846216
rs79311290,0.966684
rs4471666,0.992764
rs56078619,0.8862
rs79526293,0.896212
rs190158011,0.99998
rs539378760,0.997336
rs2233448,0.827172
rs138823364,0.984172
rs10863192,0.878764
rs4843284,0.824472
rs551915694,0.92818
rs567049265,0.807164
rs36024491,0.956288
rs185245029,0.810292
rs13336346,0.971428
rs565211,0.951448
rs532717157,0.952896
rs7200543,0.808
rs4122352,0.995732
rs8052695,0.970348
rs151039818,0.92948
rs555164926,0.970524
rs191520727,0.913996
rs143615996,0.99998
rs183949031,0.822044
rs138581907,0.99998
rs4889603,0.912304
rs147629985,0.994724
rs9936329,0.971736
rs45471995,0.980836
rs12925010,0.968896
rs193213122,0.912144
rs148620006,0.909788
rs190594673,0.993652
rs7502117,0.86514
rs11078597,0.998048
rs764748110,0.924636
rs116861083,0.985536
rs9674799,0.949396
rs71368178,0.950676
rs8073692,0.980788
rs146341032,0.993872
rs71368577,0.940348
rs59870496,0.943508
rs4985623,0.98144
rs201331205,0.897516
rs71366592,0.967712
rs137875721,0.956036
rs79962533,0.927784
rs4239052,0.96594
rs8068141,0.853148
rs79202680,0.873116
rs536055318,0.96014
rs9898284,0.99998
rs149484012,0.977812
rs575147162,0.962788
rs373796125,0.99998
rs12949420,0.812656
rs552407714,0.966208
rs312456,0.98294
rs545779157,0.858724
rs1875556,0.88228
rs186021206,0.986792
rs200489612,0.993872
rs3809719,0.843916
rs1143015,0.94238
rs6258,0.866468
rs9894946,0.994884
rs2111834,0.947256
rs547040680,0.91726
rs62064868,0.99998
rs189723338,0.926672
rs183418180,0.99998
rs4646410,0.90536
rs56157833,0.949512
rs552547627,0.986984
rs185340894,0.99998
rs556509116,0.987364
rs71367425,0.872908
rs854788,0.92518
rs369187384,0.999736
rs72827448,0.995884
rs149859715,0.99998
rs373416836,0.999676
rs35140082,0.882512
rs138749087,0.99998
rs79063783,0.992788
rs11654191,0.81382
rs11657236,0.99998
rs556380228,0.821272
rs757267773,0.829792
rs117983984,0.99618
rs184901477,0.99924
rs763670681,0.99998
rs12937081,0.977116
rs117787934,0.954748
rs56400600,0.996496
rs8067341,0.99998
rs7207008,0.993784
rs77697917,0.969312
rs71382995,0.872152
rs560640688,0.971068
rs116878033,0.963644
rs190279881,0.98418
rs1628073,0.810136
rs170640,0.85322
rs55814322,0.882252
rs55764662,0.99998
rs181663810,0.954148
rs187048997,0.981712
rs201199523,0.99998
rs111656662,0.943964
rs74456742,0.994804
rs73983956,0.891928
rs5912,0.961136
rs41280084,0.873208
rs2231650,0.998168
rs2051821,0.973332
rs1010230,0.99998
rs1627452,0.938968
rs62078411,0.994768
rs658979,0.901724
rs138044030,0.967932
rs117936595,0.959816
rs118023735,0.915004
rs184892430,0.988968
rs68159943,0.817092
rs17578725,0.839984
rs138012243,0.989068
rs139174970,0.99998
rs150255904,0.970616
rs72843539,0.927516
rs8178824,0.948852
rs8079499,0.888276
rs11652752,0.99998
rs186064934,0.986608
rs55835076,0.9638
rs142440040,0.928368
rs148176451,0.997472
rs184178259,0.963344
rs4023107,0.945188
rs543783859,0.92766
rs79204340,0.985908
rs34931250,0.966392
rs80200164,0.957156
rs75768363,0.998576
rs192625816,0.9761
rs2467570,0.901064
rs527905090,0.932096
rs146530845,0.91618
rs192973996,0.95212
rs9674537,0.811156
rs184587264,0.918868
rs12949533,0.99998
rs539293720,0.99998
rs76650272,0.968688
rs112124071,0.88318
rs72896265,0.925516
rs149403101,0.96012
rs11651398,0.869196
rs7208596,0.819504
rs543450475,0.960504
rs16971523,0.918832
rs148944176,0.984092
rs117976628,0.952296
rs140486120,0.805372
rs1057040,0.860816
rs184742269,0.850224
rs117716831,0.828864
rs548071654,0.922652
rs117675037,0.931924
rs9954332,0.939244
rs117110552,0.99998
rs74869132,0.997352
rs9958656,0.9656
rs8092347,0.887008
rs7232121,0.922984
rs191275892,0.93748
rs28591408,0.882216
rs9944662,0.889084
rs9748503,0.892392
rs3965122,0.946324
rs112104054,0.985056
rs7236732,0.992552
rs11874251,0.90974
rs10469221,0.83392
rs68033110,0.986736
rs2613797,0.841088
rs576361646,0.962412
rs35825892,0.949596
rs541122725,0.932992
rs72976945,0.923736
rs117473487,0.99998
rs140448673,0.998924
rs12327771,0.907652
rs4991028,0.872032
rs144068703,0.99998
rs2261986,0.850408
rs190520,0.810816
rs58324296,0.94462
rs12973945,0.963916
rs10410204,0.81052
rs80212706,0.880376
rs8101064,0.99998
rs612862,0.93718
rs557328,0.954812
rs113903995,0.999784
rs55762289,0.887092
rs2115107,0.967044
rs11669207,0.82238
rs10425626,0.931068
rs550837168,0.873636
rs140744493,0.992592
rs62117489,0.958876
rs117551866,0.99998
rs188296825,0.999296
rs3826810,0.96676
rs113783450,0.96436
rs138572354,0.99998
rs737338,0.992404
rs72996206,0.953764
rs167479,0.981932
rs183069412,0.901888
rs542790934,0.868504
rs1985805,0.966232
rs143391780,0.944596
rs188247550,0.95976
rs76944848,0.882472
rs139661349,0.969708
rs148497901,0.951528
rs139549297,0.915252
rs141291110,0.961248
rs41355649,0.83694
rs116905734,0.989196
rs10422861,0.801536
rs79449543,0.899196
rs33823,0.899236
rs73041146,0.96972
rs153702,0.888688
rs555464653,0.891564
rs551810,0.986848
rs4805994,0.952104
rs143130831,0.948756
rs12973037,0.961664
rs2965273,0.94034
rs561772033,0.92202
rs759387366,0.97878
rs67242970,0.998168
rs41523449,0.98484
rs45512696,0.880108
rs17705291,0.981448
rs61396797,0.983844
rs139829805,0.933032
rs146879495,0.980512
rs67568271,0.970632
rs77149513,0.91618
rs6508974,0.999348
rs35538872,0.99998
rs75611450,0.937984
rs2682588,0.893324
rs10402946,0.969848
rs112789937,0.998164
rs112019714,0.963936
rs769446,0.870868
rs769449,0.963536
rs1065853,0.965156
rs75627662,0.910752
rs1064725,0.946888
rs79429216,0.909876
rs4802269,0.867992
rs2878163,0.905328
rs576816697,0.978104
rs7257625,0.954268
rs571082449,0.935216
rs62136103,0.865476
rs148002313,0.95652
rs838133,0.997084
rs4801773,0.980276
rs2081194,0.928704
rs35930240,0.951576
rs150153488,0.865148
rs77552159,0.891552
rs11878551,0.95628
rs11878591,0.878172
rs34750569,0.927956
rs56041755,0.822768
rs142385484,0.97686
rs188103413,0.966708
rs1545474,0.974492
rs1065249,0.987564
rs150591496,0.948504
rs112825035,0.94702
rs4802678,0.994372
rs2228665,0.958908
rs117727035,0.991212
rs2864437,0.883008
rs112500805,0.98382
rs2902745,0.854776
rs548247166,0.99998
rs7247619,0.92862
rs10419088,0.888728
rs56206139,0.891288
rs2207132,0.879684
rs73124945,0.970412
rs142011456,0.99998
rs1997833,0.987376
rs78685520,0.99998
rs11697337,0.871956
rs2870132,0.90492
rs62210569,0.929128
rs6065232,0.978972
rs11574732,0.988984
rs11574733,0.91796
rs192449371,0.878464
rs748211306,0.994068
rs2245717,0.815744
rs142927433,0.99942
rs117728211,0.965212
rs4812975,0.983776
rs73307913,0.859028
rs180951901,0.986864
rs117529432,0.99998
rs141140319,0.99998
rs6124882,0.9924
rs2236519,0.816604
rs17733118,0.946124
rs6068280,0.933008
rs1892204,0.80388
rs12106016,0.9278
rs2865390,0.8578
rs41302559,0.99998
rs142530362,0.95454
rs115009976,0.995832
rs6026243,0.874056
rs4809548,0.984288
rs12479532,0.925584
rs73619484,0.915516
rs137882845,0.943436
rs1291211,0.855368
rs139444856,0.968152
rs141617990,0.985952
rs41278204,0.99286
rs6011210,0.849552
rs6062599,0.99998
rs11697182,0.883372
rs576414052,0.99998
rs293567,0.99
rs57830114,0.991992
rs1003522,0.848024
rs574045175,0.943376
rs293709,0.99998
rs2065703,0.964416
rs67611724,0.898596
rs34519628,0.811264
rs118066733,0.99998
rs143398227,0.99304
rs76917639,0.98212
rs533342414,0.820512
rs45494093,0.80878
rs9610329,0.900796
rs538058160,0.967584
rs186876183,0.945556
rs11704877,0.990896
rs2071887,0.958876
rs73157136,0.852884
rs5757227,0.8548
rs534385440,0.971696
rs7284966,0.989572
rs540665258,0.991332
rs143743568,0.959328
rs2281106,0.909524
rs568276848,0.938524
rs58078575,0.889644
rs112777323,0.823544
rs4253678,0.80594
rs4253680,0.916512
rs6008749,0.949204
rs117447747,0.994456
