rs71633107,0.00024628933811744
rs151003880,0.000227375014288289
rs13162221,0.000290769723861763
rs13162284,0.000242283861252423
rs113559301,0.00181001845333032
rs146332373,0.000243317147567517
rs141925081,0.000243641753430115
rs141231535,0.000223144779136489
rs115286605,0.000242489000622712
rs144911216,0.000244195117299437
rs77777392,0.0486454375055482
rs200523120,0.000248210088283162
rs9763012,0.0492668651608939
rs4866851,0.000246014926199505
rs5024556,0.746834383230188
rs78555461,0.000243273425697898
rs35789639,0.16764110376894
rs34601610,0.000231698432874348
rs79904860,0.000256577827468176
rs71633110,0.000231309197433197
rs4615307,0.000249331856609096
rs13170221,0.000279177271594665
rs34928490,0.000263325506437667
rs13184592,0.000225863275293989
rs13184605,0.00022636767112557
rs199598973,0.000216085334810969
rs76029587,0.000213429712330663
rs76561640,0.000192720918611776
rs35009945,0.000317317838221432
rs71633113,0.00032634471032762
rs35050534,0.00041564085931659
rs72750173,0.000183232733021887
rs72750176,0.000185286128095333
rs6879107,0.000220124213955347
rs72750177,0.000183135573974328
rs59740408,0.000186294414488465
rs72750180,0.000191208153620093
rs72750181,0.000211605926611379
rs10434607,0.00018521795631415
rs72750184,0.000184474808725833
rs72750185,0.00018393047240656
rs7707393,0.000198543314528936
rs7707610,0.000204110478868093
rs55969046,0.000184051529061207
rs6872836,0.000204387758945217
rs10053456,0.000187429810375912
rs72750186,0.000184150299099476
rs55663749,0.000184591937259523
rs7722961,0.000198381822658994
rs55720235,0.000183420953841246
rs72750188,0.000222190310944565
rs72750189,0.000221570908041243
rs72750192,0.000205762461619175
rs146775759,0.000183974236925669
rs9716976,0.00044632854951322
rs199517474,0.00018403458696581
rs200664591,0.000183141411035159
rs202097762,0.000183850924201989
rs7727136,0.000205719480638259
rs143408657,0.000183894697124937
rs6451745,0.000211532270766142
rs143282016,0.000184130023638572
rs6871166,0.00024218760630478
rs7732381,0.000211751075585346
rs7713136,0.000212111649505741
rs7444151,0.000246704721675773
rs7447415,0.000243740988755823
rs112246130,0.000185521110619707
rs7727274,0.000212169578013815
rs4866856,0.00018774809873557
rs4866857,0.000239041181503244
rs199593609,0.000234664924514036
rs4866858,0.000190044035421807
rs113484589,0.000185287450746706
rs13163856,0.000193316985074629
rs7700266,0.000201639342006402
rs6859263,0.00018421244305555
rs72751803,0.00018588067994719
rs7704916,0.000210902476757119
rs7705250,0.000186071916902474
rs7705283,0.000188837792385497
rs10462064,0.000186078602338827
rs4521480,0.000187163097800819
rs58649795,0.000185732819879609
rs10461752,0.00018686463545097
rs10462065,0.000187428224063943
rs4512135,0.000198797579627415
rs12513463,0.000185249038857807
rs4866762,0.000186985456719509
rs4866763,0.000183808868285543
rs4866859,0.0001828274229597
rs10039433,0.000199588862054736
rs10941653,0.000199274363621057
rs6897580,0.000186104090770377
rs11747399,0.000197504080828834
rs4242104,0.000218170030480057
rs6451748,0.000223071582445058
rs4590185,0.00019871763920157
rs10462066,0.000184243390849959
rs9292900,0.000218725423747357
rs4362950,0.000192800589348978
rs7731409,0.000221977980270626
rs72751880,0.000185565940636944
rs6897631,0.000218348293245245
rs6897692,0.000227696735089775
rs9292902,0.000233585016546144
rs4130792,0.000232165296660082
rs72751881,0.00018443166122415
rs6879010,0.000232622528151576
rs6878579,0.000231800769289242
rs6859939,0.000231940177270657
rs4285229,0.000223007450882317
rs10076380,0.00023280186657748
rs72751887,0.000184305376838113
rs5011482,0.000212025736631426
rs4424001,0.000205678313216603
rs12656616,0.000210945779822316
rs10054782,0.000190822488152407
rs4242105,0.000188945311894955
rs4866860,0.000203189396495648
rs4242106,0.000190969089383341
rs62368130,0.000191411337349321
rs12654857,0.000209978771989418
rs62368131,0.000188728488244948
rs72751899,0.000197844596856583
rs10056610,0.000190134252333968
rs12374502,0.000192313540563629
rs12186355,0.000355285933601659
rs12374590,0.000189852127786382
rs10473338,0.000216769503825592
rs4502833,0.000193451933391443
rs62368132,0.000200136643269684
rs12186514,0.00019456411788829
rs57879248,0.000183853509188927
rs72753613,0.000185924571389124
rs4280876,0.00020272897643569
rs72753614,0.000183276415390408
rs10805679,0.000200561533300974
rs10941654,0.000200189600178843
rs10941655,0.000208241162287487
rs4602633,0.000193556400974676
rs60531540,0.000186766254026896
rs56676540,0.00018515768559057
rs4866861,0.00019549555839429
rs113597754,0.000184193669519761
rs10037476,0.000195294701333302
rs10473339,0.000215596525242162
rs10473340,0.000190480350444123
rs10068722,0.000209639891595218
rs56321266,0.000184317877391235
rs55886751,0.000185153728238689
rs10068739,0.000233069294218846
rs4866764,0.000186779418170772
rs4866862,0.00018459708045884
rs72753627,0.000185253647049882
rs12515359,0.000219495370699513
rs72753629,0.000186821820895884
rs72753631,0.000186696566579297
rs72753633,0.000186097249697293
rs12518051,0.00019817495989819
rs4866863,0.00019922804440976
rs4866765,0.00018602433151134
rs113991249,0.000186317657634271
rs113358593,0.000186612900077479
rs72753635,0.000186362562954661
rs112185438,0.000188067564956519
rs10038690,0.000193460276830207
rs10044222,0.000195399352364509
rs10062298,0.000194271590625105
rs10039542,0.000193989344152237
rs10062392,0.000215079488720474
rs13188697,0.000213291204105501
rs62368136,0.000216707274461801
rs4866864,0.000194730526898592
rs4866865,0.000185708065944937
rs62368137,0.000226329720933644
rs75318003,0.000217134434243996
rs4501346,0.000195149590179963
rs72753699,0.000215698324731925
rs72753700,0.000185067243710519
rs72753701,0.000184360555482359
rs143556242,0.000186267650288023
rs116558399,0.000188532094036255
rs4866866,0.000220972484574123
rs4866766,0.000186719643614648
rs113376202,0.000185711687400064
rs12521430,0.000184214293281198
rs6871975,0.000195319085428481
rs76606202,0.000185946959696052
rs12520263,0.000195316553863884
rs12515099,0.000211623676677822
rs12520320,0.000184303685858424
rs6884203,0.000198787872027069
rs6858975,0.000224674946151334
rs13174925,0.000202120094009572
rs4632804,0.000184722290455024
rs56152271,0.000212338114015682
rs56171275,0.000224362760995648
rs4473774,0.000187291755244612
rs200857881,0.000184355505599195
rs72755310,0.000196819791832381
rs72755311,0.000186202085546182
rs13357719,0.00021401033696894
rs72755312,0.000186600948093222
rs56146348,0.000213089799310936
rs72755313,0.00018690268646017
rs34157826,0.000255526173416683
rs6451749,0.000221796788172663
rs6451750,0.000221688997913674
rs4489073,0.000195111654327478
rs4242107,0.000217838282726782
rs4242108,0.000204955197310825
rs4507494,0.000218796933243072
rs4492117,0.000187977760754565
rs4410642,0.00018688970351255
rs4242109,0.000187819959308136
rs4131426,0.00019022947105545
rs10076020,0.000444142137520662
rs10079877,0.000339080421956031
rs7706471,0.000274151813660662
rs7730111,0.000230858197794178
rs10062354,0.000242946342505145
rs12054795,0.000310372555549231
rs4593274,0.000381252816821272
rs12516199,0.00181487512403864
rs12518957,0.00148247482559436
rs9687409,0.000310894530769984
rs149494698,0.000681728744695562
rs10069015,0.000276436410569371
rs184153503,0.000197076099060049
rs141771712,0.00146381878829022
rs139418321,0.000277935281007051
rs111573490,0.00131293853364805
rs72755324,0.000283793887677949
rs72755325,0.000273478939343928
rs28837991,0.0015282497530605
rs4401577,0.0014716363670302
rs6891223,0.00122809850475975
rs4496715,0.000840901318863907
rs4410643,0.000329779404432957
rs72755333,0.000275406946000435
rs28879679,0.000295626098241243
rs73754105,0.000246864321590305
rs72755336,0.000274351723673292
rs12519758,0.000303255463587459
rs56401540,0.000302550213657468
rs13358399,0.000253175995003063
rs13356374,0.000239262465139742
rs72755339,0.000298257270287125
rs5007472,0.000184131824782518
rs4308489,0.000555013982184549
rs4596388,0.000301067184519811
rs73754110,0.000239563937093637
rs73754111,0.000238866527691292
rs4866867,0.000243869756159979
rs4866868,0.000893168955808841
rs4866869,0.000848444081706086
rs4866870,0.00029944550715451
rs72755343,0.000259408204658713
rs4391174,0.000844556352967004
rs10461753,0.000190966033525239
rs112863438,0.000184607441430829
rs34503567,0.000184515274033122
rs34284380,0.000185801703029884
rs200699181,0.000271184185925121
rs112701585,0.000489057431381432
rs10065889,0.000267458239991943
rs12518724,0.000403209562397008
rs4866871,0.00078879595370563
rs4571479,0.000243135035346553
rs4613717,0.000240586380591453
rs13359752,0.000323216305017667
rs72755352,0.000216037721852708
rs56007753,0.000799800632810444
rs58093443,0.000834136406592545
rs10071044,0.000896955676246814
rs57824552,0.000406949577493941
rs4866873,0.000290238537233932
rs10067818,0.000282972326394555
rs112361271,0.000778839256397297
rs143557844,0.000772891719907637
rs4866874,0.000201165781520956
rs4523005,0.000799522324843594
rs4566803,0.000800804253235468
rs72757321,0.000202451510727278
rs78102377,0.000310554609588166
rs4562046,0.000298980578566147
rs10037292,0.000782929202073703
rs72757326,0.000406288588195559
rs72757327,0.00020583094061938
rs72757330,0.000743862968710439
rs60307634,0.000403421363869065
rs4254916,0.000465627930191553
rs71633118,0.00145882640418819
rs4308492,0.000253720090639848
rs4308493,0.000263105168903168
rs4309981,0.000261995279630592
rs72757335,0.00041043613414205
rs12518129,0.000653686450388704
rs72757339,0.000204682264191174
rs72757342,0.000405436894671987
rs11738581,0.000182650371565854
rs77409562,0.000244864086418112
rs10941658,0.000710230183224885
rs55909827,0.00039173165691784
rs10068755,0.000740626321320663
rs10037136,0.000729359754157403
rs4866875,0.000723008333562658
rs12515453,0.000740330878590904
rs56100685,0.000206720469042236
rs116412148,0.00024992743301261
rs12519513,0.000209983716890972
rs4866877,0.000249411457752495
rs4620033,0.000746419190017119
rs10036975,0.000854889061778369
rs11532636,0.000403512898731207
rs11561700,0.000390744325191705
rs4320266,0.000407531393878177
rs11561699,0.00173918457888626
rs12697470,0.000240270205471019
rs10059789,0.000738360492217296
rs187876082,0.000387471381285806
rs150911434,0.000835196977358984
rs139738798,0.00022375974039565
rs10462067,0.000478646645207996
rs12518779,0.000221560801117037
rs4389696,0.000211933451486393
rs4293927,0.000835910296511699
rs10462068,0.000220339491166644
rs4296809,0.000657408739833388
rs10462069,0.000248045340814839
rs4866769,0.000791894037792198
rs77107305,0.000225298021606516
rs76359043,0.000220208301133274
rs73754152,0.00021279224438397
rs72759338,0.000806174279583409
rs72759339,0.0005730557931154
rs75921915,0.000239916178237897
rs72759340,0.000569952697704197
rs4866879,0.000802273230528448
rs73754158,0.000240820535691812
rs4242110,0.000812151644615292
rs12514816,0.000807544331419151
rs74539206,0.000215723468526872
rs58487553,0.000464606827435832
rs60717014,0.000802465889440535
rs4512136,0.000800725937687026
rs79804818,0.000240005386257727
rs10473345,0.000819663614913053
rs12522794,0.000215995573623318
rs76136706,0.000238361980963461
rs79468888,0.000238984703833675
rs4866881,0.000221170364069078
rs2330391,0.00076506778709703
rs1868254,0.000205364815656548
rs4866882,0.000947737731232864
rs4866770,0.000909704019494061
rs2034348,0.000312844812434287
rs12653644,0.000211373319477309
rs13357950,0.000209216561261911
rs144633763,0.000220091474400569
rs3112776,0.000761667341386692
rs13355357,0.000212257270848298
rs12520384,0.000221663975344013
rs12518021,0.000721999342567882
rs12515307,0.000720987626674295
rs146944028,0.000221977746347024
rs12516135,0.000220184677703999
rs989255,0.000230913617138801
rs4866772,0.000206256878134363
rs10512835,0.000326213155670889
rs74661554,0.000312811421443359
rs74882068,0.000214078868799233
rs4627993,0.000320911376532008
rs2877134,0.000850199522862229
rs75403511,0.000216792306217103
rs6892008,0.000183749517349187
rs4866883,0.000787522967455415
rs6897913,0.000330678373143422
rs77736080,0.000257476156445105
rs56338120,0.000811699722083321
rs3112775,0.000599071715985145
rs4866773,0.000216695260998594
rs10063178,0.00153701432597075
rs78117246,0.000228447082190878
rs10071365,0.00123046254164381
rs10079810,0.00151552267943469
rs10043545,0.00144464202749094
rs55676975,0.00144354808697374
rs12152777,0.000492417117882174
rs1550939,0.000756397884030475
rs142659338,0.00021810809837196
rs10941659,0.00078829790957514
rs12523455,0.000216509718600993
rs10941660,0.000771388507180917
rs4637558,0.00137631818233985
rs4643965,0.000447651232461645
rs78999502,0.000215459410509201
rs16873829,0.000320437210987058
rs878037,0.000391682509929947
rs10512836,0.00373539661527746
rs4866884,0.000229533267243571
rs73754176,0.000384523740491327
rs58855274,0.0013094908853837
rs77317493,0.000397283153861022
rs10040193,0.00139539248563992
rs4866885,0.000303895494564534
rs1823252,0.00160520960453144
rs726941,0.000225498501067194
rs16873839,0.000266938124985845
rs4866774,0.000512649765792371
rs75125011,0.00049118171667766
rs4866886,0.000581737484375465
rs4866887,0.000392418066032412
rs10452473,0.00047252711266244
rs57687146,0.00028221391934029
rs2053784,0.000565417993737755
rs6889538,0.000201972251395438
rs111565218,0.000278730762520338
rs13357200,0.000584307921361448
rs77506211,0.000279774741333806
rs10063559,0.00049082120240473
rs16873866,0.000275875810766284
rs76455323,0.000264610171813091
rs7380031,0.000533384316981749
rs12513619,0.00025405861649774
rs9283762,0.000329109681340323
rs10473347,0.000261721528138279
rs16873876,0.000346333474888716
rs10473348,0.000569938596399077
rs28408208,0.000502516316893513
rs10054646,0.000674074485548105
rs80173788,0.000241410361839359
rs9885468,0.000658287851227739
rs78142257,0.000211708106506122
rs10068893,0.000326626743609198
rs9632410,0.000300379327934965
rs115171932,0.00021683008560089
rs76451118,0.000219077919931966
rs921177,0.000323596381564417
rs1809045,0.000201808254222797
rs1809044,0.000205157161576634
rs80243323,0.000285816273893241
rs1448036,0.000192491169198755
rs10044215,0.000189313921322249
rs10473349,0.000191780099707072
rs76003790,0.000187443486581388
rs6883160,0.000189910085445948
rs6866891,0.000187260031253325
rs10472390,0.000186146622888103
rs74857237,0.000206787388258268
rs79581441,0.00023588613665641
rs7713769,0.000188355331953668
rs60966956,0.000193329327897815
rs1374964,0.000189892613044511
rs77975471,0.000209127609456863
rs2034346,0.000188888206161162
rs11955386,0.000218116974340326
rs1839094,0.000219935660059021
rs76577047,0.000193495686692393
rs17250399,0.000889154432836119
rs77825455,0.000195709785250379
rs4610466,0.000211075849005758
rs2053786,0.0001894520603207
rs10941661,0.000228521970840342
rs10064886,0.000229473503243857
rs10071859,0.000231858278028533
rs28378497,0.000229107474525233
rs28676336,0.000195075282468157
rs80264550,0.000198227588328532
rs75966986,0.000200355489372593
rs10941663,0.000191963574331535
rs4242111,0.000188636447853702
rs4410644,0.000188195280405502
rs2330542,0.000194622136235967
rs4866889,0.000203974361477847
rs2166832,0.000218711065448023
rs77826884,0.000193408393892832
rs6862505,0.000191596038035425
rs10062585,0.000187211102648441
rs10064342,0.000200683463863192
rs16873923,0.000199977669695429
rs10472392,0.000192169297981824
rs78220969,0.00019099326201682
rs113165935,0.00018670423566982
rs13156213,0.000193432167209555
rs6896904,0.000257143975943059
rs12656842,0.000227644729276042
rs12520496,0.000189034701484321
rs79050154,0.000188823116925549
rs76003829,0.000188094629182241
rs1374977,0.000194833599927276
rs146035333,0.000189787482003674
rs138734246,0.00019144626686671
rs1448044,0.000191860435580088
rs1374978,0.000192688068742525
rs1448045,0.000187177453676335
rs10072476,0.000186835046899005
rs9292903,0.000197669931435495
rs10074405,0.000194848623573564
rs1979078,0.00018487802583689
rs1979079,0.000182827465079885
rs6881989,0.000184813093198255
rs13186320,0.000242118267281678
rs1823251,0.000183817866143456
rs1374961,0.000188088491441923
rs2290070,0.000185001019229677
rs6451758,0.000184370089462123
rs17234597,0.00018479911288028
rs10473352,0.000183467203400875
rs17228137,0.000187023406396216
rs17228130,0.000184245032261714
rs6881797,0.000185721174326119
rs1374962,0.000224970805968835
rs1448035,0.000228933379434344
rs1839090,0.000196448335788857
rs1839091,0.000194777196129803
rs1816964,0.00018813726493621
rs10473353,0.00021614750606734
rs980510,0.000193284215813071
rs1816965,0.000185301342164106
rs4498258,0.000224887361987487
rs13159800,0.000190111224212456
rs4410645,0.000191942730978744
rs4409099,0.000184948091791348
rs75008437,0.000184694972466671
rs4866891,0.000195820497219314
rs13185276,0.000195893921025799
rs10055386,0.000195689799637751
rs13165847,0.00019515807448273
rs13170645,0.000191891613535251
rs13180550,0.000197191683070052
rs12652957,0.000201152604545456
rs987642,0.000227756857470625
rs67412235,0.000220444048143438
rs735083,0.000183883248435303
rs983373,0.000231389859582681
rs1011814,0.000195332127877698
rs72763188,0.000225948233658661
rs10512844,0.000219063644042666
rs2330544,0.000193354210716897
rs2330545,0.000198419786072992
rs4866893,0.00019395697572647
rs4866894,0.000192192506725557
rs16873982,0.000221269245931364
rs16873983,0.000215843047932514
rs61032851,0.000214984087182713
rs10512845,0.000214761208528329
rs6451761,0.000206903290102835
rs10073166,0.00021378352712749
rs16874002,0.000218044581420487
rs12657059,0.00021774935293804
rs12523512,0.000227032348132894
rs996935,0.000215203945763161
rs12516566,0.000236928740869576
rs12513830,0.000227482051343343
rs1448039,0.000193730531529598
rs72763202,0.000241641564587071
rs1448038,0.000217295203725447
rs10060548,0.000223114498267902
rs1374970,0.000200262334880817
rs1374967,0.000223464699359776
rs4866895,0.00018434278335725
rs1550937,0.000219261592054886
rs593307,0.000229334607715566
rs1351635,0.000205950886169474
rs1482689,0.000221564630597425
rs339509,0.000227988938998855
rs10941664,0.00021295989844954
rs17234079,0.000944954851469715
rs1482671,0.000191379540552673
rs339505,0.000208787037990498
rs1482672,0.00019000807803018
rs339502,0.000206155936850996
rs2121875,0.000191081261859376
rs16874036,0.000215948098806622
rs6859730,0.000188932226537914
rs1482673,0.000190723036328954
rs1482675,0.000206438608804848
rs900379,0.000189916217488355
rs11750845,0.000223191405747746
rs10805683,0.00018727988193674
rs1384449,0.000192888696082349
rs79290724,0.000184619061256957
rs969520,0.000185859489181323
rs16901816,0.000184567757367978
rs2973644,0.000206641306125298
rs2973646,0.000201134795154759
rs6891282,0.000184623453618988
rs2973649,0.000235602084868007
rs74586871,0.000199194990800896
rs2973650,0.000191617980795736
rs723166,0.00434909058111979
rs10473354,0.000394174489146027
rs62366748,0.000505942221798865
rs10941665,0.000681424375191684
rs4866897,0.000903575600350338
rs16901841,0.0007057519871349
rs16901843,0.000609881527967131
rs4866898,0.00586830260577599
rs10052488,0.000743077239091412
rs973844,0.000815508277286648
rs973843,0.000774750643476196
rs9885121,0.000829727046492755
rs9292906,0.000851524775013927
rs2200123,0.00078711712871828
rs6874246,0.000797581280307927
rs10472394,0.000790310570785404
rs12655031,0.00223611242359141
rs10055789,0.000800216291613181
rs10055953,0.000819197494812482
rs4146354,0.000686711783326681
rs4404686,0.00165199877242319
rs2330551,0.000695148885890507
rs922852,0.000679253602241101
rs922851,0.00188057323110632
rs987852,0.000800711174050421
rs1482668,0.00086331552964933
rs2877163,0.000656464336637147
rs2330552,0.000223155347625163
rs16901850,0.00062866194813903
rs2330553,0.000685799657576131
rs2330554,0.000678494944522367
rs1482667,0.000648574513553477
rs4242112,0.000658929273278845
rs4314404,0.000785898966003782
rs1384451,0.000752344604734984
rs62366749,0.000631297313161158
rs1482685,0.000828135242240957
rs1482686,0.000502801525551925
rs9292907,0.0002128000049614
rs77227243,0.00121327511955854
rs2330428,0.000490216016702821
rs2128436,0.000616416986594497
rs1351637,0.0010528771246943
rs1116180,0.000196212272341334
rs12189214,0.000197268524912432
rs58035824,0.000199084922940246
rs4866899,0.000736976781319568
rs4866900,0.000258378088910127
rs7712213,0.000493541571381375
rs6893590,0.000217264449453686
rs1384445,0.000323050515099739
rs1905191,0.000444619074468876
rs10461756,0.00020915923452121
rs2128430,0.000475355945186809
rs6451762,0.000419451974913078
rs1120717,0.000337501835563512
rs1120718,0.000463142283819052
rs2086655,0.000205270599371401
rs13162578,0.000228943954069105
rs7707044,0.000366719406303671
rs7724859,0.000463683546563798
rs8180484,0.000214212597705835
rs6879342,0.000437803473456778
rs747187,0.000217246565662972
rs1482684,0.000462772744223351
rs1384450,0.000220742330114613
rs11950046,0.000218730640471632
rs10461757,0.000198888188795251
rs16901870,0.000311076651860812
rs1482691,0.000585137332505059
rs16901871,0.000333365514473471
rs12516346,0.000505357345846774
rs1482690,0.000532012456578895
rs34119371,0.000349418476779412
rs6865230,0.00033495285171416
rs6865011,0.000333324781855896
rs6865330,0.000294304778259117
rs57068965,0.00029321526795235
rs16901875,0.000291341734041269
rs72748075,0.000294195706419842
rs1384454,0.000512583696289443
rs56323939,0.000377790760313338
rs72748077,0.00022206872652227
rs10941667,0.000190336216039395
rs1384453,0.000566408791576685
rs7730866,0.000360721649469521
rs10941668,0.000192126859671261
rs1825237,0.000193114971359844
rs1905188,0.000297607581256916
rs16901883,0.00027337389484283
rs3898543,0.000306992095842978
rs960060,0.000306694594231767
rs59836876,0.000305306447198279
rs72748085,0.000320005176893042
rs1384447,0.000196846979753487
rs13160582,0.000310379127749746
rs10512854,0.000357630048639669
rs4352602,0.000433192857471348
rs6883915,0.00042420474531385
rs12108957,0.000371557010972952
rs6864776,0.000526205770230251
rs2128434,0.000185371013556953
rs12109250,0.000398666658617147
rs7706806,0.000303459505464021
rs7710996,0.000427582653589327
rs13153459,0.000415740534992095
rs2128435,0.000187132655443746
rs56203280,0.000469286033277436
rs56724254,0.000444322894351376
rs67667620,0.000421903601928584
rs35420014,0.000317333092689061
rs13173094,0.000331011847856384
rs6871730,0.000187682816014422
rs10462074,0.000189926449787883
rs9686344,0.000436922952282705
rs74595749,0.000436864230852624
rs7736427,0.000348615408717941
rs9765008,0.000435126919355316
rs74388345,0.000439396858239131
rs34227922,0.000436344737337791
rs4866776,0.000423544543098183
rs7709753,0.000187147096946412
rs56340528,0.000436506024369573
rs58761628,0.000405337418716017
rs6451763,0.000434651974838502
rs1531803,0.000232723120232007
rs2330570,0.000231784048604952
rs1905192,0.000383843162678189
rs873475,0.000368686540864657
rs6866555,0.000376458362912054
rs4866777,0.000186851865814653
rs10512860,0.000387145984151958
rs13190489,0.000336184778444151
rs1482663,0.000392624832511922
rs1351633,0.000363031123245516
rs983940,0.000381592185107893
rs4866902,0.000186300958491727
rs4866903,0.000185897652099365
rs4866904,0.000186510491893551
rs13169165,0.000333360232187162
rs62368491,0.0111584806586759
rs1482664,0.000333686334014555
rs1482665,0.00041488941939819
rs7727980,0.000357650396115331
rs12187906,0.000341499570800788
rs57060529,0.000340643658828975
rs67485736,0.00034014586449629
rs10805684,0.000185937983136357
rs60010565,0.000384728133249387
rs13155151,0.000349644128845477
rs4645339,0.000213883246950981
rs4634356,0.000301647379877357
rs4346775,0.000386300912263591
rs6897255,0.000384197278459419
rs13179281,0.000394156205243744
rs34391578,0.00038244543727589
rs6897963,0.000300909123550866
rs35656601,0.000408876271249104
rs55912972,0.000186533522262683
rs10055724,0.000375358304354014
rs4866905,0.000424990830307873
rs13189602,0.000398086037951455
rs56209069,0.000185780926265184
rs56008450,0.000185862891669337
rs4435876,0.000366366160369735
rs11745223,0.000186702557778399
rs56264037,0.000187094649087414
rs56163722,0.000187028373325073
rs4493679,0.000370213756455286
rs4274985,0.000347511602295497
rs10061860,0.000344783732959306
rs13355205,0.000347264179278809
rs35797502,0.000344787413580165
rs34031096,0.000359248261859163
rs10079222,0.000370241158901187
rs10040045,0.000210174418856518
rs7729423,0.000190051724237398
rs4627994,0.000350654959334237
rs4594862,0.000373839225411074
rs12188390,0.00021471818644746
rs13182481,0.00972826835446744
rs4463187,0.0130468222708767
rs7708449,0.000548964213046586
rs7713139,0.000572701997767328
rs4273616,0.000394931594303414
rs72750289,0.000216628996760214
rs6884594,0.00035832076980323
rs6889725,0.000356171988462341
rs6889804,0.000356386933388643
rs10063359,0.000356776203973741
rs35581367,0.000356601137377288
rs34164548,0.000356769218521536
rs4642379,0.000366756951745361
rs34577718,0.000253917325951829
rs28438634,0.000367417414865802
rs28483338,0.000491149683095473
rs28488464,0.0003724575726627
rs10054457,0.000370437516537391
rs10069792,0.000364129125850586
rs10069750,0.000373325899612353
rs149164021,0.00700224243362079
rs75758486,0.000289885919287051
rs4643967,0.000287467674560999
rs4309980,0.000201484801270801
rs77636815,0.000225648876324848
rs56980962,0.000224811596877728
rs60068595,0.000235290278072896
rs9765572,0.0159536044868161
rs9764095,0.0159387987625938
rs10062760,0.000227373694656965
rs10062844,0.000451734359181267
rs4329026,0.0005336370572933
rs10064677,0.000455108353604271
rs10064870,0.000425146847048484
rs6869262,0.000278194465314166
rs4866909,0.00800605666375835
rs10067171,0.000434986512103048
rs10075000,0.000432179964302985
rs10067248,0.000227483516450348
rs10067534,0.000281928352549348
rs191943443,0.000559318883889356
rs10069029,0.778569273673898
rs372629192,0.000474381967993016
rs199583561,0.000544635067257169
rs10473362,0.000433798107914795
rs141042499,0.000427045419349108
rs146912027,0.000426790277202218
rs367741627,0.000226069711158244
rs75479239,0.000462591321259072
rs28778627,0.000427130882979562
rs13179044,0.000307385647728133
rs13161452,0.000307411488489624
rs13179520,0.000306340641615151
rs35257759,0.000448384639352009
rs62368523,0.000558834112492342
rs62368524,0.000529363562415847
rs10462078,0.000527205012102443
rs7448715,0.000525044406256744
rs4640800,0.000442340256208441
rs7445263,0.000436493846992212
rs4866911,0.000523862529834011
rs10035625,0.000438768527910271
rs10038534,0.000441462378898975
rs10059745,0.00752340585940631
rs6885437,0.000441029851400358
rs6890819,0.0004507079480642
rs6890908,0.000434456881071067
rs4469202,0.000440911136471786
rs34709098,0.000440520419706972
rs61469554,0.000440207750605846
rs6862655,0.00769254899940926
rs6862704,0.000443589545205893
rs4348227,0.00772638248096137
rs4639238,0.00854658857494898
rs4481354,0.000429904265435147
rs4386739,0.000433819835726105
rs4392631,0.000576552953916587
rs4485935,0.000436650595272143
rs4608931,0.000433790825511683
rs4401578,0.000433019212989899
rs4416611,0.000435660762912997
rs10070248,0.00520136544776761
rs10054541,0.000422222837841857
rs10054544,0.000419931836018992
rs10054677,0.000420190715032434
rs7722103,0.000417037544197224
rs7722716,0.000408879860431442
rs13358061,0.000226919170496216
rs10941669,0.000420919605657175
rs13190202,0.00042243954529249
rs10066953,0.0100097198304386
rs10941670,0.00041392740521444
rs10941671,0.000416292948200963
rs10941672,0.000224942297463871
rs10941674,0.000470053302127484
rs10941675,0.000426779972975928
rs34483504,0.000415818883556018
rs10155570,0.000429685321076486
rs55899909,0.000406281446875584
rs12374507,0.0154230817427085
rs55732165,0.000428022259306859
rs10067591,0.000426714302971698
rs4594863,0.000427039999665764
rs6887936,0.000426715444805279
rs6892239,0.0106782105375722
rs10045149,0.000368207541762506
rs10079849,0.000368738447516503
rs10065325,0.00975071676948447
rs10051789,0.000365988895428269
rs62368526,0.000455875945443431
rs6896819,0.000369642712797023
rs10076870,0.000369177575054201
rs4573006,0.00859334780385439
rs56101501,0.000368027285283233
rs4441882,0.0089428655729433
rs4485936,0.00889319973182521
rs4529201,0.0131447013266075
rs9292910,0.000370906895744383
rs34810763,0.000367234786485403
rs10079592,0.000368102689503424
rs10472397,0.000369815825759832
rs13157597,0.000362851698090871
rs13157170,0.000361364035750496
rs75702879,0.000289493148681117
rs35676482,0.000394631438312681
rs4476732,0.00046889408038741
rs4643968,0.00161019863073796
rs78646388,0.000394687779552302
rs55744385,0.000396607118167486
rs60055069,0.000413795245296333
rs55636639,0.000374412482093478
rs9654396,0.0135738133488247
rs4866915,0.000271525264633592
rs4279345,0.000413516985863704
rs4286685,0.000398923663210639
rs34306496,0.000423272660844165
rs4866778,0.00915340518580652
rs4866779,0.000523798216048058
rs60408016,0.000437740314663984
rs4623153,0.00021821227286853
rs4481355,0.000426808528509994
rs4419598,0.000337034121408671
rs4419599,0.000323131343663
rs12233997,0.000600492514999094
rs112741971,0.000342038564185957
rs147267285,0.000346929978775786
rs35127643,0.000349020685693173
rs147916980,0.000260449545431746
rs140608073,0.000260293599721097
rs76996079,0.000617948670075337
rs4315927,0.00048697201889086
rs4426923,0.000351571803157904
rs4426924,0.00034903522405639
rs11745385,0.00067745745763415
rs34512724,0.000470952392014628
rs6866354,0.0171298038216665
rs11952948,0.000530102919316928
rs4463188,0.000197721321516244
rs4479849,0.000197150464056319
rs12516900,0.000198705440112043
rs36068815,0.000198790699827675
rs4321755,0.00019808975888365
rs4492118,0.000203689058741279
rs6890556,0.00020386868359296
rs66996829,0.000199537923201091
rs7735881,0.000199130310387377
rs10805685,0.000200228331915249
rs10805686,0.000202843473761899
rs10941677,0.000200363014817506
rs4415084,0.00019902806318248
rs7701466,0.000201167538204718
rs7720551,0.000203164804459912
rs6874055,0.000200109221949685
rs6863598,0.00020096079606306
rs12514778,0.000197108042598242
rs12514783,0.000199560240657593
rs4339357,0.000198300219760168
rs62368533,0.000203218914434444
rs181516187,0.000199922353689807
rs145342568,0.000200514612052603
rs10941678,0.00019853717689519
rs55788307,0.000199307413029838
rs34093175,0.000199001400693182
rs12655775,0.000198769040540909
rs58144701,0.000198858417375101
rs6871484,0.000199465308970578
rs4419600,0.000198263869944509
rs13155752,0.000196704048980884
rs56248730,0.000201194052370021
rs6884702,0.000199305477613271
rs12187196,0.000199341054935729
rs60707950,0.000196509060585855
rs12522626,0.000197100512343225
rs4571480,0.000196255806933967
rs10447145,0.000199396453458973
rs13185555,0.000192936683261414
rs6451770,0.000194485326201648
rs12515012,0.000196379881048726
rs1898701,0.000196341650972692
rs13176502,0.000199663207073909
rs2165009,0.000199033840324428
rs13156930,0.000198784962776364
rs920328,0.000200102456721109
rs1821936,0.000197386675907752
rs1371027,0.000198130206933142
rs10462079,0.000196221191981785
rs714130,0.000199354253009864
rs2013513,0.000196500153892337
rs920329,0.00019919725658631
rs13179137,0.000197691505251263
rs2218081,0.000198509954146375
rs34762678,0.000197246421508833
rs10941679,0.000249242534230591
rs2165010,0.000200486965397375
rs1438825,0.000201002389144418
rs6861560,0.000199276914808405
rs16901937,0.000223826558077296
rs2218080,0.000197593280764498
rs34871419,0.000190763452299194
rs11747159,0.00021423446869033
rs2330572,0.000203767194400645
rs994793,0.000195726889402501
rs1438827,0.000227782439939713
rs11949847,0.000200788513964885
rs74724331,0.000193473496744288
rs7712949,0.000195082876746864
rs13154781,0.000203848711988178
rs11746980,0.000204558865414437
rs7711697,0.0002067678996294
rs67274820,0.000192810669227129
rs16901963,0.000192370790622723
rs16901964,0.000192218944083161
rs16901965,0.000192102025585077
rs6859157,0.000192563284881038
rs6451772,0.000192979924540028
rs7710952,0.000194005538680786
rs7710978,0.000192560430016206
rs11750119,0.00019295710056615
rs6875933,0.000192966510646781
rs2118763,0.000204938064045335
rs2118764,0.000216755700007948
rs1821934,0.0002106994381353
rs7736952,0.000192547756428476
rs2877172,0.000211599358993233
rs7737491,0.000203541009099825
rs13185174,0.000193675023270107
rs6451774,0.000194464794109989
rs727305,0.000194108824960601
rs2330619,0.000192766634030522
rs727303,0.000231519147612726
rs727304,0.000193514174104744
rs13177711,0.000203778785465662
rs1438820,0.000205423750324447
rs1438819,0.000193174524016786
rs12652026,0.000194250693705773
rs10462080,0.000192306912085786
rs10462081,0.000194271513073751
rs10462082,0.000275504238003867
rs6896417,0.00020701155685894
rs13183209,0.000192684713173962
rs6872254,0.000193787910907701
rs969679,0.000190965395507424
rs7717459,0.000191957108532332
rs13159598,0.000209010589150622
rs10462083,0.00019174758288513
rs3761648,0.000193317113628608
rs3761649,0.000193781136722662
rs3761650,0.00019214056409082
rs1866406,0.000192360750413314
rs13174122,0.000192802019849964
rs11746506,0.000193420499689715
rs12188871,0.000192213490932813
rs11741772,0.000192278632410014
rs7716571,0.000204258023433282
rs7720787,0.000206078260246174
rs9637796,0.0001920467053989
rs9637783,0.000193799463181739
rs1061310,0.000204387891758296
rs2165008,0.000193179562733554
rs4457089,0.000193066803137084
rs13189120,0.000192201501765439
rs930395,0.000217809270249241
rs930394,0.000193283923943866
rs7711136,0.000208077717218606
rs7730841,0.000209679872635487
rs10512865,0.000208627291119967
rs12656984,0.000193170713870798
rs71610376,0.00019305276564536
rs113635282,0.000192992801289868
rs7702464,0.000209599168211328
rs7703059,0.000193250050788567
rs6867533,0.000208995610581972
rs6868232,0.000192659285151352
rs12513749,0.00019274451816791
rs12518851,0.000194307114904686
rs1048758,0.000201874232926846
rs13155698,0.000193660098890957
rs13160259,0.000203206900200903
rs10038562,0.000192877005137824
rs6896350,0.00019326172289854
rs79445997,0.000196696970096701
rs1371025,0.000193266655638065
rs72756222,0.000282684367113916
rs10064434,0.000213850771523186
rs10064437,0.000192868531945697
rs10072259,0.000192930258380728
rs4596389,0.000192333523772836
rs6451775,0.000194049456218079
rs7380559,0.000203767976365027
rs16901989,0.000194471192391584
rs2330620,0.00019246610870709
rs2083243,0.000193626918387089
rs729599,0.000194371025359614
rs16901990,0.000193119412639675
rs10072025,0.000192497881275953
rs1371024,0.000193296319568084
rs987394,0.000195029743269642
rs1371023,0.000204056088905192
rs7715731,0.000192432318407147
rs1371022,0.000194530219229824
rs7708213,0.000193044451485719
rs7726586,0.000193485541578742
rs1898700,0.000202328921260618
rs4440370,0.000194570086586457
rs4492119,0.000192294753572846
rs4605791,0.000194859292086899
rs4604199,0.000196844538357626
rs4566804,0.000196237203437873
rs930396,0.000211342153006961
rs7703497,0.000192191547906725
rs4629607,0.000194373371247636
rs6451778,0.000192016460028185
rs13362132,0.000207450548950652
rs1438821,0.000212974230909762
rs1837286,0.000192959133763645
rs1438822,0.000193400271046502
rs6451781,0.000192038865272531
rs4373287,0.000192677080579494
rs6871052,0.000193432052855186
rs6893319,0.000193042522823703
rs10053247,0.000193630019312888
rs10057521,0.000194114747788426
rs10065638,0.000194001671305598
rs11958451,0.000193462161846116
rs6894324,0.000192496251080048
rs4607355,0.000190936041174104
rs4562047,0.000192608283523364
rs4512137,0.000191169264069119
rs4395640,0.00019412531743469
rs10070037,0.000192498306825745
rs4518409,0.00021379979587892
rs9292913,0.000231013146831633
rs9292914,0.00019178812588763
rs9292915,0.000215556365990211
rs10059086,0.000192864830655248
rs11951760,0.000193868147138447
rs4329028,0.000215223762705877
rs7716600,0.000259209038856285
rs4412123,0.000226912925958267
rs4866783,0.000193380364104893
rs4866920,0.000192212446192104
rs7705343,0.000209636256816523
rs10040488,0.000193287816548342
rs11948636,0.000193315207521876
rs13157608,0.000192239009094172
rs10069220,0.000193333657755601
rs13187933,0.000191435429055447
rs13168400,0.000193685633675306
rs74918844,0.000291624831237268
rs11948387,0.000192785466825632
rs4642377,0.000191791809970979
rs6868779,0.000193107844728057
rs10045264,0.00019313056992167
rs13356086,0.000192321241618782
rs10070928,0.000191080836451473
rs4391175,0.000193027592733793
rs10044321,0.000193473420499827
rs7718354,0.000193788278530496
rs6883465,0.000192464408847896
rs34115673,0.000193008441154313
rs10035358,0.000195423931721416
rs13154729,0.000194289938314933
rs200929182,0.000196707325444413
rs4591754,0.000193306186240247
rs7356604,0.000193777479681017
rs7734331,0.000193393764941046
rs57300972,0.000221607102218697
rs4129642,0.000192504191913235
rs10060878,0.000191347905359017
rs9790879,0.00021403647918263
rs9790896,0.000219655706989415
rs9791059,0.00019295526283637
rs4457088,0.000191390428257615
rs4866784,0.000192756285318773
rs10462084,0.000302154827287488
rs10039173,0.000192491209355082
rs9791056,0.000191665057338168
rs9791164,0.000192182469355276
rs11957920,0.000218457911110586
rs10070339,0.000215367175822825
rs10060645,0.000192813701824158
rs139904077,0.000183981295979682
rs13179835,0.000191833108810293
rs6880275,0.000193774262486026
rs6870136,0.00019429726511104
rs6881563,0.00019366619073171
rs34501299,0.000193100316501403
rs7703618,0.000193117087853519
rs6895062,0.000193602523001546
rs6874167,0.000193801949742439
rs10077814,0.000209211873637366
rs4866921,0.000193629898860578
rs6451783,0.000194928227951145
rs7707315,0.000193287075772456
rs6871820,0.000194570519916475
rs4298259,0.000193479888629792
rs7736092,0.000193053466152379
rs10941687,0.000191601154303103
rs6451784,0.000192894991199351
rs7728431,0.000192669038003774
rs7708506,0.000192128733430353
rs7708686,0.000192656507495294
rs7708705,0.000191559493446379
rs10042455,0.000193399273245307
rs10039866,0.000191578218851049
rs10043344,0.000251531313994111
rs10038554,0.00019257452350172
rs10044096,0.000229008532092437
rs10041518,0.000191983163509727
rs13153556,0.000191461960811444
rs4360054,0.000233012148848782
rs4323241,0.000252409019592584
rs12109710,0.000194248916272081
rs10063172,0.000191797584167564
rs10473376,0.000194553939070552
rs10473377,0.000193685004366728
rs10057341,0.000190675346866053
rs10073945,0.000191223425311153
rs4866922,0.000207131117215339
rs34325259,0.000196149497579681
rs12517690,0.00020961390757039
rs6875287,0.000211248227724276
rs11958808,0.000215367872337918
rs3935213,0.000191287629779494
rs4627995,0.000194639142281307
rs4326150,0.00019366879016207
rs61584374,0.000192747385588398
rs73752421,0.000193956067686922
rs4460145,0.000195787193108375
rs6869488,0.000196453714063137
rs72757850,0.000194714900504475
rs10941690,0.000194141461074411
rs6879309,0.000191081604624232
rs72759912,0.00019659050393259
rs6866995,0.0001922221756616
rs4296810,0.000191609024661121
rs112102893,0.000189569459239574
rs10462085,0.000193248316254109
rs111778497,0.000195851963086163
rs6869697,0.000242410260848867
rs6889445,0.000221647343486973
rs72759917,0.00027508143181938
rs62369865,0.000259225322582296
rs4590186,0.000232103337524861
rs7709661,0.000252024197574696
rs12517629,0.000204753015246039
rs62369866,0.000217479641295438
rs62369867,0.000191946059149499
rs200089586,0.000202986906327644
rs7707668,0.000192688570914295
rs6894974,0.000198336998030964
rs4533894,0.000195527914827662
rs59468706,0.000194411867943417
rs4371761,0.000198357413139945
rs76631775,0.000195309735501219
rs7731099,0.000192955703277466
rs7701679,0.000194169045050882
rs78273393,0.000191864140801234
rs4382180,0.000194811932836136
rs12522398,0.000221981055167012
rs4502832,0.000224591425244657
rs73752426,0.000193437875293396
rs62369894,0.000193902310798206
rs12054976,0.000213750264763061
rs62369895,0.000193048096248741
rs13183434,0.00018408803131607
rs4267876,0.000202327807973971
rs12055286,0.000201132586391554
rs12523384,0.000194518756217451
rs12523398,0.00020337855163587
rs12520813,0.000193200784468983
rs112042289,0.000402222724929509
rs56699889,0.000193780597936445
rs62369916,0.000209971431021796
rs10941693,0.000201412337509058
rs62369917,0.000186136862467014
rs62369918,0.000210317926006145
rs78835966,0.00018319457731543
rs12520698,0.000216296441784165
rs12520151,0.000212351071947569
rs12522803,0.00020174023566277
rs12522822,0.000219393108587213
rs6893494,0.000201107324266167
rs12522305,0.000222686790890652
rs62371360,0.000224829413009659
rs62371361,0.000231709672792014
rs62367461,0.000238232273034544
rs6898476,0.000204880098210163
rs12520430,0.000237161910011262
rs146480192,0.00019579679921759
rs62367464,0.000200765118946829
rs62367465,0.000227069156256536
rs6876773,0.000200331225120237
rs62367466,0.000199886708747912
rs12516998,0.000198523701492848
rs12519474,0.000206895027959378
rs112411343,0.000238762698062371
rs62367467,0.000241250205370184
rs12523157,0.000208175567615587
rs7711446,0.000195011075656129
rs7711528,0.00019447005365973
rs4357042,0.000205566679471288
rs62367468,0.000208468391353109
rs4533895,0.000196347798822497
rs4308490,0.000194664814592307
rs62367469,0.00020688986315117
rs4492120,0.000201434958698284
rs4566805,0.000202397323357986
rs4493682,0.000196462160030904
rs75856200,0.000203995427807719
rs71616284,0.00019949826780107
rs62367470,0.000335220868397617
rs12515820,0.000355146772954938
rs12523359,0.000359093325757073
rs13176182,0.000186254430780462
rs12514414,0.000191072931224352
rs6890289,0.000189669307449989
rs7734497,0.000190050515882189
rs62367471,0.000199474739116772
rs10941694,0.00020393946450193
rs12516488,0.000196985064541625
