rs71633107,4.3920422854171193e-13
rs151003880,3.950173521616307e-13
rs13162221,6.727951529228449e-14
rs13162284,3.390621117205228e-13
rs113559301,2.607036808655039e-11
rs146332373,1.0824674490095276e-13
rs141925081,1.5865087021893487e-13
rs141231535,1.1812772982011666e-13
rs115286605,1.5731860258938468e-13
rs144911216,1.6231460620019789e-13
rs77777392,0.00036273531721220387
rs200523120,2.1516122217235534e-13
rs9763012,0.0005021432331241416
rs4866851,4.1111558601869547e-13
rs5024556,0.9977504455103382
rs78555461,1.8174350913113813e-13
rs35789639,0.0013846759139811704
rs34601610,1.6475709685437323e-13
rs79904860,9.903189379656396e-14
rs71633110,1.9728663147589032e-13
rs4615307,1.084687895058778e-13
rs13170221,4.827249711070181e-13
rs34928490,3.2029934260435766e-13
rs13184592,2.028377465990161e-13
rs13184605,2.7777780076121417e-13
rs199598973,1.8562928971732617e-13
rs76029587,1.8807178037150152e-13
rs76561640,1.7541523789077473e-13
rs35009945,3.220756994437579e-13
rs71633113,3.5560443478743764e-13
rs35050534,5.050404539019837e-13
rs72750173,1.6697754290362354e-13
rs72750176,1.0680345496894006e-13
rs6879107,1.1579626146840383e-13
rs72750177,6.405986852087153e-14
rs59740408,2.2448709557920665e-13
rs72750180,1.9617640845126516e-13
rs72750181,2.4558133304708463e-13
rs10434607,1.0247358517290195e-13
rs72750184,1.8740564655672642e-13
rs72750185,2.349231920106831e-13
rs7707393,2.55351295663786e-13
rs7707610,1.3722356584366935e-13
rs55969046,2.1971313657331848e-13
rs6872836,1.9173551635276453e-13
rs10053456,2.743361093848762e-13
rs72750186,1.6986412276764895e-13
rs55663749,3.347322419244847e-13
rs7722961,2.7555735471196385e-13
rs55720235,2.1360690993788012e-13
rs72750188,1.5332179970073412e-13
rs72750189,2.183808689437683e-13
rs72750192,1.4488410471358293e-13
rs146775759,1.6830981053317373e-13
rs9716976,2.822186928597148e-13
rs199517474,1.475486399726833e-13
rs200664591,1.0680345496894006e-13
rs202097762,1.8185453143360064e-13
rs7727136,7.172040739078511e-14
rs143408657,9.792167077193881e-14
rs6451745,1.2656542480726785e-13
rs143282016,1.1879386363489175e-13
rs6871166,1.4055423491754482e-13
rs7732381,2.37476704967321e-13
rs7713136,1.375566327510569e-13
rs7444151,1.7685852782278744e-13
rs7447415,1.567634910770721e-13
rs112246130,1.5920598173124745e-13
rs7727274,1.5831780331154732e-13
rs4866856,6.80566714095221e-14
rs4866857,2.6489921367556235e-13
rs199593609,3.596012376760882e-13
rs4866858,2.1882495815361835e-13
rs113484589,2.332578574737454e-13
rs13163856,2.55351295663786e-13
rs7700266,1.9473311851925246e-13
rs6859263,2.1949109196839345e-13
rs72751803,1.4344081478157023e-13
rs7704916,1.5210055437364645e-13
rs7705250,2.426947531830592e-13
rs7705283,1.1013412404281553e-13
rs10462064,1.7685852782278744e-13
rs4521480,1.4632739464559563e-13
rs58649795,2.440270208126094e-13
rs10461752,2.3869795029440866e-13
rs10462065,2.653433028854124e-13
rs4512135,2.7122748491592574e-13
rs12513463,3.412825577697731e-13
rs4866762,1.6420198534206065e-13
rs4866763,1.2312373343092986e-13
rs4866859,1.5487611193520934e-13
rs10039433,8.171241461241152e-14
rs10941653,1.944000516118649e-13
rs6897580,3.462785613805863e-13
rs11747399,2.348121697082206e-13
rs4242104,2.1105339698124226e-13
rs6451748,1.5143442055887135e-13
rs4590185,1.3888890038060708e-13
rs10462066,1.582067810090848e-13
rs9292900,2.1238566461079245e-13
rs4362950,1.5898393712632242e-13
rs7731409,1.596500709410975e-13
rs72751880,2.361444373377708e-13
rs6897631,1.482147737874584e-13
rs6897692,3.4927616354707425e-13
rs9292902,2.644551244657123e-13
rs4130792,1.3722356584366935e-13
rs72751881,3.419486915845482e-13
rs6879010,1.2945200467129325e-13
rs6878579,8.08242361927114e-14
rs6859939,1.0369483049998962e-13
rs4285229,3.4150460237469815e-13
rs10076380,2.69340105774063e-13
rs72751887,2.057243264630415e-13
rs5011482,2.9320990080350384e-13
rs4424001,1.949551631241775e-13
rs12656616,1.482147737874584e-13
rs10054782,2.0039525594484076e-13
rs4242105,1.5287771049088406e-13
rs4866860,2.204902926905561e-13
rs4242106,1.3156142841808105e-13
rs62368130,2.5912605394751154e-13
rs12654857,1.98507876802978e-13
rs62368131,5.832001548355947e-13
rs72751899,1.4144241333724494e-13
rs10056610,4.106714968088454e-13
rs12374502,2.0017321133991572e-13
rs12186355,1.694200335577989e-13
rs12374590,1.021405182655144e-13
rs10473338,1.7841284005726266e-13
rs4502833,1.4988010832439613e-13
rs62368132,9.00390872971002e-14
rs12186514,1.1102230246251565e-13
rs57879248,7.116529587847253e-14
rs72753613,1.3156142841808105e-13
rs4280876,2.8899105330992825e-13
rs72753614,6.294964549624638e-14
rs10805679,1.816324868286756e-13
rs10941654,1.4022116801015727e-13
rs10941655,1.5065726444163374e-13
rs4602633,1.5576429035490946e-13
rs60531540,3.2673863614718357e-13
rs56676540,7.327471962526033e-14
rs4866861,1.5842882561400984e-13
rs113597754,1.5687451337953462e-13
rs10037476,2.297051437949449e-13
rs10473339,1.559863349598345e-13
rs10473340,8.759659664292485e-14
rs10068722,1.8107737531636303e-13
rs56321266,1.638689184346731e-13
rs55886751,2.454703107446221e-13
rs10068739,7.16093850883226e-14
rs4866764,1.9018120411828932e-13
rs4866862,1.6109336087311021e-13
rs72753627,1.184607967275042e-13
rs12515359,2.4358293160275934e-13
rs72753629,1.6053824936079764e-13
rs72753631,1.5409895581797173e-13
rs72753633,1.2811973704174306e-13
rs12518051,2.3170354523927017e-13
rs4866863,2.0372592501871623e-13
rs4866765,1.6053824936079764e-13
rs113991249,1.52433621281034e-13
rs113358593,1.8973711490843925e-13
rs72753635,1.1746159600534156e-13
rs112185438,1.9273471707492718e-13
rs10038690,1.2390088954816747e-13
rs10044222,3.234079670733081e-13
rs10062298,9.048317650695026e-14
rs10039542,2.318145675417327e-13
rs10062392,1.7974510768681284e-13
rs13188697,4.0523140398818214e-13
rs62368136,1.4210854715202004e-13
rs4866864,1.511013536514838e-13
rs4866865,1.2734258092450546e-13
rs62368137,1.5698553568199713e-13
rs75318003,1.1257661469699087e-13
rs4501346,2.2326585025211898e-13
rs72753699,1.3389289676979388e-13
rs72753700,3.6637359812630166e-14
rs72753701,2.2959412149248237e-13
rs143556242,1.5853984791647235e-13
rs116558399,2.6267876762631204e-13
rs4866866,2.524647157997606e-13
rs4866766,2.8677060726067793e-13
rs113376202,2.2470914018413168e-13
rs12521430,2.1604940059205546e-13
rs6871975,2.703393064962256e-13
rs76606202,4.1888714719107156e-13
rs12520263,3.0098146197587994e-13
rs12515099,9.470202400052585e-14
rs12520320,9.270362255620057e-14
rs6884203,2.3003821070233244e-13
rs6858975,1.233457780358549e-13
rs13174925,1.141309269314661e-13
rs4632804,3.843592111252292e-13
rs56152271,1.0191847366058937e-13
rs56171275,2.595701431573616e-13
rs4473774,1.425526363618701e-13
rs200857881,2.6834090505190034e-13
rs72755310,6.850076061937216e-14
rs72755311,1.5765166949677223e-13
rs13357719,3.476108290101365e-13
rs72755312,1.0724754417879012e-13
rs56146348,6.250555628639631e-14
rs72755313,2.512434704726729e-13
rs34157826,3.197442310920451e-13
rs6451749,2.6145752229922437e-13
rs6451750,1.2323475573339238e-13
rs4489073,3.8535841184739184e-13
rs4242107,1.539879335155092e-13
rs4242108,1.574296248918472e-13
rs4507494,1.5287771049088406e-13
rs4492117,1.4710455076283324e-13
rs4410642,1.1901590823981678e-13
rs4242109,1.120215031846783e-13
rs4131426,2.0727863869751673e-13
rs10076020,9.692247004977617e-14
rs10079877,3.362865541589599e-13
rs7706471,3.1941116418465754e-13
rs7730111,3.8469227803261674e-13
rs10062354,1.652011860642233e-13
rs12054795,1.0513812043200232e-13
rs4593274,1.9484414082171497e-13
rs12516199,4.907185768843192e-13
rs12518957,2.8699265186560297e-13
rs9687409,1.9162449405030202e-13
rs149494698,1.411093464298574e-13
rs10069015,1.7685852782278744e-13
rs184153503,8.604228440844963e-14
rs141771712,3.3950620093037287e-13
rs139418321,7.061018436615996e-14
rs111573490,3.6060043839825084e-13
rs72755324,2.425837308805967e-13
rs72755325,7.982503547054876e-14
rs28837991,4.89386309254769e-13
rs4401577,2.156053113822054e-13
rs6891223,2.381428387820961e-13
rs4496715,1.9262369477246466e-13
rs4410643,5.652145418366672e-13
rs72755333,1.7852386235972517e-13
rs28879679,1.744160371686121e-13
rs73754105,1.092459456231154e-13
rs72755336,1.6509016376176078e-13
rs12519758,9.936496070395151e-14
rs56401540,1.177946629127291e-13
rs13358399,2.496891582381977e-13
rs13356374,2.347011474057581e-13
rs72755339,1.4976908602193362e-13
rs5007472,1.0080825063596421e-13
rs4308489,2.582378755278114e-13
rs4596388,1.3888890038060708e-13
rs73754110,3.4516833835596117e-13
rs73754111,1.7774670624248756e-13
rs4866867,2.4658053376924727e-13
rs4866868,2.6501023597802487e-13
rs4866869,2.0261570199409107e-13
rs4866870,1.191269305422793e-13
rs72755343,2.170486013142181e-13
rs4391174,3.391731340229853e-13
rs10461753,1.1857181902996672e-13
rs112863438,9.381384558082573e-14
rs34503567,1.262323578998803e-13
rs34284380,3.417266469796232e-13
rs200699181,1.794120407794253e-13
rs112701585,1.2512213487525514e-13
rs10065889,1.3078427230084344e-13
rs12518724,1.5776269179923474e-13
rs4866871,3.256284131225584e-13
rs4571479,1.8496315590255108e-13
rs4613717,1.652011860642233e-13
rs13359752,1.8962609260597674e-13
rs72755352,8.526512829121202e-14
rs56007753,3.781419621873283e-13
rs58093443,3.7214675785435247e-13
rs10071044,1.2678746941219288e-13
rs57824552,1.7674750552032492e-13
rs4866873,2.561284517810236e-13
rs10067818,1.417754802446325e-13
rs112361271,2.6623148130511254e-13
rs143557844,1.8962609260597674e-13
rs4866874,1.233457780358549e-13
rs4523005,3.1652458432063213e-13
rs4566803,2.7977620220553945e-13
rs72757321,1.5853984791647235e-13
rs78102377,2.80109269112927e-13
rs4562046,2.617905892066119e-13
rs10037292,3.9479530755670567e-13
rs72757326,2.3803181647963356e-13
rs72757327,7.838174553853605e-14
rs72757330,9.803269307440132e-14
rs60307634,9.181544413650045e-14
rs4254916,1.5842882561400984e-13
rs71633118,2.209454841306524e-12
rs4308492,1.8052226380405045e-13
rs4308493,2.2026824808563106e-13
rs4309981,1.0147438445073931e-13
rs72757335,2.2148949341271873e-13
rs12518129,4.959366251000574e-13
rs72757339,1.723066134218243e-13
rs72757342,1.467714838554457e-13
rs11738581,7.072120666862247e-14
rs77409562,3.008704396734174e-13
rs10941658,2.4003021792395884e-13
rs55909827,1.5998313784848506e-13
rs10068755,1.894040480010517e-13
rs10037136,9.769962616701378e-14
rs4866875,2.4580337765200966e-13
rs12515453,2.431388423929093e-13
rs56100685,8.570921750106208e-14
rs116412148,8.804068585277491e-14
rs12519513,1.2712053631958042e-13
rs4866877,1.3844481117075702e-13
rs4620033,4.96713781217295e-13
rs10036975,1.268984917146554e-13
rs11532636,7.949196856316121e-14
rs11561700,7.127631818093505e-14
rs4320266,2.6267876762631204e-13
rs11561699,1.7075230118734908e-13
rs12697470,1.5554224574998443e-13
rs10059789,2.488009798184976e-13
rs187876082,4.992672941739329e-13
rs150911434,2.7200464103316335e-13
rs139738798,8.004708007547379e-14
rs10462067,2.831068712794149e-13
rs12518779,1.3433698597964394e-13
rs4389696,2.391420395042587e-13
rs4293927,5.681011217006926e-13
rs10462068,8.759659664292485e-14
rs4296809,9.114931032172535e-14
rs10462069,1.482147737874584e-13
rs4866769,3.581579477440755e-13
rs77107305,1.2800871473928055e-13
rs76359043,1.3300471835009375e-13
rs73754152,3.6415315207705135e-13
rs72759338,3.5837999234900053e-13
rs72759339,1.34781075189494e-13
rs75921915,1.773026170326375e-13
rs72759340,1.438849039914203e-13
rs4866879,2.2792878695554464e-13
rs73754158,2.184918912462308e-13
rs4242110,2.512434704726729e-13
rs12514816,3.460565167756613e-13
rs74539206,1.3655743202889425e-13
rs58487553,2.0905499553691698e-13
rs60717014,3.168576512280197e-13
rs4512136,2.169375790117556e-13
rs79804818,1.6864287744056128e-13
rs10473345,3.1308289294429414e-13
rs12522794,1.226796442210798e-13
rs76136706,2.148281552649678e-13
rs79468888,1.0580425424677742e-13
rs4866881,1.9917401061775308e-13
rs2330391,1.6464607455191071e-13
rs1868254,1.9384494009955233e-13
rs4866882,2.0095036745715333e-13
rs4866770,1.630917623174355e-13
rs2034348,1.2878587085651816e-13
rs12653644,2.4724666758402236e-13
rs13357950,1.1302070390684094e-13
rs144633763,2.000621890374532e-13
rs3112776,2.2426505097428162e-13
rs13355357,1.7963408538435033e-13
rs12520384,9.192646643896296e-14
rs12518021,1.8973711490843925e-13
rs12515307,1.3078427230084344e-13
rs146944028,2.2615243011614439e-13
rs12516135,2.6689761511988763e-13
rs989255,1.8096635301390052e-13
rs4866772,1.3511414209688155e-13
rs10512835,1.2168044349891716e-13
rs74661554,2.503552920529728e-13
rs74882068,2.0794477251229182e-13
rs4627993,2.644551244657123e-13
rs2877134,2.8832491949515315e-13
rs75403511,2.2470914018413168e-13
rs6892008,9.281464485866309e-14
rs4866883,2.7278179715040096e-13
rs6897913,1.4444001550373287e-13
rs77736080,2.736699755701011e-13
rs56338120,2.4147350785597155e-13
rs3112775,1.032174345994008e-12
rs4866773,8.337774914934926e-14
rs10063178,7.971401316808624e-14
rs78117246,1.9906298831529057e-13
rs10071365,2.0106138975961585e-13
rs10079810,1.2922996006636822e-13
rs10043545,2.0550228185811648e-13
rs55676975,2.511324481702104e-13
rs12152777,1.9451107391432743e-13
rs1550939,1.9961809982760315e-13
rs142659338,2.7267077484793845e-13
rs10941659,2.0627943797535409e-13
rs12523455,9.992007221626409e-14
rs10941660,1.4277468096679513e-13
rs4637558,3.410605131648481e-13
rs4643965,2.042810365310288e-13
rs78999502,6.927791673660977e-14
rs16873829,4.0334402484631937e-13
rs878037,4.318767565791859e-13
rs10512836,1.2717937813988556e-11
rs4866884,1.433297924791077e-13
rs73754176,2.5912605394751154e-13
rs58855274,4.742872761198669e-13
rs77317493,2.8488322811881517e-13
rs10040193,2.9110047705671604e-13
rs4866885,4.18554080283684e-13
rs1823252,4.588551760775772e-13
rs726941,4.990452495690079e-13
rs16873839,9.447997939560082e-14
rs4866774,2.1727064591914313e-13
rs75125011,3.0253577421035516e-13
rs4866886,9.414691248821327e-14
rs4866887,2.7700064464397656e-13
rs10452473,7.616129948928574e-14
rs57687146,1.6486811915683575e-13
rs2053784,1.425526363618701e-13
rs6889538,1.4410694859634532e-13
rs111565218,1.0402789740737717e-13
rs13357200,3.3717473257866004e-13
rs77506211,1.8496315590255108e-13
rs10063559,1.0957901253050295e-13
rs16873866,1.6253665080512292e-13
rs76455323,8.670841822322473e-14
rs7380031,1.4344081478157023e-13
rs12513619,2.310374114244951e-13
rs9283762,4.3143266736933583e-13
rs10473347,1.9062529332813938e-13
rs16873876,2.41140440948584e-13
rs10473348,1.3855583347321954e-13
rs28408208,1.249000902703301e-13
rs10054646,1.318944953254686e-13
rs80173788,7.671641100159832e-14
rs9885468,5.275779813018744e-13
rs78142257,7.915890165577366e-14
rs10068893,2.701172618913006e-13
rs9632410,9.348077867343818e-14
rs115171932,1.446620601086579e-13
rs76451118,1.3233858453531866e-13
rs921177,2.0183854587685346e-13
rs1809045,2.4946711363327267e-13
rs1809044,1.1790568521519162e-13
rs80243323,1.4710455076283324e-13
rs1448036,1.1357581541915351e-13
rs10044215,1.8895995879120164e-13
rs10473349,8.567591081032333e-13
rs76003790,2.715605518233133e-13
rs6883160,3.645972412869014e-13
rs6866891,2.823297151621773e-13
rs10472390,1.8041124150158794e-13
rs74857237,1.0946799022804043e-13
rs79581441,2.2504220709151923e-13
rs7713769,1.858513343222512e-13
rs60966956,1.3100631690576847e-13
rs1374964,3.382849556032852e-13
rs77975471,7.538414337204813e-14
rs2034346,4.776179451937423e-13
rs11955386,1.871836019518014e-13
rs1839094,1.8041124150158794e-13
rs76577047,1.4410694859634532e-13
rs17250399,2.6684210396865637e-12
rs77825455,2.8843594179761567e-13
rs4610466,1.3700152123874432e-13
rs2053786,1.7863488466218769e-13
rs10941661,1.474376176702208e-13
rs10064886,2.973177259946169e-13
rs10071859,2.594591208548991e-13
rs28378497,1.9395596240201485e-13
rs28676336,3.0886404545071855e-13
rs80264550,7.782663402622347e-14
rs75966986,1.1957101975212936e-13
rs10941663,7.62390151010095e-13
rs4242111,2.1538326677728037e-13
rs4410644,3.61710661422876e-13
rs2330542,3.071987109137808e-13
rs4866889,1.3500311979441904e-13
rs2166832,1.724176357242868e-13
rs77826884,8.43769498715119e-14
rs6862505,2.2659651932599445e-13
rs10062585,1.2445600106048005e-13
rs10064342,1.1746159600534156e-13
rs16873923,4.3243186809149847e-13
rs10472392,6.000755448098971e-13
rs78220969,3.006483950684924e-13
rs113165935,1.2922996006636822e-13
rs13156213,4.234390615920347e-13
rs6896904,1.149080830487037e-13
rs12656842,1.0225154056797692e-13
rs12520496,2.7844393457598926e-13
rs79050154,1.5365486660812167e-13
rs76003829,6.838973831690964e-14
rs1374977,4.000133557724439e-13
rs146035333,1.6442402994698568e-13
rs138734246,1.5643042416968456e-13
rs1448044,3.4849900742983664e-13
rs1374978,4.921618668163319e-13
rs1448045,2.645661467681748e-13
rs10072476,1.5520917884259688e-13
rs9292903,2.476907567938724e-13
rs10074405,7.467360063628803e-13
rs1979078,2.112754415861673e-13
rs1979079,1.5543122344752192e-13
rs6881989,1.4344081478157023e-13
rs13186320,1.6608936448392342e-13
rs1823251,1.3489209749195652e-13
rs1374961,5.787592627370941e-13
rs2290070,1.8640644583456378e-13
rs6451758,1.5942802633617248e-13
rs17234597,2.1715962361668062e-13
rs10473352,9.50350909079134e-14
rs17228137,1.9872992140790302e-13
rs17228130,1.1224354778960333e-13
rs6881797,1.326716514427062e-13
rs1374962,5.487832410722149e-13
rs1448035,6.283862319378386e-13
rs1839090,2.807754029277021e-13
rs1839091,3.3861802251067274e-13
rs1816964,1.7763568394002505e-13
rs10473353,5.438982597638642e-13
rs980510,2.894351425197783e-13
rs1816965,1.7896795156957523e-13
rs4498258,1.8247625632739073e-12
rs13159800,3.2529534621517087e-13
rs4410645,2.219335826225688e-13
rs4409099,3.624878175401136e-13
rs75008437,1.2645440250480533e-13
rs4866891,5.38902256153051e-13
rs13185276,7.823741654533478e-13
rs10055386,2.717825964282383e-13
rs13165847,4.904965322793942e-13
rs13170645,5.015987625256457e-13
rs13180550,5.359046539865631e-13
rs12652957,8.151257446797899e-13
rs987642,4.801714581503802e-13
rs67412235,6.966649479522857e-13
rs735083,8.482103908136196e-14
rs983373,1.5416556919944924e-12
rs1011814,5.230260669009112e-13
rs72763188,1.3314904734329502e-12
rs10512844,1.4489520694382918e-12
rs2330544,3.823608096809039e-13
rs2330545,4.687361609967411e-13
rs4866893,6.591394097199554e-13
rs4866894,5.903055821931957e-13
rs16873982,1.0744738432322265e-12
rs16873983,1.1938228183794308e-12
rs61032851,4.581890422628021e-13
rs10512845,1.0006440120946536e-12
rs6451761,7.828182546631979e-13
rs10073166,4.818367926873179e-13
rs16874002,5.492273302820649e-13
rs12657059,6.087352844019733e-13
rs12523512,9.741096818061123e-13
rs996935,8.495426584431698e-13
rs12516566,8.574252419180084e-13
rs12513830,1.2124745651931335e-12
rs1448039,4.212186155427844e-13
rs72763202,1.272648653127817e-12
rs1448038,5.269118474870993e-13
rs10060548,7.33746396974766e-13
rs1374970,4.618527782440651e-13
rs1374967,1.0488276913633854e-12
rs4866895,1.3922196728799463e-13
rs1550937,8.849587729287123e-13
rs593307,1.27720056752878e-12
rs1351635,6.319389456166391e-13
rs1482689,5.440092820663267e-13
rs339509,9.880984919163893e-13
rs10941664,8.61644089411584e-13
rs17234079,4.059419467239422e-12
rs1482671,1.7619239400801234e-13
rs339505,8.073541835074138e-13
rs1482672,5.773159728050814e-13
rs339502,4.5208281562736374e-13
rs2121875,3.114175584073564e-13
rs16874036,6.191713808334498e-13
rs6859730,2.8133051444001467e-13
rs1482673,5.927480728473711e-13
rs1482675,5.064837438339964e-13
rs900379,2.078337502098293e-13
rs11750845,1.9029222642075183e-13
rs10805683,1.454392162258955e-13
rs1384449,2.525757381022231e-13
rs79290724,1.3722356584366935e-13
rs969520,2.4502622153477205e-13
rs16901816,1.1479706074624119e-13
rs2973644,2.1938006966593093e-13
rs2973646,9.936496070395151e-14
rs6891282,1.7752466163756253e-13
rs2973649,1.4366285938649526e-13
rs74586871,9.159339953157541e-14
rs2973650,2.1571633368466792e-13
rs723166,2.4878987758825133e-12
rs10473354,1.0228484725871567e-12
rs62366748,6.236344773924429e-11
rs10941665,1.9576562593215385e-12
rs4866897,3.3593128279107987e-12
rs16901841,1.5551349097364664e-10
rs16901843,2.259414877414656e-10
rs4866898,1.730292797930133e-09
rs10052488,2.3738788712535097e-12
rs973844,4.869882275215787e-12
rs973843,2.752464922650688e-12
rs9885121,9.367839837182146e-12
rs9292906,3.728017894388813e-12
rs2200123,3.192779374217025e-12
rs6874246,3.970823669874335e-12
rs10472394,3.961719841072409e-12
rs12655031,8.69366911793179e-10
rs10055789,3.915756607852927e-12
rs10055953,4.5634607204192434e-12
rs4146354,3.5218494787159216e-12
rs4404686,5.230760269370194e-10
rs2330551,2.7312596628803476e-12
rs922852,2.6336710590157963e-12
rs922851,1.126021609287875e-09
rs987852,4.5600190290429055e-12
rs1482668,3.1622482410398334e-12
rs2877163,2.4676927168343354e-12
rs2330552,1.91402449445377e-13
rs16901850,1.2587819675502487e-10
rs2330553,1.6607826225367717e-12
rs2330554,2.5167645745227674e-12
rs1482667,1.3355982986240633e-12
rs4242112,4.240385820253323e-12
rs4314404,2.992495140574647e-12
rs1384451,2.3531177006930193e-12
rs62366749,1.1334000404872313e-10
rs1482685,7.34101668342646e-12
rs1482686,4.6612158577374885e-11
rs9292907,2.2637447472106942e-13
rs77227243,2.4668778131342606e-10
rs2330428,4.824451949048125e-11
rs2128436,6.315092893061092e-11
rs1351637,7.801392865047774e-11
rs1116180,2.965405698773793e-13
rs12189214,3.438582751869035e-12
rs58035824,9.031220216115798e-12
rs4866899,6.699085730588195e-13
rs4866900,1.4135359549527493e-12
rs7712213,1.4389600622166654e-12
rs6893590,1.9984014443252818e-13
rs1384445,7.596145934485321e-13
rs1905191,3.2781555248106997e-12
rs10461756,1.0735856648125264e-13
rs2128430,2.0344836926255994e-12
rs6451762,5.661249247168598e-12
rs1120717,1.4657164371101317e-12
rs1120718,1.7463808177353712e-12
rs2086655,1.1313172620930345e-13
rs13162578,1.783573289060314e-12
rs7707044,1.8641754806481003e-12
rs7724859,4.158895450245836e-12
rs8180484,2.630118345336996e-13
rs6879342,4.155342736567036e-12
rs747187,1.0957901253050295e-13
rs1482684,3.4602321008492254e-12
rs1384450,1.8185453143360064e-13
rs11950046,1.1746159600534156e-13
rs10461757,4.0034642267983145e-13
rs16901870,5.95967719618784e-13
rs1482691,1.5399903574575546e-12
rs16901871,4.549693954913892e-13
rs12516346,3.950395566221232e-12
rs1482690,2.6673108166619386e-12
rs34119371,7.702727344849336e-13
rs6865230,7.748246488858967e-13
rs6865011,7.298606163885779e-13
rs6865330,1.1197709426369329e-12
rs57068965,6.699085730588195e-13
rs16901875,6.262768081910508e-13
rs72748075,1.4135359549527493e-12
rs1384454,3.4169334028888443e-12
rs56323939,6.031841692788475e-13
rs72748077,2.334799020786704e-13
rs10941667,1.8840484727888906e-13
rs1384453,2.1032064978498966e-12
rs7730866,8.149037000748649e-13
rs10941668,1.5298873279334657e-13
rs1825237,1.9728663147589032e-13
rs1905188,1.38355993328787e-12
rs16901883,1.081912337497215e-12
rs3898543,3.815836535636663e-13
rs960060,2.183142555622908e-12
rs59836876,1.4196421815881877e-12
rs72748085,1.5113466034222256e-11
rs1384447,2.7267077484793845e-13
rs13160582,1.1569634139618756e-12
rs10512854,6.227240945122503e-13
rs4352602,7.238099009043708e-12
rs6883915,6.104006189389111e-13
rs12108957,1.2639889135357407e-12
rs6864776,5.914602141388059e-12
rs2128434,3.2163161023390785e-13
rs12109250,1.103006574965093e-12
rs7706806,9.772183062750628e-13
rs7710996,6.902811655606911e-12
rs13153459,8.870681966755001e-13
rs2128435,2.561284517810236e-13
rs56203280,7.219780329137393e-13
rs56724254,5.256906021600116e-13
rs67667620,1.4794832026154836e-12
rs35420014,6.438183319801283e-13
rs13173094,7.994716000325752e-13
rs6871730,2.625677453238495e-13
rs10462074,1.7841284005726266e-13
rs9686344,7.345235530920036e-13
rs74595749,7.582823258189819e-13
rs7736427,6.1631810766016315e-12
rs9765008,7.298606163885779e-13
rs74388345,7.367439991412539e-13
rs34227922,6.502576255229542e-13
rs4866776,5.933364910504224e-12
rs7709753,2.7844393457598926e-13
rs56340528,6.505906924303417e-13
rs58761628,5.8365534627569104e-12
rs6451763,3.845812557301542e-12
rs1531803,3.821387650759789e-13
rs2330570,4.890532423473815e-13
rs1905192,1.0021539154081438e-11
rs873475,1.4173107132364748e-12
rs6866555,8.455458555545192e-13
rs4866777,3.197442310920451e-13
rs10512860,2.725930592362147e-12
rs13190489,1.028954699222595e-12
rs1482663,9.779177467805766e-12
rs1351633,8.155476294291475e-12
rs983940,8.734568623935957e-12
rs4866902,1.438849039914203e-13
rs4866903,8.43769498715119e-14
rs4866904,1.963984530561902e-13
rs13169165,1.5352163984516665e-12
rs62368491,5.922222789944698e-08
rs1482664,9.443557047461582e-13
rs1482665,3.809286219791375e-12
rs7727980,9.305889392408062e-13
rs12187906,1.4428458428028534e-12
rs57060529,1.0073053502424045e-12
rs67485736,1.020739048840369e-12
rs10805684,1.545430450278218e-13
rs60010565,8.298917109073045e-13
rs13155151,1.213251721310371e-12
rs4645339,1.6364687382974807e-13
rs4634356,2.760980333249563e-11
rs4346775,8.180123245438153e-13
rs6897255,6.783462680459706e-13
rs13179281,1.2023715356690445e-12
rs34391578,1.0318412790866205e-12
rs6897963,1.095501467318627e-11
rs35656601,1.5157874955207262e-12
rs55912972,2.710054403110007e-13
rs10055724,1.6681100944992977e-12
rs4866905,6.9649841449859196e-12
rs13189602,9.671152767509739e-13
rs56209069,1.6786572132332367e-13
rs56008450,2.915445662665661e-13
rs4435876,1.5147882947985636e-12
rs11745223,4.903855099769316e-13
rs56264037,2.7056135110115065e-13
rs56163722,1.0813572259849025e-13
rs4493679,7.37410132956029e-13
rs4274985,1.0764722446765518e-12
rs10061860,7.30304705598428e-13
rs13355205,1.081024159077515e-12
rs35797502,9.28812582401406e-13
rs34031096,1.6336931807359178e-12
rs10079222,1.1927792087362832e-11
rs10040045,1.2752021660844548e-12
rs7729423,2.8554936193359026e-13
rs4627994,1.3565815137894788e-12
rs4594862,7.37854222165879e-13
rs12188390,4.3565151486291143e-13
rs13182481,0.000448510090156895
rs4463187,0.0002983710059274447
rs7708449,1.3329384862537097e-07
rs7713139,1.4354955302220418e-07
rs4273616,8.08464406532039e-13
rs72750289,3.6559644200906405e-13
rs6884594,1.599720356182388e-12
rs6889725,1.2555512185485895e-12
rs6889804,1.088129586435116e-12
rs10063359,1.2455592113269631e-12
rs35581367,8.399947404313934e-13
rs34164548,9.341416529196067e-13
rs4642379,4.0667469392019484e-13
rs34577718,9.29700760821106e-13
rs28438634,3.7836400679225335e-13
rs28483338,9.999778782798785e-13
rs28488464,1.2930767567809198e-12
rs10054457,1.1634027075047015e-12
rs10069792,6.198375146482249e-13
rs10069750,2.016498079626672e-12
rs149164021,0.0002853909389572973
rs75758486,6.183942247162122e-13
rs4643967,1.1692868895352149e-12
rs4309980,4.6138648457372256e-12
rs77636815,1.3401502130250265e-12
rs56980962,2.6327828805960962e-12
rs60068595,1.5707435352396715e-12
rs9765572,0.00020377000446492044
rs9764095,0.00032775653083161327
rs10062760,6.455946888195285e-13
rs10062844,6.06292793747798e-13
rs4329026,7.880620234157476e-08
rs10064677,7.002176616310862e-13
rs10064870,1.1373124664260104e-12
rs6869262,2.391420395042587e-13
rs4866909,0.00021039045054538352
rs10067171,3.3084646133829665e-13
rs10075000,1.070699084948501e-12
rs10067248,8.391065620116933e-13
rs10067534,1.4966916594971735e-12
rs191943443,6.89750783156029e-08
rs10069029,0.9930192654827278
rs372629192,6.943334796005729e-13
rs199583561,1.68902995367759e-07
rs10473362,1.2744250099672172e-12
rs141042499,5.987432771803469e-13
rs146912027,4.0811798385220754e-13
rs367741627,2.8266278206956486e-13
rs75479239,6.16839912481737e-13
rs28778627,5.756506382681437e-13
rs13179044,8.348877145181177e-13
rs13161452,9.305889392408062e-13
rs13179520,1.035616037370346e-12
rs35257759,6.037392807911601e-13
rs62368523,1.932419240180394e-07
rs62368524,4.4273899102442726e-08
rs10462078,1.0062699218327253e-07
rs7448715,8.03309806451935e-08
rs4640800,6.709077737809821e-13
rs7445263,4.863887070882811e-13
rs4866911,9.723289995378082e-08
rs10035625,2.94320123828129e-13
rs10038534,8.087974734394265e-13
rs10059745,0.00021067095351545717
rs6885437,6.783462680459706e-13
rs6890819,5.588862705963038e-13
rs6890908,1.4547252291663426e-12
rs4469202,8.069100942975638e-13
rs34709098,6.561418075534675e-13
rs61469554,6.293854326600012e-13
rs6862655,0.0004991749437581738
rs6862704,1.4773737788686958e-12
rs4348227,0.0005939156744401153
rs4639238,0.0003706996087906589
rs4481354,2.90656387846866e-13
rs4386739,8.498757253505573e-13
rs4392631,1.4454647667694331e-07
rs4485935,1.646016656309257e-12
rs4608931,8.728573419602981e-13
rs4401578,7.271960811294775e-13
rs4416611,1.0531575611594235e-12
rs10070248,7.745282612903193e-05
rs10054541,1.0217382495625316e-12
rs10054544,4.285460875053104e-13
rs10054677,5.416778137146139e-13
rs7722103,4.072298054325074e-13
rs7722716,1.3461454173580023e-12
rs13358061,6.921130335513226e-13
rs10941669,7.180922523275513e-13
rs13190202,8.293365993949919e-13
rs10066953,0.0002738321592204995
rs10941670,3.2218672174622043e-13
rs10941671,7.918110611626616e-13
rs10941672,3.681499549657019e-13
rs10941674,5.232481115058363e-13
rs10941675,4.3709480479492413e-13
rs34483504,6.799005802804459e-13
rs10155570,5.63882274207117e-13
rs55899909,1.5439871603462052e-12
rs12374507,0.00036540520534877885
rs55732165,1.396660564978447e-12
rs10067591,1.1091128016005314e-12
rs4594863,8.676392937445598e-13
rs6887936,7.079892228034623e-13
rs6892239,0.00019150667025757961
rs10045149,7.901457266257239e-13
rs10079849,1.2573275753879898e-12
rs10065325,0.00016739910348939624
rs10051789,6.981082378842984e-13
rs62368526,1.1862506743565149e-07
rs6896819,9.156009284083666e-13
rs10076870,1.4912515666765103e-12
rs4573006,0.00020911933125045135
rs56101501,7.216449660063518e-13
rs4441882,0.00013409304580858095
rs4485936,0.00026960961367439307
rs4529201,0.0006003362907691656
rs9292910,1.5601964165057325e-12
rs34810763,5.661027202563673e-13
rs10079592,7.865930129469234e-13
rs10472397,9.164891068280667e-13
rs13157597,4.594102875898898e-13
rs13157170,1.4298562334147391e-12
rs75702879,5.984102102729594e-13
rs35676482,1.070477040343576e-12
rs4476732,6.48703313288479e-13
rs4643968,1.3078427230084344e-13
rs78646388,4.405364961712621e-13
rs55744385,6.609157665593557e-13
rs60055069,7.182032746300138e-13
rs55636639,6.843414723789465e-13
rs9654396,0.000607696727639051
rs4866915,1.8329941453565368e-08
rs4279345,1.1881606809538425e-12
rs4286685,1.4602763442894684e-12
rs34306496,1.2496670365180762e-12
rs4866778,0.00011034283609645534
rs4866779,5.742248598838984e-08
rs60408016,5.166977956605479e-13
rs4623153,1.3283818489639998e-12
rs4481355,5.789813073420191e-13
rs4419598,7.853717676198357e-13
rs4419599,1.198152688175469e-12
rs12233997,2.0130321010114471e-07
rs112741971,1.1567413693569506e-12
rs147267285,9.18931597482242e-13
rs35127643,1.908695423935569e-12
rs147916980,1.2078116284897078e-12
rs140608073,7.753797603982093e-13
rs76996079,1.729727472365994e-13
rs4315927,3.490541189421492e-13
rs4426923,1.7502665983215593e-12
rs4426924,4.833911049217932e-13
rs11745385,1.7891478842901876e-07
rs34512724,4.3309800190627357e-13
rs6866354,0.0005232657885980707
rs11952948,1.3036533597077238e-07
rs4463188,3.2731595211998865e-12
rs4479849,2.8493873927004643e-12
rs12516900,1.5124568264468508e-12
rs36068815,1.3797851750041445e-12
rs4321755,1.9630963521422018e-12
rs4492118,3.0673241724343825e-12
rs6890556,2.8279600883251987e-12
rs66996829,4.5066173015584354e-12
rs7735881,2.578270930087001e-12
rs10805685,2.5447421947433213e-12
rs10805686,1.7084111902931909e-12
rs10941677,3.911426738056889e-12
rs4415084,2.3150370509483764e-12
rs7701466,2.33946195749013e-12
rs7720551,4.408362563879109e-12
rs6874055,9.79438752324313e-13
rs6863598,3.3935076970692535e-12
rs12514778,2.7750024500505788e-12
rs12514783,2.4427126987802694e-12
rs4339357,1.662558979376172e-12
rs62368533,2.2982726832765366e-12
rs181516187,1.233901869568399e-12
rs145342568,2.3239188351453777e-12
rs10941678,2.348565786292056e-12
rs55788307,1.9492185643343873e-12
rs34093175,2.195466031196247e-12
rs12655775,3.8546943414985435e-12
rs58144701,1.851407915864911e-12
rs6871484,2.1566082253343666e-12
rs4419600,2.5618396293225487e-12
rs13155752,1.6234791289093664e-12
rs56248730,2.8596014445270157e-12
rs6884702,1.6263657087733918e-12
rs12187196,1.5545342790801442e-12
rs60707950,2.8802515927850436e-12
rs12522626,6.132871988029365e-12
rs4571480,3.561151373787652e-12
rs10447145,2.497779760801677e-12
rs13185555,1.3307133173157126e-12
rs6451770,1.5278889264891404e-12
rs12515012,3.1145086509809516e-12
rs1898701,3.1934455080318003e-12
rs13176502,1.1696199564426024e-12
rs2165009,1.230904267401911e-12
rs13156930,2.035926982557612e-12
rs920328,3.860800568133982e-12
rs1821936,1.9204637879965958e-12
rs1371027,2.257860565180181e-12
rs10462079,1.1223244555935707e-12
rs714130,7.264411294727324e-12
rs2013513,1.3942180743242716e-12
rs920329,1.1040057756872557e-12
rs13179137,2.2009061240169103e-12
rs2218081,1.5580869927589447e-12
rs34762678,1.3538059562279159e-12
rs10941679,7.335243523698409e-13
rs2165010,3.687938843199845e-12
rs1438825,7.612799279854698e-13
rs6861560,6.122546913900351e-12
rs16901937,1.4178547225185412e-11
rs2218080,3.1048497106667128e-12
rs34871419,1.0612621892391871e-12
rs11747159,4.103495321317041e-12
rs2330572,7.501887999694645e-12
rs994793,4.328204461501173e-12
rs1438827,1.1547207634521328e-11
rs11949847,4.750089210858732e-12
rs74724331,9.612310947204605e-13
rs7712949,1.4207524046128128e-12
rs13154781,2.3940849303016876e-12
rs11746980,1.8320900352364333e-12
rs7711697,1.3882228699912957e-12
rs67274820,1.3121725928044725e-12
rs16901963,2.2031265700661606e-12
rs16901964,1.5437651157412802e-12
rs16901965,1.73794312274822e-12
rs6859157,2.5585089602486732e-12
rs6451772,2.4018564914740637e-12
rs7710952,4.108047235718004e-12
rs7710978,1.2119194536808209e-12
rs11750119,2.064126647383091e-12
rs6875933,1.7900125826031399e-12
rs2118763,6.162848009694244e-13
rs2118764,5.420108806220014e-13
rs1821934,3.2451819009793326e-13
rs7736952,1.4814816040598089e-12
rs2877172,6.535882945968297e-13
rs7737491,6.421529974431905e-13
rs13185174,2.6229018956769323e-12
rs6451774,2.4868995751603507e-12
rs727305,1.873390331752489e-12
rs2330619,9.765521724602877e-13
rs727303,3.340661081097096e-13
rs727304,2.336242310718717e-12
rs13177711,1.4459544672718039e-12
rs1438820,8.909539772616881e-13
rs1438819,1.2188028364334969e-12
rs12652026,1.9118040484045196e-12
rs10462080,1.18760556944153e-12
rs10462081,1.7825740883381513e-12
rs10462082,7.58726415028832e-13
rs6896417,1.1889378370710801e-12
rs13183209,2.754130257187626e-12
rs6872254,2.1889157153509586e-12
rs969679,1.0847989173612405e-12
rs7717459,1.1818324097134791e-12
rs13159598,1.6361356713900932e-12
rs10462083,9.550138457825597e-13
rs3761648,1.4581669205426806e-12
rs3761649,2.6998403512834557e-12
rs3761650,1.4193091146808001e-12
rs1866406,9.411360579747452e-13
rs13174122,2.8564928200580653e-12
rs11746506,1.4304113449270517e-12
rs12188871,8.841816168114747e-13
rs11741772,1.0146328222049306e-12
rs7716571,6.855627177060342e-13
rs7720787,5.506706202140776e-13
rs9637796,1.2047030040207574e-12
rs9637783,1.5450973833708304e-12
rs1061310,1.138977800962948e-12
rs2165008,2.273403687524933e-12
rs4457089,2.0273782652679984e-12
rs13189120,2.0028423364237824e-12
rs930395,2.94320123828129e-13
rs930394,2.0117241206207837e-12
rs7711136,7.013278846557114e-13
rs7730841,1.553646100660444e-12
rs10512865,6.962208587424357e-13
rs12656984,2.641997731700485e-12
rs71610376,1.1398659793826482e-12
rs113635282,1.5638601524869955e-12
rs7702464,9.250378241176804e-13
rs7703059,1.1913803277252555e-12
rs6867533,1.4690471061840071e-12
rs6868232,1.038835684141759e-12
rs12513749,1.3610224058879794e-12
rs12518851,1.4572787421229805e-12
rs1048758,1.4164225348167747e-12
rs13155698,1.2291279105625108e-12
rs13160259,1.6938672686706013e-12
rs10038562,1.7281731601315187e-12
rs6896350,2.545963440070409e-12
rs79445997,1.3700152123874432e-13
rs1371025,1.4040990592434355e-12
rs72756222,1.887379141862766e-13
rs10064434,1.3518075547835906e-12
rs10064437,1.2913003999415196e-12
rs10072259,1.4565015860057429e-12
rs4596389,8.919531779838508e-13
rs6451775,3.4925395908658174e-12
rs7380559,1.1327605520250472e-12
rs16901989,2.709832358505082e-12
rs2330620,9.422462809993704e-13
rs2083243,1.6142642778049776e-12
rs729599,1.5659695762337833e-12
rs16901990,2.9201085993690867e-12
rs10072025,1.5040191314596996e-12
rs1371024,1.899813639738568e-12
rs987394,2.592481784802203e-12
rs1371023,7.565059689795817e-13
rs7715731,9.555689572948722e-13
rs1371022,1.943334382303874e-12
rs7708213,2.1335155864221633e-12
rs7726586,2.440270208126094e-12
rs1898700,4.605205106145149e-13
rs4440370,3.2321922915912182e-12
rs4492119,1.0533796057643485e-12
rs4605791,2.524425113392681e-12
rs4604199,1.6133760993852775e-12
rs4566804,2.564282119976724e-12
rs930396,8.550937735662956e-13
rs7703497,1.6383561174393435e-12
rs4629607,3.276268145668837e-12
rs6451778,1.6564527527407336e-12
rs13362132,1.8613999230865375e-12
rs1438821,1.8430812431802224e-12
rs1837286,7.426281811717672e-13
rs1438822,1.4077627952246985e-12
rs6451781,1.0716982856706636e-12
rs4373287,1.442956865105316e-12
rs6871052,2.619793271207982e-12
rs6893319,9.765521724602877e-13
rs10053247,3.030797834924215e-12
rs10057521,2.4681368060441855e-12
rs10065638,2.1999069232947477e-12
rs11958451,2.2093438190040615e-12
rs6894324,1.3944401189291966e-12
rs4607355,1.156186257844638e-12
rs4562047,7.16537940093076e-13
rs4512137,9.019451852054772e-13
rs4395640,2.291278278221398e-12
rs10070037,1.3322676295501878e-12
rs4518409,2.082445327289406e-12
rs9292913,8.154588115871775e-13
rs9292914,8.387734951043058e-13
rs9292915,1.5766277172701848e-12
rs10059086,1.230460178192061e-12
rs11951760,1.9865220579617926e-12
rs4329028,7.026601522852616e-13
rs7716600,5.314637618880624e-13
rs4412123,4.868327962981311e-13
rs4866783,1.702415985960215e-12
rs4866920,1.2504441926353138e-12
rs7705343,1.766364832178624e-12
rs10040488,2.0385915178167124e-12
rs11948636,2.0379253840019373e-12
rs13157608,1.319611087069461e-12
rs10069220,1.7109647032498287e-12
rs13187933,9.683365220780615e-13
rs13168400,4.092948202583102e-12
rs74918844,2.821076705572523e-13
rs11948387,2.0317081350640365e-12
rs4642377,6.294964549624638e-13
rs6868779,1.0146328222049306e-12
rs10045264,1.5688561560978087e-12
rs13356086,1.0960121699099545e-12
rs10070928,1.329936161198475e-12
rs4391175,1.5411005804821798e-12
rs10044321,2.9669600110082683e-12
rs7718354,1.5418777365994174e-12
rs6883465,8.124612094206896e-13
rs34115673,2.171596236166806e-12
rs10035358,1.6966428262321642e-12
rs13154729,3.2568392427378967e-12
rs200929182,1.3031797863050087e-12
rs4591754,1.821431894200032e-12
rs7356604,1.1429746038515987e-12
rs7734331,7.528422329983187e-13
rs57300972,8.176792576364278e-13
rs4129642,1.3274936705442997e-12
rs10060878,1.546762717907768e-12
rs9790879,9.3913765653042e-13
rs9790896,2.287614542240135e-12
rs9791059,1.990074771640593e-12
rs4457088,9.78328529299688e-13
rs4866784,1.4346301924206273e-12
rs10462084,1.844080443902385e-13
rs10039173,1.2494449919131512e-12
rs9791056,1.0249578963339445e-12
rs9791164,1.9945156637390937e-12
rs11957920,1.0675904604795505e-12
rs10070339,6.996625501187737e-13
rs10060645,1.6243673073290665e-12
rs139904077,1.4410694859634532e-13
rs13179835,5.78315173527244e-13
rs6880275,1.892708212380967e-12
rs6870136,1.4070966614099234e-12
rs6881563,1.7382761896556076e-12
rs34501299,1.8528512057969238e-12
rs7703618,2.94364532749114e-12
rs6895062,1.6853185513809876e-12
rs6874167,1.3915535390651712e-12
rs10077814,1.0622613899613498e-12
rs4866921,1.9164669851079452e-12
rs6451783,3.2894797996618763e-12
rs7707315,2.0836665726164938e-12
rs6871820,1.4137579995576743e-12
rs4298259,1.4309664564393643e-12
rs7736092,1.7016388298429774e-12
rs10941687,7.301936832959655e-13
rs6451784,2.2776225350185086e-12
rs7728431,1.361577517400292e-12
rs7708506,1.3984369218178472e-12
rs7708686,1.244448988302338e-12
rs7708705,9.351408536417694e-13
rs10042455,2.5376367673857203e-12
rs10039866,1.0678125050844756e-12
rs10043344,7.80486786311485e-13
rs10038554,2.290834189011548e-12
rs10044096,1.4868106745780096e-12
rs10041518,1.1906031716080179e-12
rs13153556,1.0802470029602773e-12
rs4360054,3.180233854038761e-12
rs4323241,8.662071060427934e-12
rs12109710,4.720668300706166e-13
rs10063172,9.526823774308468e-13
rs10473376,1.6622259124687844e-12
rs10473377,2.353894856810257e-12
rs10057341,1.3332668302723505e-12
rs10073945,1.155520124029863e-12
rs4866922,1.1012302181256928e-12
rs34325259,4.0923930910707895e-12
rs12517690,1.8648416144628754e-12
rs6875287,2.858380199199928e-12
rs11958808,3.655409308578328e-12
rs3935213,1.1012302181256928e-12
rs4627995,9.245937349078304e-13
rs4326150,7.119860256921129e-13
rs61584374,1.4069856391074609e-12
rs73752421,8.851808175336373e-13
rs4460145,4.996003610813204e-13
rs6869488,9.369172104811696e-13
rs72757850,4.720668300706166e-13
rs10941690,2.3604451726555453e-12
rs6879309,9.665601652386613e-13
rs72759912,1.1796119636642288e-12
rs6866995,9.53792600455472e-13
rs4296810,1.1125544929768694e-12
rs112102893,6.98885394001536e-13
rs10462085,8.594236433623337e-13
rs111778497,2.2913893005238606e-12
rs6869697,8.375078408562331e-12
rs6889445,2.994271497414047e-12
rs72759917,7.28361815305334e-12
rs62369865,1.1818213074832329e-11
rs4590186,5.99542637758077e-12
rs7709661,4.1849856913245276e-12
rs12517629,2.1119772597444353e-12
rs62369866,5.406008973807275e-12
rs62369867,1.5384360452230794e-12
rs200089586,3.74333897212864e-12
rs7707668,6.721290191080698e-13
rs6894974,1.428523965785189e-12
rs4533894,1.1755041384731157e-12
rs59468706,1.1337597527472099e-12
rs4371761,2.4584778657299466e-12
rs76631775,1.521782699853702e-12
rs7731099,1.7539303343028223e-12
rs7701679,1.3882228699912957e-12
rs78273393,1.474598221307133e-12
rs4382180,9.300338277284936e-13
rs12522398,3.899325307088475e-12
rs4502832,7.0997652201754136e-12
rs73752426,1.1747269823558781e-12
rs62369894,2.6993962620736056e-12
rs12054976,2.8640423366255163e-12
rs62369895,1.4456214003644163e-12
rs13183434,9.214851104388799e-14
rs4267876,3.331779296900095e-13
rs12055286,1.8196555373606316e-13
rs12523384,3.517186542012496e-13
rs12523398,6.112887973586112e-13
rs12520813,4.96269692007445e-13
rs112042289,8.780753901760363e-13
rs56699889,5.475619957451272e-13
rs62369916,1.0673684158746255e-12
rs10941693,3.6270986214503864e-13
rs62369917,2.460254222569347e-13
rs62369918,2.1094237467877974e-13
rs78835966,1.794120407794253e-13
rs12520698,5.182521078950231e-13
rs12520151,4.030109579389318e-13
rs12522803,3.774758283725532e-13
rs12522822,4.968248035197576e-13
rs6893494,4.3653969328261155e-13
rs12522305,5.655476087440547e-13
rs62371360,1.7152945730458669e-13
rs62371361,1.8529622280993863e-13
rs62367461,3.482769628249116e-13
rs6898476,9.339196083146817e-13
rs12520430,3.567146578120628e-13
rs146480192,5.075939668586216e-13
rs62367464,5.232481115058363e-13
rs62367465,3.339550858072471e-13
rs6876773,4.275468867831478e-13
rs62367466,3.1818991885756986e-13
rs12516998,5.878630915390204e-13
rs12519474,7.963629755636248e-13
rs112411343,3.4017233474514796e-13
rs62367467,1.3311574065255627e-13
rs12523157,3.2662761384472105e-13
rs7711446,1.0434986208451846e-12
rs7711528,1.1255441023649837e-12
rs4357042,2.929878561985788e-13
rs62367468,4.801714581503802e-13
rs4533895,1.2819745265346683e-12
rs4308490,7.549516567451064e-13
rs62367469,6.03073146976385e-13
rs4492120,1.3589129821411916e-12
rs4566805,3.6770586575585185e-13
rs4493682,8.441025656225065e-13
rs75856200,7.743805596760467e-13
rs71616284,8.926193117986259e-14
rs62367470,3.148592497836944e-13
rs12515820,4.141131881851834e-14
rs12523359,1.8185453143360064e-13
rs13176182,9.237055564881302e-14
rs12514414,6.549205622263798e-13
rs6890289,6.372680161348399e-13
rs7734497,7.679412661332208e-13
rs62367471,2.3381296898605797e-13
rs10941694,3.915756607852927e-13
rs12516488,5.045963646921336e-13
