rs71633107,5.606071162844728e-12
rs151003880,7.589817663244958e-12
rs13162221,6.978084776676496e-12
rs13162284,5.562439397976959e-12
rs113559301,3.4824727546123313e-09
rs146332373,5.575873096574924e-12
rs141925081,5.575873096574924e-12
rs141231535,5.089595411789105e-12
rs115286605,5.575873096574924e-12
rs144911216,5.575873096574924e-12
rs77777392,0.046538326302067334
rs200523120,5.6731286335320874e-12
rs9763012,0.04682154968826602
rs4866851,5.575873096574924e-12
rs5024556,0.7333600521860264
rs78555461,5.575873096574924e-12
rs35789639,0.17328006836686327
rs34601610,5.343614439823341e-12
rs79904860,5.885403275840417e-12
rs71633110,5.345168752057816e-12
rs4615307,5.774269951075439e-12
rs13170221,6.63047394766636e-12
rs34928490,6.317835143931916e-12
rs13184592,5.951572568108077e-12
rs13184605,5.951572568108077e-12
rs199598973,5.665357072359711e-12
rs76029587,7.090439346768562e-12
rs76561640,6.0316196481835505e-12
rs35009945,9.108824805537097e-12
rs71633113,9.397815858847025e-12
rs35050534,1.224809142996719e-11
rs72750173,5.802469615900918e-12
rs72750176,6.351696946182983e-12
rs6879107,4.7977177786151515e-12
rs72750177,6.528000362493458e-12
rs59740408,7.009282043668463e-12
rs72750180,7.45092876286435e-12
rs72750181,6.323830348264892e-12
rs10434607,6.478706460200101e-12
rs72750184,6.551870157522899e-12
rs72750185,5.792588630981754e-12
rs7707393,6.284528453193161e-12
rs7707610,4.926281604866745e-12
rs55969046,5.904277067259045e-12
rs6872836,5.952904835737627e-12
rs10053456,7.102207710829589e-12
rs72750186,5.788369783488179e-12
rs55663749,6.481593040064126e-12
rs7722961,6.185829626303985e-12
rs55720235,5.861422458508514e-12
rs72750188,6.695866083816782e-12
rs72750189,6.695866083816782e-12
rs72750192,6.061817714453355e-12
rs146775759,5.918709966579172e-12
rs9716976,5.811684467005307e-12
rs199517474,6.521561068950632e-12
rs200664591,7.395861700842943e-12
rs202097762,5.8154592252890325e-12
rs7727136,4.80782080813924e-12
rs143408657,5.60129720383884e-12
rs6451745,4.811595566422966e-12
rs143282016,6.298739307908363e-12
rs6871166,4.753752946839995e-12
rs7732381,4.820810417527355e-12
rs7713136,5.569211758427173e-12
rs7444151,4.991784763319629e-12
rs7447415,5.021982829589433e-12
rs112246130,5.354827692372055e-12
rs7727274,5.56510393323606e-12
rs4866856,5.167755112722716e-12
rs4866857,4.75042227776612e-12
rs199593609,7.1279648850008925e-12
rs4866858,5.167755112722716e-12
rs113484589,5.95656857171889e-12
rs13163856,6.661116103146014e-12
rs7700266,4.970690525851751e-12
rs6859263,6.5285554740057705e-12
rs72751803,5.58408874695715e-12
rs7704916,4.853895063661184e-12
rs7705250,6.87716550373807e-12
rs7705283,7.0782268934976855e-12
rs10462064,5.441758155200205e-12
rs4521480,7.318146089119182e-12
rs58649795,6.905920280075861e-12
rs10461752,6.905920280075861e-12
rs10462065,5.244804590631702e-12
rs4512135,6.240563621418005e-12
rs12513463,5.477951425802985e-12
rs4866762,6.95044022336333e-12
rs4866763,5.505929046023539e-12
rs4866859,5.807465619511731e-12
rs10039433,5.746847442367198e-12
rs10941653,6.051048551114491e-12
rs6897580,6.994405055138486e-12
rs11747399,6.064815316619843e-12
rs4242104,4.7830628346900994e-12
rs6451748,4.766964600833035e-12
rs4590185,4.898081940041266e-12
rs10462066,6.0430549453371896e-12
rs9292900,4.783617946202412e-12
rs4362950,6.3332672439742055e-12
rs7731409,4.767963801555197e-12
rs72751880,6.3724581167434735e-12
rs6897631,4.783617946202412e-12
rs6897692,4.757194638216333e-12
rs9292902,4.749645121648882e-12
rs4130792,4.750089210858732e-12
rs72751881,5.963673999076491e-12
rs6879010,4.74997818855627e-12
rs6878579,4.74997818855627e-12
rs6859939,4.74997818855627e-12
rs4285229,5.180411655203443e-12
rs10076380,4.75086636697597e-12
rs72751887,5.413447468072263e-12
rs5011482,4.829026067909581e-12
rs4424001,5.592526441944301e-12
rs12656616,4.827360733372643e-12
rs10054782,6.267875107823784e-12
rs4242105,6.8127725683098106e-12
rs4866860,4.920508445138694e-12
rs4242106,6.624700787938309e-12
rs62368130,6.626588167080172e-12
rs12654857,4.845457368674033e-12
rs62368131,6.910472194476824e-12
rs72751899,7.914002786435503e-12
rs10056610,7.39752703537988e-12
rs12374502,6.497025140106416e-12
rs12186355,6.2198024508575145e-12
rs12374590,6.827538534537325e-12
rs10473338,4.795941421775751e-12
rs4502833,6.466382984626762e-12
rs62368132,4.952482868247898e-12
rs12186514,6.644573780079099e-12
rs57879248,6.96587232340562e-12
rs72753613,5.323519403077626e-12
rs4280876,4.9324988538046455e-12
rs72753614,6.0598193130090294e-12
rs10805679,9.631739850135546e-12
rs10941654,4.965916566845863e-12
rs10941655,4.8616666248335605e-12
rs4602633,6.7591487962204155e-12
rs60531540,6.728062551530911e-12
rs56676540,6.728062551530911e-12
rs4866861,6.3575811282134964e-12
rs113597754,6.952327602505193e-12
rs10037476,6.363687354848935e-12
rs10473339,4.802824804528427e-12
rs10473340,7.172928917498211e-12
rs10068722,4.843903056439558e-12
rs56321266,6.573741551108014e-12
rs55886751,5.633715716157894e-12
rs10068739,4.748978987834107e-12
rs4866764,5.2836623964935825e-12
rs4866862,5.6346038945775945e-12
rs72753627,5.2836623964935825e-12
rs12515359,4.7832848792950244e-12
rs72753629,5.275779813018744e-12
rs72753631,5.287659199382233e-12
rs72753633,5.275779813018744e-12
rs12518051,6.515343820012731e-12
rs4866863,6.07880412673012e-12
rs4866765,5.316413975720025e-12
rs113991249,5.316413975720025e-12
rs113358593,5.275779813018744e-12
rs72753635,5.316413975720025e-12
rs112185438,7.553180303432327e-12
rs10038690,6.686762255014855e-12
rs10044222,6.3795635441010745e-12
rs10062298,6.710854094649221e-12
rs10039542,7.0011774155887e-12
rs10062392,4.8018256038062646e-12
rs13188697,1.0300205133262352e-11
rs62368136,4.7974957340102264e-12
rs4866864,6.68431976436068e-12
rs4866865,7.061129458918458e-12
rs62368137,4.757860772031108e-12
rs75318003,4.8364645621745694e-12
rs4501346,6.6564531664425886e-12
rs72753699,4.797606756312689e-12
rs72753700,5.296096894369384e-12
rs72753701,5.630496069386481e-12
rs143556242,5.256350910087804e-12
rs116558399,5.256350910087804e-12
rs4866866,4.7768455857521985e-12
rs4866766,5.296096894369384e-12
rs113376202,6.942113550678641e-12
rs12521430,5.5357940453859555e-12
rs6871975,6.721290191080698e-12
rs76606202,6.914135930458087e-12
rs12520263,6.721290191080698e-12
rs12515099,4.8224757520642925e-12
rs12520320,4.8300252686317435e-12
rs6884203,6.541878150301272e-12
rs6858975,5.200062602739308e-12
rs13174925,5.95701266092874e-12
rs4632804,6.942113550678641e-12
rs56152271,4.819922239107655e-12
rs56171275,4.764522110178859e-12
rs4473774,5.256350910087804e-12
rs200857881,5.969336136502079e-12
rs72755310,4.901634653720066e-12
rs72755311,5.250133661149903e-12
rs13357719,4.819922239107655e-12
rs72755312,5.296096894369384e-12
rs56146348,4.819922239107655e-12
rs72755313,5.296096894369384e-12
rs34157826,1.5708767620026265e-11
rs6451749,5.254907620155791e-12
rs6451750,5.097922084473794e-12
rs4489073,6.504796701278792e-12
rs4242107,5.329625629713064e-12
rs4242108,4.8905324234738146e-12
rs4507494,5.297984273511247e-12
rs4492117,5.199618513529458e-12
rs4410642,6.9225736254452386e-12
rs4242109,5.395572877375798e-12
rs4131426,5.125344593182035e-12
rs10076020,5.8789639822975914e-12
rs10079877,9.230727293640939e-12
rs7706471,5.3052007231713105e-12
rs7730111,6.130984608887502e-12
rs10062354,5.6811222393093885e-12
rs12054795,5.16131581917989e-12
rs4593274,5.958677995465678e-12
rs12516199,1.406463834285887e-11
rs12518957,1.1839307312300207e-11
rs9687409,7.868039553216022e-12
rs149494698,9.006906331876507e-12
rs10069015,7.790101896887336e-12
rs184153503,4.8655524054197485e-12
rs141771712,1.2105760838210244e-11
rs139418321,4.758082816636033e-12
rs111573490,1.1145306899607021e-11
rs72755324,4.9749093733453265e-12
rs72755325,4.93094454157017e-12
rs28837991,1.260291870863739e-11
rs4401577,1.2237655333535713e-11
rs6891223,1.0384693105436327e-11
rs4496715,8.194889211665668e-12
rs4410643,8.315681476744885e-12
rs72755333,4.9249493372371944e-12
rs28879679,7.397860102287268e-12
rs73754105,6.201039681741349e-12
rs72755336,4.9249493372371944e-12
rs12519758,5.104694444924007e-12
rs56401540,5.094813460004843e-12
rs13358399,6.6305849699688224e-12
rs13356374,6.005085317895009e-12
rs72755339,5.064837438339964e-12
rs5007472,5.5863091930064e-12
rs4308489,5.757505583403599e-12
rs4596388,5.064837438339964e-12
rs73754110,5.984657214241906e-12
rs73754111,5.984657214241906e-12
rs4866867,6.1175509102895376e-12
rs4866868,8.440692589317678e-12
rs4866869,8.205214285794682e-12
rs4866870,5.068057085111377e-12
rs72755343,4.840683409668145e-12
rs4391174,8.392730954653871e-12
rs10461753,7.174927318942537e-12
rs112863438,5.613620679412179e-12
rs34503567,5.520028878436278e-12
rs34284380,5.572986516710898e-12
rs200699181,7.264300272424862e-12
rs112701585,6.0960125836118095e-12
rs10065889,7.138623026037294e-12
rs12518724,5.099698441313194e-12
rs4866871,8.132827744589122e-12
rs4571479,4.775069228912798e-12
rs4613717,4.775069228912798e-12
rs13359752,8.72857341960298e-12
rs72755352,4.756972593611408e-12
rs56007753,8.158140829550575e-12
rs58093443,8.398393092079459e-12
rs10071044,8.764211578693448e-12
rs57824552,5.086819854227542e-12
rs4866873,7.314815420045306e-12
rs10067818,7.627232179174825e-12
rs112361271,7.808198532188726e-12
rs143557844,7.649103572759941e-12
rs4866874,4.85855800036461e-12
rs4523005,8.22675261247241e-12
rs4566803,8.22675261247241e-12
rs72757321,4.85855800036461e-12
rs78102377,8.290812480993281e-12
rs4562046,8.198663969949394e-12
rs10037292,8.094191983332166e-12
rs72757326,5.079603404567479e-12
rs72757327,4.8160364585214666e-12
rs72757330,7.906675314472977e-12
rs60307634,5.079603404567479e-12
rs4254916,5.312417172831374e-12
rs71633118,9.389700128537015e-11
rs4308492,6.833311694265376e-12
rs4308493,7.061795592733233e-12
rs4309981,7.061795592733233e-12
rs72757335,5.093925281585143e-12
rs12518129,7.1245231936245546e-12
rs72757339,4.8336890046130065e-12
rs72757342,5.077049891610841e-12
rs11738581,5.349498621853854e-12
rs77409562,6.227796056634816e-12
rs10941658,7.515432720595072e-12
rs55909827,5.042855022452386e-12
rs10068755,7.709832772206937e-12
rs10037136,7.651324018809191e-12
rs4866875,7.598255358232109e-12
rs12515453,7.758682585290444e-12
rs56100685,4.810818410305728e-12
rs116412148,6.699862886705432e-12
rs12519513,4.788947016720613e-12
rs4866877,6.672773444904578e-12
rs4620033,7.755796005426419e-12
rs10036975,8.433143072750227e-12
rs11532636,5.074940467864053e-12
rs11561700,5.027644967015021e-12
rs4320266,5.074940467864053e-12
rs11561699,8.491873870752897e-12
rs12697470,6.413314324049679e-12
rs10059789,7.424505454878272e-12
rs187876082,1.1102563313158953e-11
rs150911434,8.048339772415147e-12
rs139738798,4.760747351895134e-12
rs10462067,5.225042620793374e-12
rs12518779,4.7690740245798224e-12
rs4389696,5.659472890329198e-12
rs4293927,7.955525127556484e-12
rs10462068,4.769185046882285e-12
rs4296809,5.9396931817445875e-12
rs10462069,4.7654102885985594e-12
rs4866769,7.825962100582728e-12
rs77107305,6.046940725923378e-12
rs76359043,4.76851891306751e-12
rs73754152,5.650480083829734e-12
rs72759338,7.922551503725117e-12
rs72759339,5.611622277967854e-12
rs75921915,4.7511994338833574e-12
rs72759340,5.611622277967854e-12
rs4866879,7.92488297207683e-12
rs73754158,4.750977389278432e-12
rs4242110,7.92488297207683e-12
rs12514816,7.919886968466017e-12
rs74539206,5.803468816623081e-12
rs58487553,5.390909940672373e-12
rs60717014,7.91122722887394e-12
rs4512136,7.91122722887394e-12
rs79804818,4.7511994338833574e-12
rs10473345,7.98316968086965e-12
rs12522794,5.79636338926548e-12
rs76136706,4.75086636697597e-12
rs79468888,4.75086636697597e-12
rs4866881,5.9078297809378455e-12
rs2330391,7.753797603982093e-12
rs1868254,5.472622355284784e-12
rs4866882,9.018674695937534e-12
rs4866770,8.759992731199873e-12
rs2034348,7.66053886991358e-12
rs12653644,5.652145418366672e-12
rs13357950,5.632050381620957e-12
rs144633763,4.771405492931535e-12
rs3112776,7.729594742045265e-12
rs13355357,5.717537554517094e-12
rs12520384,4.761080418802521e-12
rs12518021,7.52109485802066e-12
rs12515307,7.52109485802066e-12
rs146944028,4.761080418802521e-12
rs12516135,4.769629136092135e-12
rs989255,4.750200233161195e-12
rs4866772,5.5502269447060826e-12
rs10512835,5.753064691305099e-12
rs74661554,7.625122755428038e-12
rs74882068,5.738742814287434e-12
rs4627993,5.68867175587684e-12
rs2877134,8.199552148369094e-12
rs75403511,4.786393503763975e-12
rs6892008,5.51703127626979e-12
rs4866883,7.876588270505636e-12
rs6897913,5.773159728050814e-12
rs77736080,8.415379504356224e-12
rs56338120,7.914668920250278e-12
rs3112775,4.5023429429136286e-11
rs4866773,5.784817069809378e-12
rs10063178,1.0077938483732396e-11
rs78117246,4.754752147562158e-12
rs10071365,8.837819365226096e-12
rs10079810,9.279688129026908e-12
rs10043545,9.025002967177898e-12
rs55676975,9.025002967177898e-12
rs12152777,6.257661055997232e-12
rs1550939,7.128631018815668e-12
rs142659338,8.25939316939639e-12
rs10941659,7.30349114519413e-12
rs12523455,4.7867265706713624e-12
rs10941660,7.251199640734285e-12
rs4637558,8.787637284513039e-12
rs4643965,6.243561223584493e-12
rs78999502,4.7837289685048745e-12
rs16873829,7.685740932572571e-12
rs878037,9.231948538968027e-12
rs10512836,4.655157370692109e-10
rs4866884,4.786282481461512e-12
rs73754176,9.118372723548873e-12
rs58855274,9.192646643896296e-12
rs77317493,9.32520727303654e-12
rs10040193,8.936962281325123e-12
rs4866885,7.720601935545801e-12
rs1823252,9.712119997118407e-12
rs726941,8.83226825010297e-12
rs16873839,4.759304061963121e-12
rs4866774,6.820988218692037e-12
rs75125011,6.66622312905929e-12
rs4866886,5.848765916027787e-12
rs4866887,9.565903624775274e-12
rs10452473,5.256906021600116e-12
rs57687146,6.963984944263757e-12
rs2053784,5.683786774568489e-12
rs6889538,5.985878459568994e-12
rs111565218,4.800493336176714e-12
rs13357200,5.810352199375757e-12
rs77506211,4.800826403084102e-12
rs10063559,5.431211036466266e-12
rs16873866,4.788502927510763e-12
rs76455323,4.76940709148721e-12
rs7380031,5.578093542624174e-12
rs12513619,4.7523096569079826e-12
rs9283762,8.091860514980453e-12
rs10473347,4.765188243993634e-12
rs16873876,8.589018385407599e-12
rs10473348,5.7833737798773655e-12
rs28408208,6.596834190020218e-12
rs10054646,6.2019278601610495e-12
rs80173788,4.748534898624257e-12
rs9885468,1.4231837930367419e-11
rs78142257,4.8577808442473724e-12
rs10068893,8.184786182141579e-12
rs9632410,4.874656234221675e-12
rs115171932,4.789058039023075e-12
rs76451118,4.785061236134425e-12
rs921177,4.877320769480775e-12
rs1809045,5.004441305800356e-12
rs1809044,4.75219863460552e-12
rs80243323,4.881761661579276e-12
rs1448036,5.1064708017634075e-12
rs10044215,5.84887693833025e-12
rs10473349,1.2342904476270178e-11
rs76003790,5.255573753970566e-12
rs6883160,1.1552536705039529e-11
rs6866891,1.1080691919573837e-11
rs10472390,4.7585269058458834e-12
rs74857237,4.801270492293952e-12
rs79581441,4.749312054741495e-12
rs7713769,4.805822406694915e-12
rs60966956,4.907851902657967e-12
rs1374964,1.324285126003133e-11
rs77975471,4.80693262971954e-12
rs2034346,1.2223222434215586e-11
rs11955386,5.399236613357061e-12
rs1839094,5.436207040077079e-12
rs76577047,5.066502772876902e-12
rs17250399,9.037515180665423e-11
rs77825455,5.01743091518847e-12
rs4610466,5.235811784132238e-12
rs2053786,8.446687793650653e-12
rs10941661,5.606293207449653e-12
rs10064886,5.615286013949117e-12
rs10071859,6.329270441085555e-12
rs28378497,5.618394638418067e-12
rs28676336,1.4300227668684329e-11
rs80264550,4.933387032224346e-12
rs75966986,4.897748873133878e-12
rs10941663,1.3141709942487978e-11
rs4242111,8.597345058092287e-12
rs4410644,8.756440017521072e-12
rs2330542,5.045408535409024e-12
rs4866889,5.08804109955463e-12
rs2166832,5.421108006942177e-12
rs77826884,5.05540054263065e-12
rs6862505,4.894640248664928e-12
rs10062585,4.785172258436887e-12
rs10064342,5.040079464890823e-12
rs16873923,1.6331491714538515e-11
rs10472392,1.271682759096393e-11
rs78220969,5.191402863147232e-12
rs113165935,5.2488013935203526e-12
rs13156213,1.2969514351368616e-11
rs6896904,6.204814440025075e-12
rs12656842,5.544342762675569e-12
rs12520496,5.220934795602261e-12
rs79050154,5.1803006329009804e-12
rs76003829,5.1803006329009804e-12
rs1374977,1.366740054464799e-11
rs146035333,5.131339797515011e-12
rs138734246,5.131339797515011e-12
rs1448044,1.2605250176989102e-11
rs1374978,1.2837619856043148e-11
rs1448045,4.8788750817152504e-12
rs10072476,1.0539236150464149e-11
rs9292903,1.564937068820882e-11
rs10074405,1.4313661367282293e-11
rs1979078,5.0707216203704775e-12
rs1979079,5.172307027123679e-12
rs6881989,5.1626480868094404e-12
rs13186320,8.03035415941622e-12
rs1823251,5.282996262678807e-12
rs1374961,1.0576761688696479e-11
rs2290070,5.282996262678807e-12
rs6451758,5.350164755668629e-12
rs17234597,5.121902901805697e-12
rs10473352,5.405897951504812e-12
rs17228137,5.9156013421102216e-12
rs17228130,5.21382936824466e-12
rs6881797,5.813904913054557e-12
rs1374962,2.5883961640715825e-11
rs1448035,2.752598149413643e-11
rs1839090,1.607047828144914e-11
rs1839091,1.491418100130204e-11
rs1816964,6.038392008633764e-12
rs10473353,2.272126931046614e-11
rs980510,1.4878209775304185e-11
rs1816965,5.360933919007493e-12
rs4498258,2.621169947758517e-11
rs13159800,1.2188472453544819e-11
rs4410645,1.362987500641566e-11
rs4409099,5.027644967015021e-12
rs75008437,4.997779967652605e-12
rs4866891,1.5459078461788067e-11
rs13185276,1.5459078461788067e-11
rs10055386,1.5597856339866212e-11
rs13165847,1.5449419521473828e-11
rs13170645,1.384792280845204e-11
rs13180550,1.6219914300563687e-11
rs12652957,1.727040732646401e-11
rs987642,2.8534286045100998e-11
rs67412235,2.5431101668971223e-11
rs735083,5.350941911785867e-12
rs983373,2.8148816610951144e-11
rs1011814,1.5047518786559522e-11
rs72763188,2.6414537224184187e-11
rs10512844,2.4337865056622832e-11
rs2330544,1.4348189303348136e-11
rs2330545,1.655109382880937e-11
rs4866893,1.407252092633371e-11
rs4866894,1.3634204876211697e-11
rs16873982,2.4423241207216506e-11
rs16873983,2.2811863509275554e-11
rs61032851,2.2811863509275554e-11
rs10512845,2.2811863509275554e-11
rs6451761,1.997479959214843e-11
rs10073166,2.2631341245471503e-11
rs16874002,2.368771845340234e-11
rs12657059,2.372746443768392e-11
rs12523512,2.633793183548505e-11
rs996935,2.309719082660422e-11
rs12516566,3.034250628530799e-11
rs12513830,2.6532220864794454e-11
rs1448039,1.5038414957757595e-11
rs72763202,3.1563862634698125e-11
rs1448038,2.403421905938785e-11
rs10060548,2.4803714637755547e-11
rs1374970,1.6815993042484934e-11
rs1374967,2.5065616249264622e-11
rs4866895,5.075606601678828e-12
rs1550937,2.3789747949365392e-11
rs593307,2.7759239351610177e-11
rs1351635,1.871258703545209e-11
rs1482689,2.5051960506061732e-11
rs339509,2.749989125305774e-11
rs10941664,2.2405743926867672e-11
rs17234079,2.0202217676512646e-10
rs1482671,1.3622325489848208e-11
rs339505,2.0983104143112996e-11
rs1482672,1.3307244195459589e-11
rs339502,2.034117319027473e-11
rs2121875,1.3582468483264165e-11
rs16874036,2.355526884656456e-11
rs6859730,1.317401743250457e-11
rs1482673,1.3238521390235292e-11
rs1482675,2.0341950346391968e-11
rs900379,1.317401743250457e-11
rs11750845,7.359446385635238e-12
rs10805683,4.906963724238267e-12
rs1384449,4.811373521818041e-12
rs79290724,5.083489185153667e-12
rs969520,5.128897306860836e-12
rs16901816,5.143330206180963e-12
rs2973644,4.762079619524684e-12
rs2973646,4.7486459209267196e-12
rs6891282,5.136113756520899e-12
rs2973649,4.9652504330310876e-12
rs74586871,4.748534898624257e-12
rs2973650,4.8054893397875276e-12
rs723166,7.01749769405069e-11
rs10473354,3.9805159168793125e-11
rs62366748,2.50864085060698e-09
rs10941665,1.0013623263915861e-10
rs4866897,1.4734480302536213e-10
rs16901841,6.276241859559661e-09
rs16901843,4.569547296107146e-09
rs4866898,6.791842865894182e-08
rs10052488,1.1549183831505161e-10
rs973844,1.3346734828445506e-10
rs973843,1.2252954206815048e-10
rs9885121,1.3602097226339538e-10
rs9292906,1.4074152954179908e-10
rs2200123,1.2459144826948432e-10
rs6874246,1.2760315026838498e-10
rs10472394,1.257958182065977e-10
rs12655031,3.5006394560888054e-08
rs10055789,1.2760315026838498e-10
rs10055953,1.3300316403785928e-10
rs4146354,1.0205880585090199e-10
rs4404686,2.0348807638903565e-08
rs2330551,1.0373468750657366e-10
rs922852,9.962075608882515e-11
rs922851,2.5987562657370233e-08
rs987852,1.2716938613266393e-10
rs1482668,1.4505818768384415e-10
rs2877163,9.372758125181235e-11
rs2330552,5.018874205120483e-12
rs16901850,4.9007257141298055e-09
rs2330553,1.0065281941251669e-10
rs2330554,9.96824844889943e-11
rs1482667,9.338463335950564e-11
rs4242112,9.466571970762061e-11
rs4314404,1.2530487758510844e-10
rs1384451,1.1682788070288552e-10
rs62366749,4.8908391780955185e-09
rs1482685,1.330774379582067e-10
rs1482686,2.689412803569269e-09
rs9292907,5.181965967437918e-12
rs77227243,1.0850620180136161e-08
rs2330428,9.081718710390874e-10
rs2128436,1.457839848839626e-09
rs1351637,7.643120913947143e-09
rs1116180,1.4746204257676254e-11
rs12189214,1.2769563184633625e-10
rs58035824,1.3890555372597646e-10
rs4866899,2.745703664430721e-11
rs4866900,4.9264925472414234e-11
rs7712213,7.106082389185531e-11
rs6893590,5.350164755668629e-12
rs1384445,4.252354024458782e-11
rs1905191,8.882350410743811e-11
rs10461756,4.871436587450262e-12
rs2128430,7.944145341554076e-11
rs6451762,9.888612151343068e-11
rs1120717,4.0372261089771655e-11
rs1120718,8.487344160812427e-11
rs2086655,5.6699089867606745e-12
rs13162578,6.957878717628319e-11
rs7707044,9.700995562411663e-11
rs7724859,8.487344160812427e-11
rs8180484,5.457967411359732e-12
rs6879342,9.119249799738327e-11
rs747187,5.3730353499759076e-12
rs1482684,8.492051506436837e-11
rs1384450,5.3084203699427235e-12
rs11950046,5.3542725808597424e-12
rs10461757,6.147971021164267e-12
rs16901870,3.551392513401197e-11
rs1482691,6.512201888853042e-11
rs16901871,3.20949933296788e-11
rs12516346,8.271361373601849e-11
rs1482690,7.513667465985918e-11
rs34119371,2.946720645269352e-11
rs6865230,3.1998181881931487e-11
rs6865011,3.1998181881931487e-11
rs6865330,4.056854852052538e-11
rs57068965,4.056854852052538e-11
rs16901875,4.056854852052538e-11
rs72748075,4.056854852052538e-11
rs1384454,8.070288881611987e-11
rs56323939,2.642874807889939e-11
rs72748077,9.418021917895203e-12
rs10941667,6.821432307901887e-12
rs1384453,6.9637073885076e-11
rs7730866,2.7960855852882105e-11
rs10941668,6.626588167080172e-12
rs1825237,6.66933175352824e-12
rs1905188,4.049660606852967e-11
rs16901883,4.845179812917877e-11
rs3898543,3.7840397482113985e-11
rs960060,3.8408831670722066e-11
rs59836876,3.8408831670722066e-11
rs72748085,6.406576380513229e-10
rs1384447,6.3474780986894075e-12
rs13160582,3.708200413399254e-11
rs10512854,2.798583587093617e-11
rs4352602,8.832379272405433e-11
rs6883915,2.116995467815741e-11
rs12108957,2.6494251237352273e-11
rs6864776,8.637002224531898e-11
rs2128434,9.222067554048863e-12
rs12109250,2.432942736163568e-11
rs7706806,3.4441338669921606e-11
rs7710996,1.5249979057330165e-10
rs13153459,2.3072432853155078e-11
rs2128435,8.080758284734202e-12
rs56203280,2.007904953416073e-11
rs56724254,2.1466717292639714e-11
rs67667620,2.3321788944485888e-11
rs35420014,4.28351798476001e-11
rs13173094,3.955413774292538e-11
rs6871730,7.02238267535904e-12
rs10462074,6.947220576591917e-12
rs9686344,2.5090152178108838e-11
rs74595749,2.5090152178108838e-11
rs7736427,2.0282786561409694e-10
rs9765008,2.5090152178108838e-11
rs74388345,2.4965474132443433e-11
rs34227922,2.4965474132443433e-11
rs4866776,1.6723189499856517e-10
rs7709753,7.193468043453777e-12
rs56340528,2.5090152178108838e-11
rs58761628,1.83187798263873e-10
rs6451763,1.5915802009658364e-10
rs1531803,1.694999696155719e-11
rs2330570,1.716227160386552e-11
rs1905192,2.107298779918665e-10
rs873475,3.297684347813856e-11
rs6866555,3.2084224166339936e-11
rs4866777,7.512990229940897e-12
rs10512860,2.032272128360546e-10
rs13190489,3.919009561315079e-11
rs1482663,1.992829234964688e-10
rs1351633,2.4007129617587e-10
rs983940,2.1444535036607704e-10
rs4866902,7.379541422380953e-12
rs4866903,7.6270101345699e-12
rs4866904,7.50477457955867e-12
rs13169165,3.9873548907110035e-11
rs62368491,1.8376629032923475e-06
rs1482664,3.9873548907110035e-11
rs1482665,1.7920931405512874e-10
rs7727980,3.522704350444883e-11
rs12187906,3.8412828473610716e-11
rs57060529,3.8412828473610716e-11
rs67485736,3.8412828473610716e-11
rs10805684,8.299250175980433e-12
rs60010565,2.9358071529372864e-11
rs13155151,3.354438948832694e-11
rs4645339,1.969679974678229e-11
rs4634356,4.346611959249458e-10
rs4346775,2.944311461305915e-11
rs6897255,2.944311461305915e-11
rs13179281,2.8512969763028195e-11
rs34391578,2.9439339854775426e-11
rs6897963,4.2066639061033584e-10
rs35656601,2.699895862434687e-11
rs55912972,8.769429626909186e-12
rs10055724,3.220235189616005e-11
rs4866905,1.9135992790353384e-10
rs13189602,2.947742050452007e-11
rs56209069,8.146483487792011e-12
rs56008450,8.564593478865845e-12
rs4435876,3.3874458793548e-11
rs11745223,7.673195412394307e-12
rs56264037,7.673195412394307e-12
rs56163722,7.401967927478381e-12
rs4493679,3.2849500897214057e-11
rs4274985,3.669764492286731e-11
rs10061860,3.7144398667976475e-11
rs13355205,3.7144398667976475e-11
rs35797502,3.7144398667976475e-11
rs34031096,3.436595452654956e-11
rs10079222,2.483222516502792e-10
rs10040045,2.343181204622624e-11
rs7729423,6.9934058544163236e-12
rs4627994,3.600064690800764e-11
rs4594862,3.1956992607717893e-11
rs12188390,2.1833868046883254e-11
rs13182481,0.009706578322653425
rs4463187,0.013371855835311752
rs7708449,4.780131133363952e-06
rs7713139,5.546409657330997e-06
rs4273616,3.0692670627274765e-11
rs72750289,2.0841328662868364e-11
rs6884594,3.4988456576456883e-11
rs6889725,3.4988456576456883e-11
rs6889804,3.4988456576456883e-11
rs10063359,3.4988456576456883e-11
rs35581367,3.4988456576456883e-11
rs34164548,3.4988456576456883e-11
rs4642379,3.2771785285490296e-11
rs34577718,5.179401352251034e-11
rs28438634,3.2771785285490296e-11
rs28483338,2.1370571978707176e-11
rs28488464,3.2771785285490296e-11
rs10054457,3.2771785285490296e-11
rs10069792,3.4019342898261584e-11
rs10069750,3.2771785285490296e-11
rs149164021,0.006835832064602698
rs75758486,5.180988971176248e-11
rs4643967,5.311084905201824e-11
rs4309980,2.2520085796173817e-10
rs77636815,8.452727406904614e-11
rs56980962,8.980105548062056e-11
rs60068595,7.355749342963236e-11
rs9765572,0.01502007220530266
rs9764095,0.01502007220530266
rs10062760,1.8703150139742775e-11
rs10062844,2.5752955323810056e-11
rs4329026,4.549453514579582e-06
rs10064677,2.56296095457742e-11
rs10064870,2.7907343103095172e-11
rs6869262,6.562861365466688e-12
rs4866909,0.012740022641642867
rs10067171,2.702238433016646e-11
rs10075000,2.76711986657574e-11
rs10067248,1.8703150139742775e-11
rs10067534,2.760003336987893e-11
rs191943443,5.0671856467454646e-06
rs10069029,0.7454676814602182
rs372629192,2.0652368704077162e-11
rs199583561,4.577909257896806e-06
rs10473362,2.732913895187039e-11
rs141042499,2.76711986657574e-11
rs146912027,2.76711986657574e-11
rs367741627,1.9115042881878708e-11
rs75479239,2.4912183427261425e-11
rs28778627,2.76711986657574e-11
rs13179044,4.194655733869013e-11
rs13161452,4.194655733869013e-11
rs13179520,4.194655733869013e-11
rs35257759,2.5832891381583067e-11
rs62368523,5.091761660636074e-06
rs62368524,4.325578836561483e-06
rs10462078,4.2213951488845325e-06
rs7448715,4.2213951488845325e-06
rs4640800,2.6544100251157943e-11
rs7445263,2.6544100251157943e-11
rs4866911,4.182609904535006e-06
rs10035625,2.6544100251157943e-11
rs10038534,2.6544100251157943e-11
rs10059745,0.01182479926201152
rs6885437,2.6544100251157943e-11
rs6890819,2.5605517706139835e-11
rs6890908,2.71176414656793e-11
rs4469202,2.6544100251157943e-11
rs34709098,2.6544100251157943e-11
rs61469554,2.6544100251157943e-11
rs6862655,0.012057017469754627
rs6862704,2.6544100251157943e-11
rs4348227,0.012057017469754627
rs4639238,0.013556980858546397
rs4481354,2.727873482655241e-11
rs4386739,2.727873482655241e-11
rs4392631,5.620117704885352e-06
rs4485935,2.727873482655241e-11
rs4608931,2.727873482655241e-11
rs4401578,2.727873482655241e-11
rs4416611,2.727873482655241e-11
rs10070248,0.0049315114357564305
rs10054541,2.821309852407694e-11
rs10054544,2.821309852407694e-11
rs10054677,2.821309852407694e-11
rs7722103,2.821309852407694e-11
rs7722716,2.958688849474811e-11
rs13358061,1.8827606140803255e-11
rs10941669,2.821309852407694e-11
rs13190202,2.821309852407694e-11
rs10066953,0.01002616717661331
rs10941670,2.899724904636969e-11
rs10941671,2.899724904636969e-11
rs10941672,1.9291346298189183e-11
rs10941674,2.3922419600808098e-11
rs10941675,2.802991172501379e-11
rs34483504,2.8776869775981595e-11
rs10155570,2.7694180282367142e-11
rs55899909,3.0224378555487874e-11
rs12374507,0.015953125712111937
rs55732165,2.802991172501379e-11
rs10067591,2.802991172501379e-11
rs4594863,2.802991172501379e-11
rs6887936,2.802991172501379e-11
rs6892239,0.010812052301068964
rs10045149,3.528632941396381e-11
rs10079849,3.528632941396381e-11
rs10065325,0.009843163323973725
rs10051789,3.528632941396381e-11
rs62368526,2.520400148253721e-06
rs6896819,3.528632941396381e-11
rs10076870,3.528632941396381e-11
rs4573006,0.008601685976922457
rs56101501,3.528632941396381e-11
rs4441882,0.008923238051952387
rs4485936,0.008923238051952387
rs4529201,0.01342654278480171
rs9292910,3.528632941396381e-11
rs34810763,3.528632941396381e-11
rs10079592,3.528632941396381e-11
rs10472397,3.528632941396381e-11
rs13157597,3.315270280523919e-11
rs13157170,3.403377579758171e-11
rs75702879,3.1972091640852796e-11
rs35676482,3.114830615658093e-11
rs4476732,1.917566105902324e-11
rs4643968,6.243561223584493e-12
rs78646388,3.114830615658093e-11
rs55744385,3.114830615658093e-11
rs60055069,2.893285611094143e-11
rs55636639,3.362732314826644e-11
rs9654396,0.013844026480192007
rs4866915,5.108418069665888e-07
rs4279345,2.897215800601316e-11
rs4286685,3.081368493695891e-11
rs34306496,2.777444940704754e-11
rs4866778,0.009229915464371241
rs4866779,3.435322386224904e-06
rs60408016,2.628586237563013e-11
rs4623153,2.0675128276081978e-11
rs4481355,2.73101541381493e-11
rs4419598,3.907940637759566e-11
rs4419599,4.259204100520719e-11
rs12233997,4.2744297008567855e-06
rs112741971,3.780875612591217e-11
rs147267285,3.671973836105735e-11
rs35127643,3.671973836105735e-11
rs147916980,5.609823716667961e-11
rs140608073,5.609823716667961e-11
rs76996079,1.460964682564736e-11
rs4315927,2.236244522890729e-11
rs4426923,3.604705423043697e-11
rs4426924,3.604705423043697e-11
rs11745385,5.5193263087671696e-06
rs34512724,2.3444690633311893e-11
rs6866354,0.01775443106204444
rs11952948,2.4516833083687573e-06
rs4463188,8.69694316563141e-11
rs4479849,9.055967087334693e-11
rs12516900,7.725942108294248e-11
rs36068815,7.836775672842577e-11
rs4321755,7.775224908357359e-11
rs4492118,6.438993782609259e-11
rs6890556,6.388312101535121e-11
rs66996829,1.0470602163081821e-10
rs7735881,7.907008381380365e-11
rs10805685,7.480482899779872e-11
rs10805686,6.778599903611848e-11
rs10941677,8.122547079381093e-11
rs4415084,7.85222997734536e-11
rs7701466,7.194711493241357e-11
rs7720551,7.091249809576539e-11
rs6874055,7.255818168516726e-11
rs6863598,7.376843580431114e-11
rs12514778,9.431821990091294e-11
rs12514783,8.348255420287387e-11
rs4339357,8.268985496329151e-11
rs62368533,4.409062004384623e-11
rs181516187,7.53803686137644e-11
rs145342568,7.570466475925741e-11
rs10941678,8.348255420287387e-11
rs55788307,8.348255420287387e-11
rs34093175,8.268985496329151e-11
rs12655775,9.098544140329068e-11
rs58144701,8.065692558290039e-11
rs6871484,7.950096136966067e-11
rs4419600,9.265777034528355e-11
rs13155752,9.056200234169864e-11
rs56248730,1.0905532032978726e-10
rs6884702,6.537015373453414e-11
rs12187196,6.698253063319726e-11
rs60707950,8.467349044138928e-11
rs12522626,8.697498277143723e-11
rs4571480,7.886047370675442e-11
rs10447145,1.0183109910855137e-10
rs13185555,6.594780277424661e-11
rs6451770,5.3757220896955005e-11
rs12515012,8.979883503457131e-11
rs1898701,9.568412728810927e-11
rs13176502,6.313449762984646e-11
rs2165009,6.211609004935781e-11
rs13156930,7.023515102844158e-11
rs920328,9.513589915854936e-11
rs1821936,8.018707919887902e-11
rs1371027,8.139844354104753e-11
rs10462079,7.586231642875418e-11
rs714130,7.855682770951944e-11
rs2013513,8.212053259626373e-11
rs920329,7.059774986828415e-11
rs13179137,8.049594324432974e-11
rs2218081,6.747491454461851e-11
rs34762678,7.82260922704836e-11
rs10941679,3.276090509984897e-11
rs2165010,6.97452096076745e-11
rs1438825,5.980971273800151e-11
rs6861560,1.4490830757551976e-10
rs16901937,3.1853475412901844e-10
rs2218080,1.155463502655607e-10
rs34871419,4.062494785017634e-11
rs11747159,1.4029299943985052e-10
rs2330572,1.6378265410565973e-10
rs994793,9.899525643675133e-11
rs1438827,1.9059787081943114e-10
rs11949847,1.5900336602925336e-10
rs74724331,3.2460589771687864e-11
rs7712949,7.243416977331663e-11
rs13154781,1.1004053224183963e-10
rs11746980,4.788680563194703e-11
rs7711697,4.199518510716871e-11
rs67274820,4.5791370695269507e-11
rs16901963,4.8910986372163734e-11
rs16901964,4.932299013660213e-11
rs16901965,4.8910986372163734e-11
rs6859157,4.7896908661471116e-11
rs6451772,4.557565436158484e-11
rs7710952,4.557565436158484e-11
rs7710978,4.557565436158484e-11
rs11750119,4.5650039304234724e-11
rs6875933,4.4407366672771786e-11
rs2118763,1.1290524071227992e-11
rs2118764,3.283284755184468e-11
rs1821934,3.6625924515476527e-11
rs7736952,4.4773629248595626e-11
rs2877172,3.648759072660823e-11
rs7737491,2.5584756535579345e-11
rs13185174,6.037736977049235e-11
rs6451774,7.058120754521724e-11
rs727305,6.410805220014026e-11
rs2330619,6.410805220014026e-11
rs727303,1.1552536705039529e-11
rs727304,6.408595876195022e-11
rs13177711,4.840827738661346e-11
rs1438820,4.4225845208245573e-11
rs1438819,6.408595876195022e-11
rs12652026,6.146572140153239e-11
rs10462080,6.285438836073354e-11
rs10462081,6.461275958713486e-11
rs10462082,1.600730659134797e-11
rs6896417,4.2094772112477585e-11
rs13183209,5.4874660371240225e-11
rs6872254,5.5731308457040996e-11
rs969679,5.52505818873783e-11
rs7717459,5.1508242115971825e-11
rs13159598,3.976174944853028e-11
rs10462083,5.3700377478094197e-11
rs3761648,5.7772453487814346e-11
rs3761649,5.720235396466933e-11
rs3761650,5.7772453487814346e-11
rs1866406,5.7772453487814346e-11
rs13174122,5.309719330881535e-11
rs11746506,5.0690007746823085e-11
rs12188871,5.758915566644873e-11
rs11741772,5.1766368969197174e-11
rs7716571,4.443756473904159e-11
rs7720787,4.2120307242043964e-11
rs9637796,5.5221049954923274e-11
rs9637783,5.94436722067826e-11
rs1061310,4.550382293189159e-11
rs2165008,5.264400027016336e-11
rs4457089,5.251121759641819e-11
rs13189120,5.251121759641819e-11
rs930395,1.3026468792531887e-11
rs930394,5.296307836744063e-11
rs7711136,4.05137035031089e-11
rs7730841,4.05137035031089e-11
rs10512865,4.05137035031089e-11
rs12656984,5.565437000143447e-11
rs71610376,5.624167798146118e-11
rs113635282,5.410127901228634e-11
rs7702464,3.882216770279001e-11
rs7703059,5.2741255807120524e-11
rs6867533,4.05137035031089e-11
rs6868232,4.875444492569159e-11
rs12513749,6.195466362157731e-11
rs12518851,6.292633081272925e-11
rs1048758,5.0848880661646945e-11
rs13155698,6.748190894967365e-11
rs13160259,4.8655079964987635e-11
rs10038562,6.062372825965667e-11
rs6896350,6.124245555128027e-11
rs79445997,5.636824340626845e-12
rs1371025,6.124245555128027e-11
rs72756222,8.453238109495942e-12
rs10064434,3.550915117500608e-11
rs10064437,6.124245555128027e-11
rs10072259,5.828937332807982e-11
rs4596389,6.124245555128027e-11
rs6451775,6.11348749401941e-11
rs7380559,4.681155463259756e-11
rs16901989,6.17864648333466e-11
rs2330620,6.124245555128027e-11
rs2083243,6.244094130636313e-11
rs729599,6.729683477146864e-11
rs16901990,6.083200609907635e-11
rs10072025,6.083200609907635e-11
rs1371024,6.124245555128027e-11
rs987394,6.833311694265376e-11
rs1371023,4.5943138182735765e-11
rs7715731,4.364930639155773e-11
rs1371022,6.126088525348905e-11
rs7708213,6.002376373714924e-11
rs7726586,5.91788840154095e-11
rs1898700,2.929134712559289e-11
rs4440370,6.200129298861157e-11
rs4492119,5.5362825435167906e-11
rs4605791,5.624689602967692e-11
rs4604199,6.342071312559483e-11
rs4566804,6.001166230618082e-11
rs930396,3.736233544771039e-11
rs7703497,5.3329118898659544e-11
rs4629607,6.384437423179179e-11
rs6451778,5.181166606860188e-11
rs13362132,4.230427119722435e-11
rs1438821,3.655409308578328e-11
rs1837286,6.497957727447101e-11
rs1438822,6.59365895216979e-11
rs6451781,5.749867248994178e-11
rs4373287,5.99400529210925e-11
rs6871052,5.561995308767109e-11
rs6893319,5.335587527355301e-11
rs10053247,5.590938823019087e-11
rs10057521,5.610489850482736e-11
rs10065638,5.6289972683032374e-11
rs11958451,5.6780802282219156e-11
rs6894324,5.6289972683032374e-11
rs4607355,4.2143288858653705e-11
rs4562047,4.2334469263494157e-11
rs4512137,4.2334469263494157e-11
rs4395640,5.5664139964051174e-11
rs10070037,5.764477783998245e-11
rs4518409,3.5218938876369066e-11
rs9292913,2.669753307316114e-11
rs9292914,5.652311951820366e-11
rs9292915,3.493039191226899e-11
rs10059086,5.490918830730607e-11
rs11951760,5.5140336741033025e-11
rs4329028,3.436961826253082e-11
rs7716600,1.8952617253376047e-11
rs4412123,2.8263613671697385e-11
rs4866783,5.396494362486237e-11
rs4866920,5.680123038587226e-11
rs7705343,4.0155989644574674e-11
rs10040488,5.3736903815604364e-11
rs11948636,5.2862270116804666e-11
rs13157608,5.1304849257860496e-11
rs10069220,5.093026000935197e-11
rs13187933,5.087075205523206e-11
rs13168400,5.3736903815604364e-11
rs74918844,8.159806164087513e-12
rs11948387,5.32777155726194e-11
rs4642377,5.7719051760329876e-11
rs6868779,4.2049697057677804e-11
rs10045264,4.103195561100392e-11
rs13356086,4.4893200268347755e-11
rs10070928,4.6374792894710026e-11
rs4391175,5.928268986821195e-11
rs10044321,5.6590065966588554e-11
rs7718354,6.260103546651408e-11
rs6883465,6.291089871268696e-11
rs34115673,5.966394045486823e-11
rs10035358,6.394895724071148e-11
rs13154729,5.966394045486823e-11
rs200929182,2.4442670110147446e-11
rs4591754,6.280020947713183e-11
rs7356604,6.280020947713183e-11
rs7734331,6.468481306143303e-11
rs57300972,3.086053634859809e-11
rs4129642,5.077327447366997e-11
rs10060878,5.2013171547571346e-11
rs9790879,3.4327873876804915e-11
rs9790896,3.245470558965735e-11
rs9791059,5.210110121112166e-11
rs4457088,5.210110121112166e-11
rs4866784,5.2547965978533284e-11
rs10462084,7.926548306613768e-12
rs10039173,4.996558722325517e-11
rs9791056,5.3653526066455015e-11
rs9791164,5.356248777843575e-11
rs11957920,3.197353493078481e-11
rs10070339,3.353495259261763e-11
rs10060645,5.7448490409228725e-11
rs139904077,6.817102438105849e-12
rs13179835,5.685374393493703e-11
rs6880275,5.695166560570897e-11
rs6870136,6.488676262961235e-11
rs6881563,5.649269940732893e-11
rs34501299,5.639577693727915e-11
rs7703618,5.1689208468985726e-11
rs6895062,6.273104258269768e-11
rs6874167,5.972922156871618e-11
rs10077814,3.933231518260527e-11
rs4866921,6.098088700667859e-11
rs6451783,6.331146717997171e-11
rs7707315,6.26380058932341e-11
rs6871820,6.15696382766373e-11
rs4298259,5.96876992275952e-11
rs7736092,5.721745299780423e-11
rs10941687,5.4814153216398154e-11
rs6451784,5.2393311911203e-11
rs7728431,5.2638005065830384e-11
rs7708506,5.2393311911203e-11
rs7708686,5.382272405540789e-11
rs7708705,5.2393311911203e-11
rs10042455,5.382272405540789e-11
rs10039866,5.382272405540789e-11
rs10043344,1.8879564578355712e-11
rs10038554,5.407574388271996e-11
rs10044096,2.7599811325274004e-11
rs10041518,4.767997108245936e-11
rs13153556,5.212819065292251e-11
rs4360054,1.657680659405969e-10
rs4323241,2.2301349655862168e-10
rs12109710,2.803968168763049e-11
rs10063172,4.7243320366874286e-11
rs10473376,5.924827295444857e-11
rs10473377,5.477951425802985e-11
rs10057341,4.4172554503063566e-11
rs10073945,3.995137554113626e-11
rs4866922,3.11018988341516e-11
rs34325259,5.667766256323148e-11
rs12517690,9.228362518598487e-11
rs6875287,9.544520729320993e-11
rs11958808,1.6256773704981242e-10
rs3935213,3.5667246933712704e-11
rs4627995,5.76150238629225e-11
rs4326150,3.251554581140681e-11
rs61584374,3.579059271174856e-11
rs73752421,3.14807069301537e-11
rs4460145,2.7518098910661593e-11
rs6869488,2.7919444534063587e-11
rs72757850,2.8491653480955392e-11
rs10941690,4.883504711727937e-11
rs6879309,3.8035019578330775e-11
rs72759912,2.817912569952341e-11
rs6866995,3.836653217348385e-11
rs4296810,3.813271920449779e-11
rs112102893,3.2366553881502114e-11
rs10462085,2.4017565714018474e-11
rs111778497,5.2629234303935846e-11
rs6869697,2.1942481165382333e-10
rs6889445,1.5853285351141722e-10
rs72759917,3.7504255256948227e-10
rs62369865,3.583024987818817e-10
rs4590186,2.365561080353018e-10
rs7709661,2.9226154829586903e-10
rs12517629,1.0390410754013146e-10
rs62369866,1.6006806990986888e-10
rs62369867,5.15275599966003e-11
rs200089586,8.615419488933185e-11
rs7707668,6.613387615317379e-11
rs6894974,8.699796438804697e-11
rs4533894,8.480172120073348e-11
rs59468706,7.041434102461608e-11
rs4371761,8.343725710346916e-11
rs76631775,7.084477449126325e-11
rs7731099,5.7773785755443896e-11
rs7701679,6.864875334855469e-11
rs78273393,6.191080981210462e-11
rs4382180,3.237954349089023e-11
rs12522398,1.6802459423814753e-10
rs4502832,1.7656909268026766e-10
rs73752426,6.701628141314586e-11
rs62369894,6.215061798542365e-11
rs12054976,1.4567336226178895e-10
rs62369895,5.996025898014068e-11
rs13183434,5.734857033701246e-12
rs4267876,1.3850254276803753e-11
rs12055286,1.363920087982251e-11
rs12523384,6.4724892112622e-12
rs12523398,1.4102941037208439e-11
rs12520813,1.961697471131174e-11
rs112042289,2.1697199592551897e-11
rs56699889,1.860189779989696e-11
rs62369916,1.3085088568232095e-11
rs10941693,1.467359567186577e-11
rs62369917,9.002354417475544e-12
rs62369918,1.286815098922034e-11
rs78835966,5.361933119729656e-12
rs12520698,1.207201005826164e-11
rs12520151,1.2690959394490164e-11
rs12522803,1.5360490657201353e-11
rs12522822,1.1578404901513295e-11
rs6893494,1.5360490657201353e-11
rs12522305,1.1448064718422302e-11
rs62371360,1.094357937603263e-11
rs62371361,1.0394907157262878e-11
rs62367461,9.921730104167636e-12
rs6898476,1.4355849842218049e-11
rs12520430,9.913736498390335e-12
rs146480192,1.671651705947852e-11
rs62367464,1.561761830970454e-11
rs62367465,1.0749290346723228e-11
rs6876773,1.553956963107339e-11
rs62367466,1.593014609113652e-11
rs12516998,1.6520895762539567e-11
rs12519474,1.4178769269790337e-11
rs112411343,9.694689495631792e-12
rs62367467,9.55335810459701e-12
rs12523157,1.35619293573086e-11
rs7711446,2.1674217975942156e-11
rs7711528,2.240252428009626e-11
rs4357042,1.5820567078606018e-11
rs62367468,1.526989645839194e-11
rs4533895,2.130151610657549e-11
rs4308490,2.130151610657549e-11
rs62367469,1.581357267355088e-11
rs4492120,3.862210551375256e-11
rs4566805,1.7055357126594117e-11
rs4493682,2.0004553569208383e-11
rs75856200,1.63122848562125e-11
rs71616284,4.796829600195451e-12
rs62367470,6.06248384826813e-12
rs12515820,5.8331117713805725e-12
rs12523359,5.830558258423935e-12
rs13176182,5.043632178569624e-12
rs12514414,2.7499225119242965e-11
rs6890289,2.9446334259830564e-11
rs7734497,2.882960536965129e-11
rs62367471,1.7671752949866004e-11
rs10941694,1.6241119560334027e-11
rs12516488,1.8203105689451604e-11
